notice_url,publisher_site,title_from_listing,date_as_shown_in_listing,listing_page_url,selected_for_2025_26,content_adjudication,event_id,entity_role,financial_duplication,completeness_claim
https://peacekeeping.un.org/en/news/unifil-statement-6-november-2025,DPO,UNIFIL statement (6 November 2025),2025-11-06,https://peacekeeping.un.org/en/news?page=13,date_verified,not_read_full_article,not_assigned,not_inferred_from_organizer_keyword,not_estimated,partial_archive_metadata_not_all_field_visits_or_training
https://peacekeeping.un.org/en/news/unifil-statement-14-november-2025,DPO,UNIFIL Statement (14 November 2025),2025-11-14,https://peacekeeping.un.org/en/news?page=12,date_verified,not_read_full_article,not_assigned,not_inferred_from_organizer_keyword,not_estimated,partial_archive_metadata_not_all_field_visits_or_training
https://peacekeeping.un.org/en/news/unifil-statement-16-november-2025,DPO,UNIFIL Statement (16 November 2025),2025-11-16,https://peacekeeping.un.org/en/news?page=12,date_verified,not_read_full_article,not_assigned,not_inferred_from_organizer_keyword,not_estimated,partial_archive_metadata_not_all_field_visits_or_training
https://peacekeeping.un.org/en/news/unifil-statement-5-december-2025,DPO,UNIFIL statement (5 December 2025),2025-12-05,https://peacekeeping.un.org/en/news?page=8,date_verified,not_read_full_article,not_assigned,not_inferred_from_organizer_keyword,not_estimated,partial_archive_metadata_not_all_field_visits_or_training
https://peacekeeping.un.org/en/news/unifil-statement-10-december-2025,DPO,UNIFIL statement (10 December 2025),2025-12-10,https://peacekeeping.un.org/en/news?page=8,date_verified,not_read_full_article,not_assigned,not_inferred_from_organizer_keyword,not_estimated,partial_archive_metadata_not_all_field_visits_or_training
https://peacekeeping.un.org/en/news/unifil-statement-12-december-2025,DPO,UNIFIL statement (12 December 2025),2025-12-12,https://peacekeeping.un.org/en/news?page=8,date_verified,not_read_full_article,not_assigned,not_inferred_from_organizer_keyword,not_estimated,partial_archive_metadata_not_all_field_visits_or_training
https://peacekeeping.un.org/en/news/134889,DPO,"Invest in peace, invest in mine action",not_verified_in_archive_card,https://peacekeeping.un.org/en/news?page=3,date_not_verified_requires_review,not_read_full_article,not_assigned,not_inferred_from_organizer_keyword,not_estimated,partial_archive_metadata_not_all_field_visits_or_training
https://peacekeeping.un.org/en/news/16-days-of-activism-javiera-from-pakistan-on-healing-minds-and-building-bridges,DPO,16 Days of Activism: Javiera from Pakistan on healing minds and building bridges,not_verified_in_archive_card,https://peacekeeping.un.org/en/news?page=11,date_not_verified_requires_review,not_read_full_article,not_assigned,not_inferred_from_organizer_keyword,not_estimated,partial_archive_metadata_not_all_field_visits_or_training
https://peacekeeping.un.org/en/news/5-facts-about-the-future-of-un-peace-operations,DPO,5 Facts about the future of UN peace operations,not_verified_in_archive_card,https://peacekeeping.un.org/en/news?page=0,date_not_verified_requires_review,not_read_full_article,not_assigned,not_inferred_from_organizer_keyword,not_estimated,partial_archive_metadata_not_all_field_visits_or_training
https://peacekeeping.un.org/en/news/5-facts-on-the-un-mission-in-south-sudan,DPO,5 Facts on the UN Mission in South Sudan,not_verified_in_archive_card,https://peacekeeping.un.org/en/news?page=3,date_not_verified_requires_review,not_read_full_article,not_assigned,not_inferred_from_organizer_keyword,not_estimated,partial_archive_metadata_not_all_field_visits_or_training
https://peacekeeping.un.org/en/news/5-ways-un-peacekeeping-supports-womens-access-to-justice-and-their-rights,DPO,5 ways UN peacekeeping supports women's access to justice and their rights,not_verified_in_archive_card,https://peacekeeping.un.org/en/news?page=4,date_not_verified_requires_review,not_read_full_article,not_assigned,not_inferred_from_organizer_keyword,not_estimated,partial_archive_metadata_not_all_field_visits_or_training
https://peacekeeping.un.org/en/news/a-global-photo-exhibition-of-women-rising-for-peace-opens-in-pristina-marking-16,DPO,A Global Photo Exhibition of “Women Rising for Peace” Opens in Pristina Marking 16 Days of Activism Against Gender-Based Violence,not_verified_in_archive_card,https://peacekeeping.un.org/en/news?page=10,date_not_verified_requires_review,not_read_full_article,not_assigned,not_inferred_from_organizer_keyword,not_estimated,partial_archive_metadata_not_all_field_visits_or_training
https://peacekeeping.un.org/en/news/a-local-peace-agreement-brings-harmony-to-car-sudan-border-communities,DPO,A LOCAL PEACE AGREEMENT BRINGS HARMONY TO CAR-SUDAN BORDER COMMUNITIES,not_verified_in_archive_card,https://peacekeeping.un.org/en/news?page=11,date_not_verified_requires_review,not_read_full_article,not_assigned,not_inferred_from_organizer_keyword,not_estimated,partial_archive_metadata_not_all_field_visits_or_training
https://peacekeeping.un.org/en/news/a-peace-that-was-not-enough-new-report-on-lessons-from-the-uns-peacekeeping,DPO,"A peace that was not enough: New report on lessons from the UN’s peacekeeping operation in Mali, MINUSMA",not_verified_in_archive_card,https://peacekeeping.un.org/en/news?page=1,date_not_verified_requires_review,not_read_full_article,not_assigned,not_inferred_from_organizer_keyword,not_estimated,partial_archive_metadata_not_all_field_visits_or_training
https://peacekeeping.un.org/en/news/a-return-to-peace-and-dignity-monuscos-ddrs-section-supports-foreign-ex,DPO,A return to peace and dignity: MONUSCO's DDR&S section supports foreign ex-combatants toward a new beginning,not_verified_in_archive_card,https://peacekeeping.un.org/en/news?page=13,date_not_verified_requires_review,not_read_full_article,not_assigned,not_inferred_from_organizer_keyword,not_estimated,partial_archive_metadata_not_all_field_visits_or_training
https://peacekeeping.un.org/en/news/advancing-inclusion-for-all-marking-the-international-day-of-persons-with,DPO,Advancing Inclusion for All: Marking the International Day of Persons with Disabilities,not_verified_in_archive_card,https://peacekeeping.un.org/en/news?page=9,date_not_verified_requires_review,not_read_full_article,not_assigned,not_inferred_from_organizer_keyword,not_estimated,partial_archive_metadata_not_all_field_visits_or_training
https://peacekeeping.un.org/en/news/at-the-edge-of-war-the-central-african-republics-uneasy-border-with-sudan,DPO,At the edge of war: the Central African Republic's uneasy border with Sudan,not_verified_in_archive_card,https://peacekeeping.un.org/en/news?page=5,date_not_verified_requires_review,not_read_full_article,not_assigned,not_inferred_from_organizer_keyword,not_estimated,partial_archive_metadata_not_all_field_visits_or_training
https://peacekeeping.un.org/en/news/beni-200-people-trained-receive-reintegration-kits-as-part-of-the-muda-wa-amani,DPO,Beni: 200 people trained receive reintegration kits as part of the Muda Wa Amani II project,not_verified_in_archive_card,https://peacekeeping.un.org/en/news?page=7,date_not_verified_requires_review,not_read_full_article,not_assigned,not_inferred_from_organizer_keyword,not_estimated,partial_archive_metadata_not_all_field_visits_or_training
https://peacekeeping.un.org/en/news/beni-civil-protection-now-has-a-new-headquarters-thanks-to-monusco,DPO,Beni: Civil Protection now has a new headquarters thanks to MONUSCO,not_verified_in_archive_card,https://peacekeeping.un.org/en/news?page=9,date_not_verified_requires_review,not_read_full_article,not_assigned,not_inferred_from_organizer_keyword,not_estimated,partial_archive_metadata_not_all_field_visits_or_training
https://peacekeeping.un.org/en/news/beni-monusco-rehabilitates-the-garrison-military-court,DPO,Beni: MONUSCO rehabilitates the garrison military court,not_verified_in_archive_card,https://peacekeeping.un.org/en/news?page=13,date_not_verified_requires_review,not_read_full_article,not_assigned,not_inferred_from_organizer_keyword,not_estimated,partial_archive_metadata_not_all_field_visits_or_training
https://peacekeeping.un.org/en/news/breaking-barriers-grace-in-jonglei-fights-gender-and-disability-discrimination,DPO,Breaking barriers: Grace in Jonglei fights gender and disability discrimination,not_verified_in_archive_card,https://peacekeeping.un.org/en/news?page=12,date_not_verified_requires_review,not_read_full_article,not_assigned,not_inferred_from_organizer_keyword,not_estimated,partial_archive_metadata_not_all_field_visits_or_training
https://peacekeeping.un.org/en/news/building-bridges-for-peace-newly-rebuild-banton-bridge-reconnects-abyei,DPO,Building Bridges for Peace: Newly Rebuild Banton Bridge Reconnects Abyei Communities,not_verified_in_archive_card,https://peacekeeping.un.org/en/news?page=12,date_not_verified_requires_review,not_read_full_article,not_assigned,not_inferred_from_organizer_keyword,not_estimated,partial_archive_metadata_not_all_field_visits_or_training
https://peacekeeping.un.org/en/news/bunia-operations-coordination-center-two-years-later-a-pillar-against-insecurity,DPO,"Bunia: Operations coordination center, two years later, a pillar against insecurity",not_verified_in_archive_card,https://peacekeeping.un.org/en/news?page=10,date_not_verified_requires_review,not_read_full_article,not_assigned,not_inferred_from_organizer_keyword,not_estimated,partial_archive_metadata_not_all_field_visits_or_training
https://peacekeeping.un.org/en/news/captain-negasa-in-bor-has-no-regrets-every-challenge-is-worthwhile,DPO,Captain Negasa in Bor has no regrets: “Every challenge is worthwhile”,not_verified_in_archive_card,https://peacekeeping.un.org/en/news?page=11,date_not_verified_requires_review,not_read_full_article,not_assigned,not_inferred_from_organizer_keyword,not_estimated,partial_archive_metadata_not_all_field_visits_or_training
https://peacekeeping.un.org/en/news/combating-sexual-violence-in-north-kivu-and-ituri-mobilization-adapted-to-new,DPO,"Combating sexual violence: In North Kivu and Ituri, mobilization adapted to new risks",not_verified_in_archive_card,https://peacekeeping.un.org/en/news?page=10,date_not_verified_requires_review,not_read_full_article,not_assigned,not_inferred_from_organizer_keyword,not_estimated,partial_archive_metadata_not_all_field_visits_or_training
https://peacekeeping.un.org/en/news/commissioners-forum-inspires-hope-for-intercommunal-peace-in-greater-pibor,DPO,Commissioners’ forum inspires hope for intercommunal peace in Greater Pibor,not_verified_in_archive_card,https://peacekeeping.un.org/en/news?page=11,date_not_verified_requires_review,not_read_full_article,not_assigned,not_inferred_from_organizer_keyword,not_estimated,partial_archive_metadata_not_all_field_visits_or_training
https://peacekeeping.un.org/en/news/conflict-update-security-council-extends-peacekeeping-mission-in-abyei-in-face-of,DPO,Conflict update: Security Council extends peacekeeping mission in Abyei in face of stalled peace efforts,not_verified_in_archive_card,https://peacekeeping.un.org/en/news?page=8,date_not_verified_requires_review,not_read_full_article,not_assigned,not_inferred_from_organizer_keyword,not_estimated,partial_archive_metadata_not_all_field_visits_or_training
https://peacekeeping.un.org/en/news/dialogue-on-the-protection-of-children-prepares-tonj-residents-for-disarmament,DPO,Dialogue on the protection of children prepares Tonj residents for disarmament campaign,not_verified_in_archive_card,https://peacekeeping.un.org/en/news?page=12,date_not_verified_requires_review,not_read_full_article,not_assigned,not_inferred_from_organizer_keyword,not_estimated,partial_archive_metadata_not_all_field_visits_or_training
https://peacekeeping.un.org/en/news/dr-congo-violence-intensifies-as-un-mission-pledges-continued-support,DPO,DR Congo: violence intensifies as UN mission pledges continued support,not_verified_in_archive_card,https://peacekeeping.un.org/en/news?page=4,date_not_verified_requires_review,not_read_full_article,not_assigned,not_inferred_from_organizer_keyword,not_estimated,partial_archive_metadata_not_all_field_visits_or_training
https://peacekeeping.un.org/en/news/dsrsg-oic-unmik-shin-receives-newly-appointed-dcom-kfor-brigadier-general-collina,DPO,DSRSG & OiC UNMIK Shin receives newly appointed DCOM KFOR Brigadier General Collina,not_verified_in_archive_card,https://peacekeeping.un.org/en/news?page=7,date_not_verified_requires_review,not_read_full_article,not_assigned,not_inferred_from_organizer_keyword,not_estimated,partial_archive_metadata_not_all_field_visits_or_training
https://peacekeeping.un.org/en/news/empowering-women-in-southern-lebanon-how-major-abhilasha-barak-is-advancing-peace,DPO,Empowering women in southern Lebanon: How Major Abhilasha Barak is advancing peace and security,not_verified_in_archive_card,https://peacekeeping.un.org/en/news?page=2,date_not_verified_requires_review,not_read_full_article,not_assigned,not_inferred_from_organizer_keyword,not_estimated,partial_archive_metadata_not_all_field_visits_or_training
https://peacekeeping.un.org/en/news/facing-disinformation-communities-in-north-kivu-mobilize-to-protect-civilians,DPO,"Facing disinformation, communities in North Kivu mobilize to protect civilians",not_verified_in_archive_card,https://peacekeeping.un.org/en/news?page=7,date_not_verified_requires_review,not_read_full_article,not_assigned,not_inferred_from_organizer_keyword,not_estimated,partial_archive_metadata_not_all_field_visits_or_training
https://peacekeeping.un.org/en/news/fight-against-disinformation-in-beni-a-monusco-project-relaunches-the-fardc-radio,DPO,"Fight against disinformation: in Beni, a MONUSCO project relaunches the FARDC Radio",not_verified_in_archive_card,https://peacekeeping.un.org/en/news?page=6,date_not_verified_requires_review,not_read_full_article,not_assigned,not_inferred_from_organizer_keyword,not_estimated,partial_archive_metadata_not_all_field_visits_or_training
https://peacekeeping.un.org/en/news/fighting-sexual-and-digital-violence-in-ituri-progress-but-persistent-challenges,DPO,"Fighting sexual and digital violence in Ituri: progress, but persistent challenges",not_verified_in_archive_card,https://peacekeeping.un.org/en/news?page=7,date_not_verified_requires_review,not_read_full_article,not_assigned,not_inferred_from_organizer_keyword,not_estimated,partial_archive_metadata_not_all_field_visits_or_training
https://peacekeeping.un.org/en/news/ghanbatt-boosts-security-and-delivers-humanitarian-assistance-in-sector-south,DPO,GHANBATT boosts security and delivers humanitarian assistance in Sector South,not_verified_in_archive_card,https://peacekeeping.un.org/en/news?page=10,date_not_verified_requires_review,not_read_full_article,not_assigned,not_inferred_from_organizer_keyword,not_estimated,partial_archive_metadata_not_all_field_visits_or_training
https://peacekeeping.un.org/en/news/goma-monusco-and-its-partners-celebrate-world-childrens-day-under-the-theme-my,DPO,"Goma: MONUSCO and its partners celebrate World Children's Day under the theme ""My Day, My Rights""",not_verified_in_archive_card,https://peacekeeping.un.org/en/news?page=11,date_not_verified_requires_review,not_read_full_article,not_assigned,not_inferred_from_organizer_keyword,not_estimated,partial_archive_metadata_not_all_field_visits_or_training
https://peacekeeping.un.org/en/news/hope-purpose-belief-learning-skills-changes-lives-in-yei-prison,DPO,"Hope, purpose, belief: Learning skills changes lives in Yei prison",not_verified_in_archive_card,https://peacekeeping.un.org/en/news?page=11,date_not_verified_requires_review,not_read_full_article,not_assigned,not_inferred_from_organizer_keyword,not_estimated,partial_archive_metadata_not_all_field_visits_or_training
https://peacekeeping.un.org/en/news/how-un-police-officer-stephanie-konigs-helped-strengthen-civilian-protection-in,DPO,How UN Police Officer Stephanie Königs helped strengthen civilian protection in South Sudan,not_verified_in_archive_card,https://peacekeeping.un.org/en/news?page=2,date_not_verified_requires_review,not_read_full_article,not_assigned,not_inferred_from_organizer_keyword,not_estimated,partial_archive_metadata_not_all_field_visits_or_training
https://peacekeeping.un.org/en/news/human-rights-our-everyday-essentials,DPO,"Human Rights, our Everyday Essentials",not_verified_in_archive_card,https://peacekeeping.un.org/en/news?page=8,date_not_verified_requires_review,not_read_full_article,not_assigned,not_inferred_from_organizer_keyword,not_estimated,partial_archive_metadata_not_all_field_visits_or_training
https://peacekeeping.un.org/en/news/human-rights-the-foundation-of-everyday-life,DPO,Human Rights: The Foundation of Everyday Life,not_verified_in_archive_card,https://peacekeeping.un.org/en/news?page=8,date_not_verified_requires_review,not_read_full_article,not_assigned,not_inferred_from_organizer_keyword,not_estimated,partial_archive_metadata_not_all_field_visits_or_training
https://peacekeeping.un.org/en/news/in-beirut-guterres-demands-end-to-middle-east-war-and-pays-tribute-to-injured,DPO,"In Beirut, Guterres demands end to Middle East war and pays tribute to injured peacekeepers",not_verified_in_archive_card,https://peacekeeping.un.org/en/news?page=4,date_not_verified_requires_review,not_read_full_article,not_assigned,not_inferred_from_organizer_keyword,not_estimated,partial_archive_metadata_not_all_field_visits_or_training
https://peacekeeping.un.org/en/news/in-ituri-monusco-and-its-partners-intensify-the-fight-against-sexual-violence,DPO,"In Ituri, MONUSCO and its partners intensify the fight against sexual violence",not_verified_in_archive_card,https://peacekeeping.un.org/en/news?page=8,date_not_verified_requires_review,not_read_full_article,not_assigned,not_inferred_from_organizer_keyword,not_estimated,partial_archive_metadata_not_all_field_visits_or_training
https://peacekeeping.un.org/en/news/in-ituri-monusco-finances-the-construction-of-a-fish-and-livestock-feed-factory,DPO,"In Ituri, MONUSCO finances the construction of a fish and livestock feed factory in Tchomia to strengthen living together and social cohesion",not_verified_in_archive_card,https://peacekeeping.un.org/en/news?page=9,date_not_verified_requires_review,not_read_full_article,not_assigned,not_inferred_from_organizer_keyword,not_estimated,partial_archive_metadata_not_all_field_visits_or_training
https://peacekeeping.un.org/en/news/in-tchomia-a-new-project-paves-the-way-for-reintegration-of-ex-combatants-in,DPO,"In Tchomia, a new project paves the way for reintegration of ex-combatants in Ituri",not_verified_in_archive_card,https://peacekeeping.un.org/en/news?page=8,date_not_verified_requires_review,not_read_full_article,not_assigned,not_inferred_from_organizer_keyword,not_estimated,partial_archive_metadata_not_all_field_visits_or_training
https://peacekeeping.un.org/en/news/in-upper-nile-land-clearances-supported-by-the-un-family-create-hope-for-a-better,DPO,"In Upper Nile, land clearances supported by the UN family create hope for a better future",not_verified_in_archive_card,https://peacekeeping.un.org/en/news?page=13,date_not_verified_requires_review,not_read_full_article,not_assigned,not_inferred_from_organizer_keyword,not_estimated,partial_archive_metadata_not_all_field_visits_or_training
https://peacekeeping.un.org/en/news/indbatt-strengthens-community-resilience-initiatives-in-abyei,DPO,INDBATT strengthens community resilience initiatives in Abyei,not_verified_in_archive_card,https://peacekeeping.un.org/en/news?page=10,date_not_verified_requires_review,not_read_full_article,not_assigned,not_inferred_from_organizer_keyword,not_estimated,partial_archive_metadata_not_all_field_visits_or_training
https://peacekeeping.un.org/en/news/information-note-mobile-court-in-maban-concludes,DPO,Information Note - Mobile court in Maban concludes,not_verified_in_archive_card,https://peacekeeping.un.org/en/news?page=12,date_not_verified_requires_review,not_read_full_article,not_assigned,not_inferred_from_organizer_keyword,not_estimated,partial_archive_metadata_not_all_field_visits_or_training
https://peacekeeping.un.org/en/news/information-note-mobile-court-in-maban-concludes-with-decisions-on-28-serious,DPO,Information Note - Mobile court in Maban concludes with decisions on 28 serious criminal cases,not_verified_in_archive_card,https://peacekeeping.un.org/en/news?page=12,date_not_verified_requires_review,not_read_full_article,not_assigned,not_inferred_from_organizer_keyword,not_estimated,partial_archive_metadata_not_all_field_visits_or_training
https://peacekeeping.un.org/en/news/information-note-mobile-court-in-yei-begins-proceedings-tomorrow,DPO,Information Note: Mobile court in Yei begins proceedings tomorrow,not_verified_in_archive_card,https://peacekeeping.un.org/en/news?page=9,date_not_verified_requires_review,not_read_full_article,not_assigned,not_inferred_from_organizer_keyword,not_estimated,partial_archive_metadata_not_all_field_visits_or_training
https://peacekeeping.un.org/en/news/international-day-of-un-peacekeepers-highlights-the-urgent-need-to-invest-in-peace,DPO,International Day of UN Peacekeepers highlights the urgent need to invest in peace,not_verified_in_archive_card,https://peacekeeping.un.org/en/news?page=3,date_not_verified_requires_review,not_read_full_article,not_assigned,not_inferred_from_organizer_keyword,not_estimated,partial_archive_metadata_not_all_field_visits_or_training
https://peacekeeping.un.org/en/news/ituri-180-fardc-soldiers-complete-forest-combat-training-with-monusco,DPO,Ituri: 180 FARDC soldiers complete forest combat training with MONUSCO,not_verified_in_archive_card,https://peacekeeping.un.org/en/news?page=6,date_not_verified_requires_review,not_read_full_article,not_assigned,not_inferred_from_organizer_keyword,not_estimated,partial_archive_metadata_not_all_field_visits_or_training
https://peacekeeping.un.org/en/news/ituri-a-new-building-handed-over-to-the-bar-association-to-strengthen-access-to,DPO,Ituri: a new building handed over to the bar association to strengthen access to justice,not_verified_in_archive_card,https://peacekeeping.un.org/en/news?page=11,date_not_verified_requires_review,not_read_full_article,not_assigned,not_inferred_from_organizer_keyword,not_estimated,partial_archive_metadata_not_all_field_visits_or_training
https://peacekeeping.un.org/en/news/ituri-after-weeks-of-tensions-authorities-and-monusco-facilitate-dialogue-between,DPO,"Ituri: After weeks of tensions, authorities and MONUSCO facilitate dialogue between communities in Djugu",not_verified_in_archive_card,https://peacekeeping.un.org/en/news?page=5,date_not_verified_requires_review,not_read_full_article,not_assigned,not_inferred_from_organizer_keyword,not_estimated,partial_archive_metadata_not_all_field_visits_or_training
https://peacekeeping.un.org/en/news/ituri-displaced-persons-and-fardc-commend-nepalese-blue-helmets-action-for,DPO,Ituri: Displaced persons and FARDC commend Nepalese Blue Helmets' action for civilian protection,not_verified_in_archive_card,https://peacekeeping.un.org/en/news?page=7,date_not_verified_requires_review,not_read_full_article,not_assigned,not_inferred_from_organizer_keyword,not_estimated,partial_archive_metadata_not_all_field_visits_or_training
https://peacekeeping.un.org/en/news/ituri-monusco-and-its-partners-want-to-strengthen-the-fight-against-impunity-for,DPO,Ituri: MONUSCO and its partners want to strengthen the fight against impunity for serious crimes,not_verified_in_archive_card,https://peacekeeping.un.org/en/news?page=6,date_not_verified_requires_review,not_read_full_article,not_assigned,not_inferred_from_organizer_keyword,not_estimated,partial_archive_metadata_not_all_field_visits_or_training
https://peacekeeping.un.org/en/news/ituri-monusco-rehabilitates-bunias-only-basketball-court-now-inclusive-for-people,DPO,"Ituri: MONUSCO rehabilitates Bunia's only basketball court, now inclusive for people with disabilities",not_verified_in_archive_card,https://peacekeeping.un.org/en/news?page=9,date_not_verified_requires_review,not_read_full_article,not_assigned,not_inferred_from_organizer_keyword,not_estimated,partial_archive_metadata_not_all_field_visits_or_training
https://peacekeeping.un.org/en/news/ituri-over-200-congolese-soldiers-trained-by-monusco-to-better-protect-civilians,DPO,Ituri: over 200 congolese soldiers trained by MONUSCO to better protect civilians,not_verified_in_archive_card,https://peacekeeping.un.org/en/news?page=13,date_not_verified_requires_review,not_read_full_article,not_assigned,not_inferred_from_organizer_keyword,not_estimated,partial_archive_metadata_not_all_field_visits_or_training
https://peacekeeping.un.org/en/news/justice-at-last-when-mobile-court-completes-operations-in-maban-county,DPO,Justice at last when mobile court completes operations in Maban County,not_verified_in_archive_card,https://peacekeeping.un.org/en/news?page=12,date_not_verified_requires_review,not_read_full_article,not_assigned,not_inferred_from_organizer_keyword,not_estimated,partial_archive_metadata_not_all_field_visits_or_training
https://peacekeeping.un.org/en/news/justice-on-the-move-mobile-courts-offer-hope-for-communities-in-south-sudan,DPO,Justice on the move: Mobile courts offer hope for communities in South Sudan,not_verified_in_archive_card,https://peacekeeping.un.org/en/news?page=4,date_not_verified_requires_review,not_read_full_article,not_assigned,not_inferred_from_organizer_keyword,not_estimated,partial_archive_metadata_not_all_field_visits_or_training
https://peacekeeping.un.org/en/news/keep-the-blue-helmets-ready-they-are-needed-more-than-ever,DPO,Keep the Blue Helmets ready — They are needed more than ever,not_verified_in_archive_card,https://peacekeeping.un.org/en/news?page=0,date_not_verified_requires_review,not_read_full_article,not_assigned,not_inferred_from_organizer_keyword,not_estimated,partial_archive_metadata_not_all_field_visits_or_training
https://peacekeeping.un.org/en/news/kosovo-mission-head-warns-mistrust-threatens-post-election-stability,DPO,Kosovo mission head warns ‘mistrust’ threatens post-election stability,not_verified_in_archive_card,https://peacekeeping.un.org/en/news?page=3,date_not_verified_requires_review,not_read_full_article,not_assigned,not_inferred_from_organizer_keyword,not_estimated,partial_archive_metadata_not_all_field_visits_or_training
https://peacekeeping.un.org/en/news/lebanon-dragged-back-into-turmoil-un-envoy-warns,DPO,"Lebanon ‘dragged back into turmoil’, UN envoy warns",not_verified_in_archive_card,https://peacekeeping.un.org/en/news?page=4,date_not_verified_requires_review,not_read_full_article,not_assigned,not_inferred_from_organizer_keyword,not_estimated,partial_archive_metadata_not_all_field_visits_or_training
https://peacekeeping.un.org/en/news/lebanon-peacekeepers-concerned-over-ceasefire-violations-on-all-sides,DPO,Lebanon: Peacekeepers concerned over ceasefire violations on all sides,not_verified_in_archive_card,https://peacekeeping.un.org/en/news?page=4,date_not_verified_requires_review,not_read_full_article,not_assigned,not_inferred_from_organizer_keyword,not_estimated,partial_archive_metadata_not_all_field_visits_or_training
https://peacekeeping.un.org/en/news/listen-protect-alert-bintou-keitas-field-diplomacy-at-the-helm-of-a-transitioning,DPO,"Listen, Protect, Alert: Bintou Keita's field diplomacy at the helm of a transitioning MONUSCO",not_verified_in_archive_card,https://peacekeeping.un.org/en/news?page=10,date_not_verified_requires_review,not_read_full_article,not_assigned,not_inferred_from_organizer_keyword,not_estimated,partial_archive_metadata_not_all_field_visits_or_training
https://peacekeeping.un.org/en/news/minusca-condemns-attack-against-peacekeepers-in-haut-mbomou,DPO,MINUSCA condemns attack against peacekeepers in Haut-Mbomou,not_verified_in_archive_card,https://peacekeeping.un.org/en/news?page=7,date_not_verified_requires_review,not_read_full_article,not_assigned,not_inferred_from_organizer_keyword,not_estimated,partial_archive_metadata_not_all_field_visits_or_training
https://peacekeeping.un.org/en/news/mohan-subramanian-peacekeeping-has-been-tested-and-each-time-it-has-adapted-and,DPO,"Mohan Subramanian: “Peacekeeping has been tested, and each time, it has adapted and emerged stronger”",not_verified_in_archive_card,https://peacekeeping.un.org/en/news?page=1,date_not_verified_requires_review,not_read_full_article,not_assigned,not_inferred_from_organizer_keyword,not_estimated,partial_archive_metadata_not_all_field_visits_or_training
https://peacekeeping.un.org/en/news/mongolia-in-the-spotlight-global-leadership-on-display-at-climate-conference-and,DPO,Mongolia in the spotlight: Global leadership on display at climate conference and in UN Peacekeeping,not_verified_in_archive_card,https://peacekeeping.un.org/en/news?page=0,date_not_verified_requires_review,not_read_full_article,not_assigned,not_inferred_from_organizer_keyword,not_estimated,partial_archive_metadata_not_all_field_visits_or_training
https://peacekeeping.un.org/en/news/monusco-provides-protection-to-civilians-fleeing-violence-in-ituri,DPO,MONUSCO provides protection to civilians fleeing violence in Ituri,not_verified_in_archive_card,https://peacekeeping.un.org/en/news?page=0,date_not_verified_requires_review,not_read_full_article,not_assigned,not_inferred_from_organizer_keyword,not_estimated,partial_archive_metadata_not_all_field_visits_or_training
https://peacekeeping.un.org/en/news/monusco-supports-community-organizations-in-the-pursuit-of-peace,DPO,MONUSCO supports community organizations in the pursuit of peace,not_verified_in_archive_card,https://peacekeeping.un.org/en/news?page=11,date_not_verified_requires_review,not_read_full_article,not_assigned,not_inferred_from_organizer_keyword,not_estimated,partial_archive_metadata_not_all_field_visits_or_training
https://peacekeeping.un.org/en/news/monusco-supports-ebola-response-efforts-in-dr-congo-with-airlift-of-emergency,DPO,MONUSCO supports Ebola response efforts in DR Congo with airlift of emergency medical supplies,not_verified_in_archive_card,https://peacekeeping.un.org/en/news?page=3,date_not_verified_requires_review,not_read_full_article,not_assigned,not_inferred_from_organizer_keyword,not_estimated,partial_archive_metadata_not_all_field_visits_or_training
https://peacekeeping.un.org/en/news/more-than-80-inmates-released-from-prison-following-conclusion-of-mobile-court-in,DPO,More than 80 inmates released from prison following conclusion of mobile court in Bor,not_verified_in_archive_card,https://peacekeeping.un.org/en/news?page=9,date_not_verified_requires_review,not_read_full_article,not_assigned,not_inferred_from_organizer_keyword,not_estimated,partial_archive_metadata_not_all_field_visits_or_training
https://peacekeeping.un.org/en/news/ngok-dinka-and-misseriya-communities-renew-pledge-to-prevent-conflict-at-pre,DPO,Ngok Dinka and Misseriya communities renew pledge to prevent conflict at pre-migration conference,not_verified_in_archive_card,https://peacekeeping.un.org/en/news?page=10,date_not_verified_requires_review,not_read_full_article,not_assigned,not_inferred_from_organizer_keyword,not_estimated,partial_archive_metadata_not_all_field_visits_or_training
https://peacekeeping.un.org/en/news/north-kivu-beni-adopts-its-first-local-security-plan-with-monusco-support,DPO,North Kivu: Beni adopts its first Local Security Plan with MONUSCO support,not_verified_in_archive_card,https://peacekeeping.un.org/en/news?page=6,date_not_verified_requires_review,not_read_full_article,not_assigned,not_inferred_from_organizer_keyword,not_estimated,partial_archive_metadata_not_all_field_visits_or_training
https://peacekeeping.un.org/en/news/north-kivu-provincial-assembly-receives-material-support-from-monusco-to,DPO,North Kivu: Provincial Assembly receives material support from MONUSCO to strengthen its functioning,not_verified_in_archive_card,https://peacekeeping.un.org/en/news?page=6,date_not_verified_requires_review,not_read_full_article,not_assigned,not_inferred_from_organizer_keyword,not_estimated,partial_archive_metadata_not_all_field_visits_or_training
https://peacekeeping.un.org/en/news/note-to-the-media-departure-of-ms-bintou-keita-special-representative-of-the,DPO,"Note to the media: Departure of Ms. Bintou Keita, Special Representative of the Secretary-General and Head of MONUSCO",not_verified_in_archive_card,https://peacekeeping.un.org/en/news?page=9,date_not_verified_requires_review,not_read_full_article,not_assigned,not_inferred_from_organizer_keyword,not_estimated,partial_archive_metadata_not_all_field_visits_or_training
https://peacekeeping.un.org/en/news/one-year-since-the-cessation-of-hostilities-agreement,DPO,One-year since the Cessation of Hostilities agreement,not_verified_in_archive_card,https://peacekeeping.un.org/en/news?page=8,date_not_verified_requires_review,not_read_full_article,not_assigned,not_inferred_from_organizer_keyword,not_estimated,partial_archive_metadata_not_all_field_visits_or_training
https://peacekeeping.un.org/en/news/pathways-to-peace-liberias-journey-towards-stability,DPO,Pathways to peace: Liberia’s journey towards stability,not_verified_in_archive_card,https://peacekeeping.un.org/en/news?page=1,date_not_verified_requires_review,not_read_full_article,not_assigned,not_inferred_from_organizer_keyword,not_estimated,partial_archive_metadata_not_all_field_visits_or_training
https://peacekeeping.un.org/en/news/pr-monusco-condemns-adf-attacks-in-lubero-territory-that-killed-89-civilians-and,DPO,PR: MONUSCO condemns ADF attacks in Lubero Territory that killed 89 civilians and reaffirms protection of civilians as an absolute priority,not_verified_in_archive_card,https://peacekeeping.un.org/en/news?page=11,date_not_verified_requires_review,not_read_full_article,not_assigned,not_inferred_from_organizer_keyword,not_estimated,partial_archive_metadata_not_all_field_visits_or_training
https://peacekeeping.un.org/en/news/press-statement-by-the-un-spokesperson-in-cyprus,DPO,Press statement by the UN Spokesperson in Cyprus,not_verified_in_archive_card,https://peacekeeping.un.org/en/news?page=12,date_not_verified_requires_review,not_read_full_article,not_assigned,not_inferred_from_organizer_keyword,not_estimated,partial_archive_metadata_not_all_field_visits_or_training
https://peacekeeping.un.org/en/news/prmonusco-welcomes-the-formal-endorsement-of-the-peace-agreement-and-the-regional,DPO,PR:MONUSCO welcomes the formal endorsement of the Peace Agreement and the Regional Economic Integration Framework between the Democratic Republic of the Congo and Rwanda,not_verified_in_archive_card,https://peacekeeping.un.org/en/news?page=8,date_not_verified_requires_review,not_read_full_article,not_assigned,not_inferred_from_organizer_keyword,not_estimated,partial_archive_metadata_not_all_field_visits_or_training
https://peacekeeping.un.org/en/news/rdc-lonu-salue-des-progres-lors-de-pourparlers-entre-le-gouvernement-congolais-et,DPO,UN welcomes humanitarian access deal in DR Congo,not_verified_in_archive_card,https://peacekeeping.un.org/en/news?page=3,date_not_verified_requires_review,not_read_full_article,not_assigned,not_inferred_from_organizer_keyword,not_estimated,partial_archive_metadata_not_all_field_visits_or_training
https://peacekeeping.un.org/en/news/secretary-general-appoints-mr-peter-n-due-of-denmark-as-special-representative,DPO,"Secretary-General appoints Mr. Peter N. Due of Denmark as Special Representative, Head of the United Nations Interim Administration Mission in Kosovo",not_verified_in_archive_card,https://peacekeeping.un.org/en/news?page=13,date_not_verified_requires_review,not_read_full_article,not_assigned,not_inferred_from_organizer_keyword,not_estimated,partial_archive_metadata_not_all_field_visits_or_training
https://peacekeeping.un.org/en/news/seeds-of-mistrust-how-language-in-kosovos-media-fuels-division,DPO,Seeds of Mistrust: How Language in Kosovo’s Media Fuels Division,not_verified_in_archive_card,https://peacekeeping.un.org/en/news?page=10,date_not_verified_requires_review,not_read_full_article,not_assigned,not_inferred_from_organizer_keyword,not_estimated,partial_archive_metadata_not_all_field_visits_or_training
https://peacekeeping.un.org/en/news/service-and-sacrifice-honouring-26-years-since-kosovos-worst-aviation-disaster,DPO,Service and Sacrifice: Honouring 26 years since Kosovo's worst aviation disaster,not_verified_in_archive_card,https://peacekeeping.un.org/en/news?page=12,date_not_verified_requires_review,not_read_full_article,not_assigned,not_inferred_from_organizer_keyword,not_estimated,partial_archive_metadata_not_all_field_visits_or_training
https://peacekeeping.un.org/en/news/south-sudan-floods-conflict-and-finding-higher-ground,DPO,"South Sudan: Floods, conflict, and finding higher ground",not_verified_in_archive_card,https://peacekeeping.un.org/en/news?page=3,date_not_verified_requires_review,not_read_full_article,not_assigned,not_inferred_from_organizer_keyword,not_estimated,partial_archive_metadata_not_all_field_visits_or_training
https://peacekeeping.un.org/en/news/south-sudan-police-officer-turns-unmiss-training-into-real-results-for-victims-of,DPO,South Sudan police officer turns UNMISS training into real results for victims of crimes in Bor,not_verified_in_archive_card,https://peacekeeping.un.org/en/news?page=9,date_not_verified_requires_review,not_read_full_article,not_assigned,not_inferred_from_organizer_keyword,not_estimated,partial_archive_metadata_not_all_field_visits_or_training
https://peacekeeping.un.org/en/news/south-sudan-un-mission-condemns-killing-of-a-staff-member-in-wau-calls-for-a,DPO,"South Sudan: UN Mission condemns killing of a staff member in Wau, calls for a swift investigation",not_verified_in_archive_card,https://peacekeeping.un.org/en/news?page=6,date_not_verified_requires_review,not_read_full_article,not_assigned,not_inferred_from_organizer_keyword,not_estimated,partial_archive_metadata_not_all_field_visits_or_training
https://peacekeeping.un.org/en/news/south-sudanese-returnees-face-uncertain-future-as-regional-conflict-continues,DPO,"South Sudanese returnees face uncertain future, as regional conflict continues",not_verified_in_archive_card,https://peacekeeping.un.org/en/news?page=13,date_not_verified_requires_review,not_read_full_article,not_assigned,not_inferred_from_organizer_keyword,not_estimated,partial_archive_metadata_not_all_field_visits_or_training
https://peacekeeping.un.org/en/news/specialized-body-armor-enhances-safety-and-operational-effectiveness-of-women,DPO,Specialized body armor enhances safety and operational effectiveness of women peacekeepers,not_verified_in_archive_card,https://peacekeeping.un.org/en/news?page=3,date_not_verified_requires_review,not_read_full_article,not_assigned,not_inferred_from_organizer_keyword,not_estimated,partial_archive_metadata_not_all_field_visits_or_training
https://peacekeeping.un.org/en/news/stakes-rise-for-south-sudan-whats-happening-and-why-it-matters,DPO,"Stakes rise for South Sudan: What’s happening, and why it matters",not_verified_in_archive_card,https://peacekeeping.un.org/en/news?page=13,date_not_verified_requires_review,not_read_full_article,not_assigned,not_inferred_from_organizer_keyword,not_estimated,partial_archive_metadata_not_all_field_visits_or_training
https://peacekeeping.un.org/en/news/statement-of-the-secretary-general-on-the-drone-attacks-targeting-the-unisfa,DPO,"Statement of the Secretary-General on the drone attacks targeting the UNISFA logistics base in Kadugli, South Kordofan, Sudan",not_verified_in_archive_card,https://peacekeeping.un.org/en/news?page=7,date_not_verified_requires_review,not_read_full_article,not_assigned,not_inferred_from_organizer_keyword,not_estimated,partial_archive_metadata_not_all_field_visits_or_training
https://peacekeeping.un.org/en/news/students-call-for-an-end-to-war-and-realization-of-their-rights-as-future-leaders,DPO,Students call for an end to war and realization of their rights as future leaders on World Children’s Day,not_verified_in_archive_card,https://peacekeeping.un.org/en/news?page=11,date_not_verified_requires_review,not_read_full_article,not_assigned,not_inferred_from_organizer_keyword,not_estimated,partial_archive_metadata_not_all_field_visits_or_training
https://peacekeeping.un.org/en/news/supporting-women-strengthening-access-unmik-donates-vehicle-to-novo-brdonovoberde,DPO,"Supporting Women, Strengthening Access: UNMIK donates vehicle to Novo Brdo/Novobërdë shelter",not_verified_in_archive_card,https://peacekeeping.un.org/en/news?page=11,date_not_verified_requires_review,not_read_full_article,not_assigned,not_inferred_from_organizer_keyword,not_estimated,partial_archive_metadata_not_all_field_visits_or_training
https://peacekeeping.un.org/en/news/temporary-operating-bases-a-lifeline-for-un-peacekeeping,DPO,TEMPORARY OPERATING BASES – A LIFELINE FOR UN PEACEKEEPING,not_verified_in_archive_card,https://peacekeeping.un.org/en/news?page=13,date_not_verified_requires_review,not_read_full_article,not_assigned,not_inferred_from_organizer_keyword,not_estimated,partial_archive_metadata_not_all_field_visits_or_training
https://peacekeeping.un.org/en/news/the-light-within-the-walls-stories-of-resilience-from-displaced-people-in-malakal,DPO,The light within the walls: stories of resilience from displaced people in Malakal,not_verified_in_archive_card,https://peacekeeping.un.org/en/news?page=13,date_not_verified_requires_review,not_read_full_article,not_assigned,not_inferred_from_organizer_keyword,not_estimated,partial_archive_metadata_not_all_field_visits_or_training
https://peacekeeping.un.org/en/news/the-radio-that-would-not-go-silent,DPO,The radio that would not go silent,not_verified_in_archive_card,https://peacekeeping.un.org/en/news?page=1,date_not_verified_requires_review,not_read_full_article,not_assigned,not_inferred_from_organizer_keyword,not_estimated,partial_archive_metadata_not_all_field_visits_or_training
https://peacekeeping.un.org/en/news/the-true-cost-of-peace-un-honours-fallen-peacekeepers-as-dangers-mount,DPO,'The true cost of peace': UN honours fallen peacekeepers as dangers mount,not_verified_in_archive_card,https://peacekeeping.un.org/en/news?page=2,date_not_verified_requires_review,not_read_full_article,not_assigned,not_inferred_from_organizer_keyword,not_estimated,partial_archive_metadata_not_all_field_visits_or_training
https://peacekeeping.un.org/en/news/turi-a-public-lighting-project-in-djaiba-to-strengthen-civilian-security,DPO,turi: A public lighting project in Djaiba to strengthen civilian security,not_verified_in_archive_card,https://peacekeeping.un.org/en/news?page=7,date_not_verified_requires_review,not_read_full_article,not_assigned,not_inferred_from_organizer_keyword,not_estimated,partial_archive_metadata_not_all_field_visits_or_training
https://peacekeeping.un.org/en/news/turning-pain-into-purpose-unficyp-hosts-dialogue-on-ending-gender-based-violence,DPO,Turning pain into purpose: UNFICYP hosts dialogue on ending gender-based violence,not_verified_in_archive_card,https://peacekeeping.un.org/en/news?page=9,date_not_verified_requires_review,not_read_full_article,not_assigned,not_inferred_from_organizer_keyword,not_estimated,partial_archive_metadata_not_all_field_visits_or_training
https://peacekeeping.un.org/en/news/two-years-of-the-pilot-network-for-uniformed-women-peacekeepers,DPO,Two years of the Pilot Network for Uniformed Women Peacekeepers,not_verified_in_archive_card,https://peacekeeping.un.org/en/news?page=10,date_not_verified_requires_review,not_read_full_article,not_assigned,not_inferred_from_organizer_keyword,not_estimated,partial_archive_metadata_not_all_field_visits_or_training
https://peacekeeping.un.org/en/news/un-chief-condemns-attack-on-unmiss-patrol-that-killed-two-ethiopian-peacekeepers,DPO,UN Chief condemns attack on UNMISS patrol that killed two Ethiopian peacekeepers,not_verified_in_archive_card,https://peacekeeping.un.org/en/news?page=0,date_not_verified_requires_review,not_read_full_article,not_assigned,not_inferred_from_organizer_keyword,not_estimated,partial_archive_metadata_not_all_field_visits_or_training
https://peacekeeping.un.org/en/news/un-hails-dr-congo-rwanda-peace-deal-amid-ongoing-hostilities-in-the-east,DPO,UN hails DR Congo-Rwanda peace deal amid ongoing hostilities in the east,not_verified_in_archive_card,https://peacekeeping.un.org/en/news?page=8,date_not_verified_requires_review,not_read_full_article,not_assigned,not_inferred_from_organizer_keyword,not_estimated,partial_archive_metadata_not_all_field_visits_or_training
https://peacekeeping.un.org/en/news/un-mission-reports-rising-tensions-along-the-blue-line-in-lebanon,DPO,UN mission reports rising tensions along the Blue Line in Lebanon,not_verified_in_archive_card,https://peacekeeping.un.org/en/news?page=2,date_not_verified_requires_review,not_read_full_article,not_assigned,not_inferred_from_organizer_keyword,not_estimated,partial_archive_metadata_not_all_field_visits_or_training
https://peacekeeping.un.org/en/news/un-mourns-constitutional-lawyer-turned-top-crisis-diplomat-nicholas-haysom,DPO,"UN mourns constitutional lawyer-turned top crisis diplomat, Nicholas Haysom",not_verified_in_archive_card,https://peacekeeping.un.org/en/news?page=4,date_not_verified_requires_review,not_read_full_article,not_assigned,not_inferred_from_organizer_keyword,not_estimated,partial_archive_metadata_not_all_field_visits_or_training
https://peacekeeping.un.org/en/news/un-peacekeeper-injured-in-gunfire-near-blue-line-in-south-lebanon,DPO,UN peacekeeper injured in gunfire near ‘Blue Line’ in south Lebanon,not_verified_in_archive_card,https://peacekeeping.un.org/en/news?page=5,date_not_verified_requires_review,not_read_full_article,not_assigned,not_inferred_from_organizer_keyword,not_estimated,partial_archive_metadata_not_all_field_visits_or_training
https://peacekeeping.un.org/en/news/un-peacekeeper-killed-another-seriously-injured-in-southern-lebanon,DPO,"UN peacekeeper killed, another seriously injured, in southern Lebanon",not_verified_in_archive_card,https://peacekeeping.un.org/en/news?page=4,date_not_verified_requires_review,not_read_full_article,not_assigned,not_inferred_from_organizer_keyword,not_estimated,partial_archive_metadata_not_all_field_visits_or_training
https://peacekeeping.un.org/en/news/un-peacekeeping-chief-peace-fails-if-it-is-not-defended-but-peacekeepers-cannot,DPO,"UN Peacekeeping Chief: Peace fails if it is not defended, but peacekeepers cannot do it alone",not_verified_in_archive_card,https://peacekeeping.un.org/en/news?page=2,date_not_verified_requires_review,not_read_full_article,not_assigned,not_inferred_from_organizer_keyword,not_estimated,partial_archive_metadata_not_all_field_visits_or_training
https://peacekeeping.un.org/en/news/un-peacekeeping-patrols-suspended-along-lebanon-israel-blue-line,DPO,UN peacekeeping patrols suspended along Lebanon-Israel Blue Line,not_verified_in_archive_card,https://peacekeeping.un.org/en/news?page=5,date_not_verified_requires_review,not_read_full_article,not_assigned,not_inferred_from_organizer_keyword,not_estimated,partial_archive_metadata_not_all_field_visits_or_training
https://peacekeeping.un.org/en/news/un-police-chiefs-gather-to-shape-the-future-of-policing-for-peace,DPO,UN Police chiefs gather to shape the future of policing for peace,not_verified_in_archive_card,https://peacekeeping.un.org/en/news?page=1,date_not_verified_requires_review,not_read_full_article,not_assigned,not_inferred_from_organizer_keyword,not_estimated,partial_archive_metadata_not_all_field_visits_or_training
https://peacekeeping.un.org/en/news/un-police-leadership-advances-strategic-guidance-framework-during-joint-unisfa,DPO,UN Police Leadership Advances Strategic Guidance Framework During Joint UNISFA-UNMISS Workshop in Abyei,not_verified_in_archive_card,https://peacekeeping.un.org/en/news?page=9,date_not_verified_requires_review,not_read_full_article,not_assigned,not_inferred_from_organizer_keyword,not_estimated,partial_archive_metadata_not_all_field_visits_or_training
https://peacekeeping.un.org/en/news/un-police-officer-shalemi-kumari-urges-communities-in-jonglei-to-end-conflict-and,DPO,UN Police Officer Shalemi Kumari urges communities in Jonglei to end conflict and choose peace,not_verified_in_archive_card,https://peacekeeping.un.org/en/news?page=10,date_not_verified_requires_review,not_read_full_article,not_assigned,not_inferred_from_organizer_keyword,not_estimated,partial_archive_metadata_not_all_field_visits_or_training
https://peacekeeping.un.org/en/news/un-renews-ceasefire-push-in-sudan,DPO,UN renews ceasefire push in Sudan,not_verified_in_archive_card,https://peacekeeping.un.org/en/news?page=5,date_not_verified_requires_review,not_read_full_article,not_assigned,not_inferred_from_organizer_keyword,not_estimated,partial_archive_metadata_not_all_field_visits_or_training
https://peacekeeping.un.org/en/news/un-security-council-open-debate-on-women-peace-and-security,DPO,"UN Security Council: Open debate on women, peace and security",not_verified_in_archive_card,https://peacekeeping.un.org/en/news?page=1,date_not_verified_requires_review,not_read_full_article,not_assigned,not_inferred_from_organizer_keyword,not_estimated,partial_archive_metadata_not_all_field_visits_or_training
https://peacekeeping.un.org/en/news/unifil-and-lebanese-army-secure-olive-harvests-near-blue-line,DPO,UNIFIL and Lebanese Army secure olive harvests near Blue Line,not_verified_in_archive_card,https://peacekeeping.un.org/en/news?page=13,date_not_verified_requires_review,not_read_full_article,not_assigned,not_inferred_from_organizer_keyword,not_estimated,partial_archive_metadata_not_all_field_visits_or_training
https://peacekeeping.un.org/en/news/unifil-hands-over-cleared-minefield-to-laf-first-since-last-hostilities,DPO,"UNIFIL hands over cleared minefield to LAF, first since last hostilities",not_verified_in_archive_card,https://peacekeeping.un.org/en/news?page=6,date_not_verified_requires_review,not_read_full_article,not_assigned,not_inferred_from_organizer_keyword,not_estimated,partial_archive_metadata_not_all_field_visits_or_training
https://peacekeeping.un.org/en/news/unifil-intensifies-night-patrols-along-blue-line,DPO,UNIFIL intensifies night patrols along Blue Line  ​​​​​​​,not_verified_in_archive_card,https://peacekeeping.un.org/en/news?page=12,date_not_verified_requires_review,not_read_full_article,not_assigned,not_inferred_from_organizer_keyword,not_estimated,partial_archive_metadata_not_all_field_visits_or_training
https://peacekeeping.un.org/en/news/unifil-records-uptick-in-israeli-air-violations,DPO,UNIFIL records uptick in Israeli air violations,not_verified_in_archive_card,https://peacekeeping.un.org/en/news?page=6,date_not_verified_requires_review,not_read_full_article,not_assigned,not_inferred_from_organizer_keyword,not_estimated,partial_archive_metadata_not_all_field_visits_or_training
https://peacekeeping.un.org/en/news/unifil-support-to-boost-agricultural-yields-in-south-lebanon,DPO,UNIFIL support to boost agricultural yields in south Lebanon,not_verified_in_archive_card,https://peacekeeping.un.org/en/news?page=10,date_not_verified_requires_review,not_read_full_article,not_assigned,not_inferred_from_organizer_keyword,not_estimated,partial_archive_metadata_not_all_field_visits_or_training
https://peacekeeping.un.org/en/news/unifil-supported-christmas-fair-brings-joy-to-around-3000-people-near-blue-line,DPO,"UNIFIL-supported Christmas fair brings joy to around 3,000 people near Blue Line",not_verified_in_archive_card,https://peacekeeping.un.org/en/news?page=6,date_not_verified_requires_review,not_read_full_article,not_assigned,not_inferred_from_organizer_keyword,not_estimated,partial_archive_metadata_not_all_field_visits_or_training
https://peacekeeping.un.org/en/news/united-nations-secretary-generals-message-on-the-international-day-of-un,DPO,United Nations Secretary-General's message on the International Day of UN Peacekeepers 2026,not_verified_in_archive_card,https://peacekeeping.un.org/en/news?page=2,date_not_verified_requires_review,not_read_full_article,not_assigned,not_inferred_from_organizer_keyword,not_estimated,partial_archive_metadata_not_all_field_visits_or_training
https://peacekeeping.un.org/en/news/unmiss-and-government-assesses-pressing-humanitarian-needs-among-displaced-people,DPO,UNMISS and Government assesses pressing humanitarian needs among displaced people in Bazia,not_verified_in_archive_card,https://peacekeeping.un.org/en/news?page=13,date_not_verified_requires_review,not_read_full_article,not_assigned,not_inferred_from_organizer_keyword,not_estimated,partial_archive_metadata_not_all_field_visits_or_training
https://peacekeeping.un.org/en/news/unmiss-and-partners-work-together-to-prevent-further-violence-in-eastern,DPO,UNMISS and partners work together to prevent further violence in Eastern Equatoria,not_verified_in_archive_card,https://peacekeeping.un.org/en/news?page=10,date_not_verified_requires_review,not_read_full_article,not_assigned,not_inferred_from_organizer_keyword,not_estimated,partial_archive_metadata_not_all_field_visits_or_training
https://peacekeeping.un.org/en/news/unmiss-helps-enhance-safety-at-juba-international-airport-with-handover-of,DPO,UNMISS helps enhance safety at Juba International Airport with handover of rehabilitated land,not_verified_in_archive_card,https://peacekeeping.un.org/en/news?page=12,date_not_verified_requires_review,not_read_full_article,not_assigned,not_inferred_from_organizer_keyword,not_estimated,partial_archive_metadata_not_all_field_visits_or_training
https://peacekeeping.un.org/en/news/women-in-unity-urge-government-to-pass-legislation-to-prevent-gender-based,DPO,Women in Unity urge Government to pass legislation to prevent gender-based violence,not_verified_in_archive_card,https://peacekeeping.un.org/en/news?page=9,date_not_verified_requires_review,not_read_full_article,not_assigned,not_inferred_from_organizer_keyword,not_estimated,partial_archive_metadata_not_all_field_visits_or_training
https://peacekeeping.un.org/en/news/world-aids-day-monusco-on-the-frontlines-to-raise-awareness-among-populations-in,DPO,World AIDS Day: MONUSCO on the frontlines to raise awareness among populations in Ituri,not_verified_in_archive_card,https://peacekeeping.un.org/en/news?page=9,date_not_verified_requires_review,not_read_full_article,not_assigned,not_inferred_from_organizer_keyword,not_estimated,partial_archive_metadata_not_all_field_visits_or_training
https://peacekeeping.un.org/en/news/world-humanitarian-day-un-chiefs-message,DPO,World Humanitarian Day: UN Chief's Message,not_verified_in_archive_card,https://peacekeeping.un.org/en/news?page=0,date_not_verified_requires_review,not_read_full_article,not_assigned,not_inferred_from_organizer_keyword,not_estimated,partial_archive_metadata_not_all_field_visits_or_training
https://dppa.un.org/en/news/this-week-in-dppa-4-10-january-2025,DPPA,This Week in DPPA: 4 - 10 January 2025,2025-01-10,https://dppa.un.org/en/news?page=10,date_verified,not_read_full_article,not_assigned,not_inferred_from_organizer_keyword,not_estimated,partial_archive_metadata_not_all_field_visits_or_training
https://dppa.un.org/en/news/this-week-in-dppa-11-17-january-2025,DPPA,This Week in DPPA: 11 - 17 January 2025,2025-01-17,https://dppa.un.org/en/news?page=10,date_verified,not_read_full_article,not_assigned,not_inferred_from_organizer_keyword,not_estimated,partial_archive_metadata_not_all_field_visits_or_training
https://dppa.un.org/en/news/this-week-in-dppa-18-24-january-2025,DPPA,This Week in DPPA: 18 - 24 January 2025,2025-01-24,https://dppa.un.org/en/news?page=9,date_verified,not_read_full_article,not_assigned,not_inferred_from_organizer_keyword,not_estimated,partial_archive_metadata_not_all_field_visits_or_training
https://dppa.un.org/en/news/this-week-in-dppa-25-31-january-2025,DPPA,This Week in DPPA: 25 - 31 January 2025,2025-01-31,https://dppa.un.org/en/news?page=9,date_verified,not_read_full_article,not_assigned,not_inferred_from_organizer_keyword,not_estimated,partial_archive_metadata_not_all_field_visits_or_training
https://dppa.un.org/en/news/this-week-in-dppa-1-7-february-2025,DPPA,This Week in DPPA: 1 - 7 February 2025,2025-02-07,https://dppa.un.org/en/news?page=9,date_verified,not_read_full_article,not_assigned,not_inferred_from_organizer_keyword,not_estimated,partial_archive_metadata_not_all_field_visits_or_training
https://dppa.un.org/en/news/this-week-in-dppa-8-14-february-2025,DPPA,This Week in DPPA: 8 - 14 February 2025,2025-02-14,https://dppa.un.org/en/news?page=9,date_verified,not_read_full_article,not_assigned,not_inferred_from_organizer_keyword,not_estimated,partial_archive_metadata_not_all_field_visits_or_training
https://dppa.un.org/en/news/this-week-in-dppa-15-21-february-2025,DPPA,This Week in DPPA: 15 - 21 February 2025,2025-02-21,https://dppa.un.org/en/news?page=9,date_verified,not_read_full_article,not_assigned,not_inferred_from_organizer_keyword,not_estimated,partial_archive_metadata_not_all_field_visits_or_training
https://dppa.un.org/en/news/this-week-in-dppa-22-28-february-2025,DPPA,This Week in DPPA: 22 - 28 February 2025,2025-02-28,https://dppa.un.org/en/news?page=9,date_verified,not_read_full_article,not_assigned,not_inferred_from_organizer_keyword,not_estimated,partial_archive_metadata_not_all_field_visits_or_training
https://dppa.un.org/en/news/this-week-in-dppa-1-7-march-2025,DPPA,This Week in DPPA: 1 - 7 March 2025,2025-03-07,https://dppa.un.org/en/news?page=9,date_verified,not_read_full_article,not_assigned,not_inferred_from_organizer_keyword,not_estimated,partial_archive_metadata_not_all_field_visits_or_training
https://dppa.un.org/en/news/this-week-in-dppa-8-14-march-2025,DPPA,This Week in DPPA: 8 - 14 March 2025,2025-03-14,https://dppa.un.org/en/news?page=9,date_verified,not_read_full_article,not_assigned,not_inferred_from_organizer_keyword,not_estimated,partial_archive_metadata_not_all_field_visits_or_training
https://dppa.un.org/en/news/this-week-in-dppa-15-21-march-2025,DPPA,This Week in DPPA: 15 - 21 March 2025,2025-03-21,https://dppa.un.org/en/news?page=8,date_verified,not_read_full_article,not_assigned,not_inferred_from_organizer_keyword,not_estimated,partial_archive_metadata_not_all_field_visits_or_training
https://dppa.un.org/en/news/this-week-in-dppa-22-28-march-2025,DPPA,This Week in DPPA: 22 - 28 March 2025,2025-03-28,https://dppa.un.org/en/news?page=8,date_verified,not_read_full_article,not_assigned,not_inferred_from_organizer_keyword,not_estimated,partial_archive_metadata_not_all_field_visits_or_training
https://dppa.un.org/en/news/this-week-in-dppa-28-march-4-april-2025,DPPA,This Week in DPPA: 28 March - 4 April 2025,2025-04-04,https://dppa.un.org/en/news?page=8,date_verified,not_read_full_article,not_assigned,not_inferred_from_organizer_keyword,not_estimated,partial_archive_metadata_not_all_field_visits_or_training
https://dppa.un.org/en/news/this-week-in-dppa-18-24-april-2025,DPPA,This Week in DPPA: 18 - 24 April 2025,2025-04-24,https://dppa.un.org/en/news?page=3,date_verified,not_read_full_article,not_assigned,not_inferred_from_organizer_keyword,not_estimated,partial_archive_metadata_not_all_field_visits_or_training
https://dppa.un.org/en/news/this-week-in-dppa-26-april-2-may-2025,DPPA,This Week in DPPA: 26 April - 2 May 2025,2025-05-02,https://dppa.un.org/en/news?page=8,date_verified,not_read_full_article,not_assigned,not_inferred_from_organizer_keyword,not_estimated,partial_archive_metadata_not_all_field_visits_or_training
https://dppa.un.org/en/news/this-week-in-dppa-3-9-may-2025,DPPA,This Week in DPPA: 3 - 9 May 2025,2025-05-09,https://dppa.un.org/en/news?page=8,date_verified,not_read_full_article,not_assigned,not_inferred_from_organizer_keyword,not_estimated,partial_archive_metadata_not_all_field_visits_or_training
https://dppa.un.org/en/news/this-week-in-dppa-10-16-may-2025,DPPA,This Week in DPPA: 10 - 16 May 2025,2025-05-16,https://dppa.un.org/en/news?page=8,date_verified,not_read_full_article,not_assigned,not_inferred_from_organizer_keyword,not_estimated,partial_archive_metadata_not_all_field_visits_or_training
https://dppa.un.org/en/news/this-week-in-dppa-17-23-may-2025,DPPA,This Week in DPPA: 17 - 23 May 2025,2025-05-23,https://dppa.un.org/en/news?page=8,date_verified,not_read_full_article,not_assigned,not_inferred_from_organizer_keyword,not_estimated,partial_archive_metadata_not_all_field_visits_or_training
https://dppa.un.org/en/news/this-week-in-dppa-24-30-may-2025,DPPA,This Week in DPPA: 24 - 30 May 2025,2025-05-30,https://dppa.un.org/en/news?page=8,date_verified,not_read_full_article,not_assigned,not_inferred_from_organizer_keyword,not_estimated,partial_archive_metadata_not_all_field_visits_or_training
https://dppa.un.org/en/news/this-week-in-dppa-30-may-5-june-2025,DPPA,This Week in DPPA: 30 May - 5 June 2025,2025-06-05,https://dppa.un.org/en/news?page=3,date_verified,not_read_full_article,not_assigned,not_inferred_from_organizer_keyword,not_estimated,partial_archive_metadata_not_all_field_visits_or_training
https://dppa.un.org/en/news/this-week-in-dppa-31-may-5-june-2025,DPPA,This Week in DPPA: 31 May - 5 June 2025,2025-06-05,https://dppa.un.org/en/news?page=8,date_verified,not_read_full_article,not_assigned,not_inferred_from_organizer_keyword,not_estimated,partial_archive_metadata_not_all_field_visits_or_training
https://dppa.un.org/en/news/this-week-in-dppa-6-13-june-2025,DPPA,This Week in DPPA: 6 - 13 June 2025,2025-06-13,https://dppa.un.org/en/news?page=7,date_verified,not_read_full_article,not_assigned,not_inferred_from_organizer_keyword,not_estimated,partial_archive_metadata_not_all_field_visits_or_training
https://dppa.un.org/en/news/statement-by-the-co-chairs-of-the-international-follow-up-committee-on-libya-20-june-2025,DPPA,Statement by the Co-Chairs of the International Follow-up Committee on Libya - 20 June 2025,2025-06-20,https://dppa.un.org/en/news?page=7,date_verified,not_read_full_article,not_assigned,not_inferred_from_organizer_keyword,not_estimated,partial_archive_metadata_not_all_field_visits_or_training
https://dppa.un.org/en/news/this-week-in-dppa-14-20-june-2025,DPPA,This Week in DPPA: 14 - 20 June 2025,2025-06-20,https://dppa.un.org/en/news?page=7,date_verified,not_read_full_article,not_assigned,not_inferred_from_organizer_keyword,not_estimated,partial_archive_metadata_not_all_field_visits_or_training
https://dppa.un.org/en/news/this-week-in-dppa-21-27-june-2025,DPPA,This Week in DPPA: 21 - 27 June 2025,2025-06-27,https://dppa.un.org/en/news?page=7,date_verified,not_read_full_article,not_assigned,not_inferred_from_organizer_keyword,not_estimated,partial_archive_metadata_not_all_field_visits_or_training
https://dppa.un.org/en/news/this-week-in-dppa-28-june-3-july-2025,DPPA,This Week in DPPA: 28 June - 3 July 2025,2025-07-03,https://dppa.un.org/en/news?page=7,date_verified,not_read_full_article,not_assigned,not_inferred_from_organizer_keyword,not_estimated,partial_archive_metadata_not_all_field_visits_or_training
https://dppa.un.org/en/news/this-week-in-dppa-4-11-july-2025,DPPA,This Week in DPPA: 4 - 11 July 2025,2025-07-11,https://dppa.un.org/en/news?page=7,date_verified,not_read_full_article,not_assigned,not_inferred_from_organizer_keyword,not_estimated,partial_archive_metadata_not_all_field_visits_or_training
https://dppa.un.org/en/news/this-week-in-dppa-12-18-july-2025,DPPA,This Week in DPPA: 12 - 18 July 2025,2025-07-18,https://dppa.un.org/en/news?page=7,date_verified,not_read_full_article,not_assigned,not_inferred_from_organizer_keyword,not_estimated,partial_archive_metadata_not_all_field_visits_or_training
https://dppa.un.org/en/news/this-week-in-dppa-19-25-july-2025,DPPA,This Week in DPPA: 19 - 25 July 2025,2025-07-25,https://dppa.un.org/en/news?page=7,date_verified,not_read_full_article,not_assigned,not_inferred_from_organizer_keyword,not_estimated,partial_archive_metadata_not_all_field_visits_or_training
https://dppa.un.org/en/news/this-week-in-dppa-26-july-1-august-2025,DPPA,This Week in DPPA: 26 July - 1 August 2025,2025-08-01,https://dppa.un.org/en/news?page=7,date_verified,not_read_full_article,not_assigned,not_inferred_from_organizer_keyword,not_estimated,partial_archive_metadata_not_all_field_visits_or_training
https://dppa.un.org/en/news/this-week-in-dppa-2-8-august-2025,DPPA,This Week in DPPA: 2 - 8 August 2025,2025-08-08,https://dppa.un.org/en/news?page=6,date_verified,not_read_full_article,not_assigned,not_inferred_from_organizer_keyword,not_estimated,partial_archive_metadata_not_all_field_visits_or_training
https://dppa.un.org/en/news/aupsc-communique-1296th-meeting-on-education-in-conflict-situations-13-august-2025,DPPA,AUPSC Communiqué | 1296th Meeting on Education in Conflict Situations | 13 August 2025,2025-08-13,https://dppa.un.org/en/news?page=6,date_verified,not_read_full_article,not_assigned,not_inferred_from_organizer_keyword,not_estimated,partial_archive_metadata_not_all_field_visits_or_training
https://dppa.un.org/en/news/this-week-in-dppa-30-august-5-september-2025,DPPA,This Week in DPPA: 30 August - 5 September 2025,2025-09-05,https://dppa.un.org/en/news?page=6,date_verified,not_read_full_article,not_assigned,not_inferred_from_organizer_keyword,not_estimated,partial_archive_metadata_not_all_field_visits_or_training
https://dppa.un.org/en/news/this-week-in-dppa-6-12-september-2025,DPPA,This Week in DPPA: 6 - 12 September 2025,2025-09-12,https://dppa.un.org/en/news?page=6,date_verified,not_read_full_article,not_assigned,not_inferred_from_organizer_keyword,not_estimated,partial_archive_metadata_not_all_field_visits_or_training
https://dppa.un.org/en/news/this-week-in-dppa-13-19-september-2025,DPPA,This Week in DPPA: 13 - 19 September 2025,2025-09-19,https://dppa.un.org/en/news?page=6,date_verified,not_read_full_article,not_assigned,not_inferred_from_organizer_keyword,not_estimated,partial_archive_metadata_not_all_field_visits_or_training
https://dppa.un.org/en/news/this-week-in-dppa-20-26-september-2025,DPPA,This Week in DPPA: 20 - 26 September 2025,2025-09-26,https://dppa.un.org/en/news?page=6,date_verified,not_read_full_article,not_assigned,not_inferred_from_organizer_keyword,not_estimated,partial_archive_metadata_not_all_field_visits_or_training
https://dppa.un.org/en/news/this-week-in-dppa-27-september-3-october-2025,DPPA,This Week in DPPA: 27 September - 3 October 2025,2025-10-03,https://dppa.un.org/en/news?page=6,date_verified,not_read_full_article,not_assigned,not_inferred_from_organizer_keyword,not_estimated,partial_archive_metadata_not_all_field_visits_or_training
https://dppa.un.org/en/news/this-week-in-dppa-4-10-october-2025,DPPA,This Week in DPPA: 4 - 10 October 2025,2025-10-10,https://dppa.un.org/en/news?page=6,date_verified,not_read_full_article,not_assigned,not_inferred_from_organizer_keyword,not_estimated,partial_archive_metadata_not_all_field_visits_or_training
https://dppa.un.org/en/news/this-week-in-dppa-11-17-october-2025,DPPA,This Week in DPPA: 11 - 17 October 2025,2025-10-17,https://dppa.un.org/en/news?page=6,date_verified,not_read_full_article,not_assigned,not_inferred_from_organizer_keyword,not_estimated,partial_archive_metadata_not_all_field_visits_or_training
https://dppa.un.org/en/news/this-week-in-dppa-18-24-october-2025,DPPA,This Week in DPPA: 18 - 24 October 2025,2025-10-24,https://dppa.un.org/en/news?page=5,date_verified,not_read_full_article,not_assigned,not_inferred_from_organizer_keyword,not_estimated,partial_archive_metadata_not_all_field_visits_or_training
https://dppa.un.org/en/news/this-week-in-dppa-24-31-october-2025,DPPA,This Week in DPPA: 24 - 31 October 2025,2025-10-31,https://dppa.un.org/en/news?page=5,date_verified,not_read_full_article,not_assigned,not_inferred_from_organizer_keyword,not_estimated,partial_archive_metadata_not_all_field_visits_or_training
https://dppa.un.org/en/news/this-week-in-dppa-1-7-november-2025,DPPA,This Week in DPPA: 1 - 7 November 2025,2025-11-07,https://dppa.un.org/en/news?page=5,date_verified,not_read_full_article,not_assigned,not_inferred_from_organizer_keyword,not_estimated,partial_archive_metadata_not_all_field_visits_or_training
https://dppa.un.org/en/news/this-week-in-dppa-8-14-november-2025,DPPA,This Week in DPPA: 8 - 14 November 2025,2025-11-14,https://dppa.un.org/en/news?page=5,date_verified,not_read_full_article,not_assigned,not_inferred_from_organizer_keyword,not_estimated,partial_archive_metadata_not_all_field_visits_or_training
https://dppa.un.org/en/news/this-week-in-dppa-15-21-november-2025,DPPA,This Week in DPPA: 15 - 21 November 2025,2025-11-21,https://dppa.un.org/en/news?page=5,date_verified,not_read_full_article,not_assigned,not_inferred_from_organizer_keyword,not_estimated,partial_archive_metadata_not_all_field_visits_or_training
https://dppa.un.org/en/news/this-week-in-dppa-22-28-november-2025,DPPA,This Week in DPPA: 22 - 28 November 2025,2025-11-28,https://dppa.un.org/en/news?page=5,date_verified,not_read_full_article,not_assigned,not_inferred_from_organizer_keyword,not_estimated,partial_archive_metadata_not_all_field_visits_or_training
https://dppa.un.org/en/news/this-week-in-dppa-29-november-5-december-2025,DPPA,This Week in DPPA: 29 November - 5 December 2025,2025-12-05,https://dppa.un.org/en/news?page=5,date_verified,not_read_full_article,not_assigned,not_inferred_from_organizer_keyword,not_estimated,partial_archive_metadata_not_all_field_visits_or_training
https://dppa.un.org/en/news/this-week-in-dppa-6-12-december-2025,DPPA,This Week in DPPA: 6 - 12 December 2025,2025-12-12,https://dppa.un.org/en/news?page=5,date_verified,not_read_full_article,not_assigned,not_inferred_from_organizer_keyword,not_estimated,partial_archive_metadata_not_all_field_visits_or_training
https://dppa.un.org/en/news/this-week-in-dppa-13-19-december-2025,DPPA,This Week in DPPA: 13 - 19 December 2025,2025-12-19,https://dppa.un.org/en/news?page=5,date_verified,not_read_full_article,not_assigned,not_inferred_from_organizer_keyword,not_estimated,partial_archive_metadata_not_all_field_visits_or_training
https://dppa.un.org/en/news/this-week-in-dppa-20-26-december-2025,DPPA,This Week in DPPA: 20 - 26 December 2025,2025-12-26,https://dppa.un.org/en/news?page=5,date_verified,not_read_full_article,not_assigned,not_inferred_from_organizer_keyword,not_estimated,partial_archive_metadata_not_all_field_visits_or_training
https://dppa.un.org/en/news/this-week-in-dppa-3-9-january-2026,DPPA,This Week in DPPA: 3 - 9 January 2026,2026-01-09,https://dppa.un.org/en/news?page=4,date_verified,not_read_full_article,not_assigned,not_inferred_from_organizer_keyword,not_estimated,partial_archive_metadata_not_all_field_visits_or_training
https://dppa.un.org/en/news/this-week-in-dppa-10-16-january-2026,DPPA,This Week in DPPA: 10 - 16 January 2026,2026-01-16,https://dppa.un.org/en/news?page=4,date_verified,not_read_full_article,not_assigned,not_inferred_from_organizer_keyword,not_estimated,partial_archive_metadata_not_all_field_visits_or_training
https://dppa.un.org/en/news/this-week-in-dppa-17-23-january-2026,DPPA,This Week in DPPA: 17 - 23 January 2026,2026-01-23,https://dppa.un.org/en/news?page=4,date_verified,not_read_full_article,not_assigned,not_inferred_from_organizer_keyword,not_estimated,partial_archive_metadata_not_all_field_visits_or_training
https://dppa.un.org/en/news/this-week-in-dppa-24-30-january-2026,DPPA,This Week in DPPA: 24 - 30 January 2026,2026-01-30,https://dppa.un.org/en/news?page=4,date_verified,not_read_full_article,not_assigned,not_inferred_from_organizer_keyword,not_estimated,partial_archive_metadata_not_all_field_visits_or_training
https://dppa.un.org/en/news/this-week-in-dppa-31-january-6-february-2026,DPPA,This Week in DPPA: 31 January - 6 February 2026,2026-02-06,https://dppa.un.org/en/news?page=4,date_verified,not_read_full_article,not_assigned,not_inferred_from_organizer_keyword,not_estimated,partial_archive_metadata_not_all_field_visits_or_training
https://dppa.un.org/en/news/this-week-in-dppa-28-february-6-march-2026,DPPA,This Week in DPPA: 28 February - 6 March 2026,2026-03-06,https://dppa.un.org/en/news?page=4,date_verified,not_read_full_article,not_assigned,not_inferred_from_organizer_keyword,not_estimated,partial_archive_metadata_not_all_field_visits_or_training
https://dppa.un.org/en/news/this-week-in-dppa-7-13-march-2026,DPPA,This Week in DPPA: 7 - 13 March 2026,2026-03-13,https://dppa.un.org/en/news?page=4,date_verified,not_read_full_article,not_assigned,not_inferred_from_organizer_keyword,not_estimated,partial_archive_metadata_not_all_field_visits_or_training
https://dppa.un.org/en/news/this-week-in-dppa-21-march-27-march-2026,DPPA,This Week in DPPA: 21 March - 27 March 2026,2026-03-27,https://dppa.un.org/en/news?page=4,date_verified,not_read_full_article,not_assigned,not_inferred_from_organizer_keyword,not_estimated,partial_archive_metadata_not_all_field_visits_or_training
https://dppa.un.org/en/news/this-week-in-dppa-28-march-10-april-2026,DPPA,This Week in DPPA: 28 March - 10 April 2026,2026-04-10,https://dppa.un.org/en/news?page=4,date_verified,not_read_full_article,not_assigned,not_inferred_from_organizer_keyword,not_estimated,partial_archive_metadata_not_all_field_visits_or_training
https://dppa.un.org/en/news/this-week-in-dppa-11-17-april-2026,DPPA,This Week in DPPA: 11 - 17 April 2026,2026-04-17,https://dppa.un.org/en/news?page=4,date_verified,not_read_full_article,not_assigned,not_inferred_from_organizer_keyword,not_estimated,partial_archive_metadata_not_all_field_visits_or_training
https://dppa.un.org/en/news/this-week-in-dppa-25-april-1-may-2026,DPPA,This Week in DPPA: 25 April - 1 May 2026,2026-05-01,https://dppa.un.org/en/news?page=3,date_verified,not_read_full_article,not_assigned,not_inferred_from_organizer_keyword,not_estimated,partial_archive_metadata_not_all_field_visits_or_training
https://dppa.un.org/en/news/this-week-in-dppa-2-8-may-2026,DPPA,This Week in DPPA: 2 - 8 May 2026,2026-05-08,https://dppa.un.org/en/news?page=3,date_verified,not_read_full_article,not_assigned,not_inferred_from_organizer_keyword,not_estimated,partial_archive_metadata_not_all_field_visits_or_training
https://dppa.un.org/en/news/this-week-in-dppa-9-15-may-2026,DPPA,This Week in DPPA: 9 - 15 May 2026,2026-05-15,https://dppa.un.org/en/news?page=3,date_verified,not_read_full_article,not_assigned,not_inferred_from_organizer_keyword,not_estimated,partial_archive_metadata_not_all_field_visits_or_training
https://dppa.un.org/en/news/this-week-in-dppa-16-22-may-2026,DPPA,This Week in DPPA: 16 - 22 May 2026,2026-05-22,https://dppa.un.org/en/news?page=3,date_verified,not_read_full_article,not_assigned,not_inferred_from_organizer_keyword,not_estimated,partial_archive_metadata_not_all_field_visits_or_training
https://dppa.un.org/en/news/this-week-in-dppa-23-29-may-2026,DPPA,This Week in DPPA: 23 - 29 May 2026,2026-05-29,https://dppa.un.org/en/news?page=3,date_verified,not_read_full_article,not_assigned,not_inferred_from_organizer_keyword,not_estimated,partial_archive_metadata_not_all_field_visits_or_training
https://dppa.un.org/en/news/this-week-in-dppa-6-12-june-2026,DPPA,This Week in DPPA: 6 - 12 June 2026,2026-06-12,https://dppa.un.org/en/news?page=3,date_verified,not_read_full_article,not_assigned,not_inferred_from_organizer_keyword,not_estimated,partial_archive_metadata_not_all_field_visits_or_training
https://dppa.un.org/en/news/this-week-in-dppa-13-19-june-2026,DPPA,This Week in DPPA: 13 - 19 June 2026,2026-06-19,https://dppa.un.org/en/news?page=2,date_verified,not_read_full_article,not_assigned,not_inferred_from_organizer_keyword,not_estimated,partial_archive_metadata_not_all_field_visits_or_training
https://dppa.un.org/en/news/this-week-in-dppa-20-26-june-2026,DPPA,This Week in DPPA: 20 - 26 June 2026,2026-06-26,https://dppa.un.org/en/news?page=2,date_verified,not_read_full_article,not_assigned,not_inferred_from_organizer_keyword,not_estimated,partial_archive_metadata_not_all_field_visits_or_training
https://dppa.un.org/en/news/this-week-in-dppa-27-june-2-july-2026,DPPA,This Week in DPPA: 27 June - 2 July 2026,2026-07-02,https://dppa.un.org/en/news?page=2,date_verified,not_read_full_article,not_assigned,not_inferred_from_organizer_keyword,not_estimated,partial_archive_metadata_not_all_field_visits_or_training
https://dppa.un.org/en/news/this-week-in-dppa-3-10-july-2026,DPPA,This Week in DPPA: 3 - 10 July 2026,2026-07-10,https://dppa.un.org/en/news?page=2,date_verified,not_read_full_article,not_assigned,not_inferred_from_organizer_keyword,not_estimated,partial_archive_metadata_not_all_field_visits_or_training
https://dppa.un.org/en/news/this-week-in-dppa-11-17-july-2026,DPPA,This Week in DPPA: 11 - 17 July 2026,2026-07-17,https://dppa.un.org/en/news?page=2,date_verified,not_read_full_article,not_assigned,not_inferred_from_organizer_keyword,not_estimated,partial_archive_metadata_not_all_field_visits_or_training
https://dppa.un.org/en/news/this-week-in-dppa-18-24-july-2026,DPPA,This Week in DPPA: 18 - 24 July 2026,2026-07-24,https://dppa.un.org/en/news?page=2,date_verified,not_read_full_article,not_assigned,not_inferred_from_organizer_keyword,not_estimated,partial_archive_metadata_not_all_field_visits_or_training
https://dppa.un.org/en/news/this-week-in-dppa-25-31-july-2026,DPPA,This Week in DPPA: 25 - 31 July 2026,2026-07-31,https://dppa.un.org/en/news?page=1,date_verified,not_read_full_article,not_assigned,not_inferred_from_organizer_keyword,not_estimated,partial_archive_metadata_not_all_field_visits_or_training
https://dppa.un.org/en/news/this-week-in-dppa-3-7-august-2026,DPPA,This Week in DPPA: 3 - 7 August 2026,2026-08-07,https://dppa.un.org/en/news?page=1,date_verified,not_read_full_article,not_assigned,not_inferred_from_organizer_keyword,not_estimated,partial_archive_metadata_not_all_field_visits_or_training
https://dppa.un.org/en/news/this-week-in-dppa-22-28-august-2026,DPPA,This Week in DPPA: 22 - 28 August 2026,2026-08-28,https://dppa.un.org/en/news?page=1,date_verified,not_read_full_article,not_assigned,not_inferred_from_organizer_keyword,not_estimated,partial_archive_metadata_not_all_field_visits_or_training
https://dppa.un.org/en/news/this-week-in-dppa-28-august-4-september-2026,DPPA,This Week in DPPA: 28 August - 4 September 2026,2026-09-04,https://dppa.un.org/en/news?page=1,date_verified,not_read_full_article,not_assigned,not_inferred_from_organizer_keyword,not_estimated,partial_archive_metadata_not_all_field_visits_or_training
https://dppa.un.org/en/news/this-week-in-dppa-5-11-september-2026,DPPA,This Week in DPPA: 5 - 11 September 2026,2026-09-11,https://dppa.un.org/en/news?page=1,date_verified,not_read_full_article,not_assigned,not_inferred_from_organizer_keyword,not_estimated,partial_archive_metadata_not_all_field_visits_or_training
https://dppa.un.org/en/news/this-week-in-dppa-12-18-september-2026,DPPA,This Week in DPPA: 12 - 18 September 2026,2026-09-18,https://dppa.un.org/en/news?page=0,date_verified,not_read_full_article,not_assigned,not_inferred_from_organizer_keyword,not_estimated,partial_archive_metadata_not_all_field_visits_or_training
https://dppa.un.org/en/news/this-week-in-dppa-16-25-september-2026,DPPA,This Week in DPPA: 16 - 25 September 2026,2026-09-25,https://dppa.un.org/en/news?page=0,date_verified,not_read_full_article,not_assigned,not_inferred_from_organizer_keyword,not_estimated,partial_archive_metadata_not_all_field_visits_or_training
https://dppa.un.org/en/news/this-week-in-dppa-26-september-2-october-2026,DPPA,This Week in DPPA: 26 September - 2 October 2026,2026-10-02,https://dppa.un.org/en/news?page=0,date_verified,not_read_full_article,not_assigned,not_inferred_from_organizer_keyword,not_estimated,partial_archive_metadata_not_all_field_visits_or_training
https://dppa.un.org/en/news/a-common-pledge-to-increase-womens-participation-in-peace-processes,DPPA,A Common Pledge to Increase Women’s Participation in Peace Processes,not_verified_in_archive_card,https://dppa.un.org/en/news?page=11,date_not_verified_requires_review,not_read_full_article,not_assigned,not_inferred_from_organizer_keyword,not_estimated,partial_archive_metadata_not_all_field_visits_or_training
https://dppa.un.org/en/news/a-win-for-multilateralism-the-netherlands-and-the-un-commit-to-a-multi-year-partnership,DPPA,"A win for multilateralism. The Netherlands and the UN commit to a multi-year partnership for rule of law, human rights, justice and conflict prevention",not_verified_in_archive_card,https://dppa.un.org/en/news?page=0,date_not_verified_requires_review,not_read_full_article,not_assigned,not_inferred_from_organizer_keyword,not_estimated,partial_archive_metadata_not_all_field_visits_or_training
https://dppa.un.org/en/news/arawa-hosts-first-ever-bougainville-womens-peace-summit,DPPA,Arawa Hosts First-Ever Bougainville Women’s Peace Summit,not_verified_in_archive_card,https://dppa.un.org/en/news?page=7,date_not_verified_requires_review,not_read_full_article,not_assigned,not_inferred_from_organizer_keyword,not_estimated,partial_archive_metadata_not_all_field_visits_or_training
https://dppa.un.org/en/news/asg-khiari-calls-for-concerted-diplomatic-efforts-towards-a-ceasefire-as-civilian-toll,DPPA,ASG Khiari calls for concerted diplomatic efforts towards a ceasefire as civilian toll rises in Ukraine and the Russian Federation,not_verified_in_archive_card,https://dppa.un.org/en/news?page=2,date_not_verified_requires_review,not_read_full_article,not_assigned,not_inferred_from_organizer_keyword,not_estimated,partial_archive_metadata_not_all_field_visits_or_training
https://dppa.un.org/en/news/asg-pobee-warns-of-increasing-restrictions-on-civil-and-political-rights-in-central,DPPA,ASG Pobee warns of increasing restrictions on civil and political rights in Central Africa,not_verified_in_archive_card,https://dppa.un.org/en/news?page=3,date_not_verified_requires_review,not_read_full_article,not_assigned,not_inferred_from_organizer_keyword,not_estimated,partial_archive_metadata_not_all_field_visits_or_training
https://dppa.un.org/en/news/asking-the-right-questions-working-as-a-standby-team-mediation-advisor,DPPA,Asking the Right Questions: Working as a Standby Team Mediation Advisor,not_verified_in_archive_card,https://dppa.un.org/en/news?page=10,date_not_verified_requires_review,not_read_full_article,not_assigned,not_inferred_from_organizer_keyword,not_estimated,partial_archive_metadata_not_all_field_visits_or_training
https://dppa.un.org/en/news/climate-security-mechanism-at-the-united-nations-and-group-of-friends-on-climate-and,DPPA,Climate Security Mechanism at the United Nations and Group of Friends on Climate and Security Announce New Pledges and Partnerships at COP29,not_verified_in_archive_card,https://dppa.un.org/en/news?page=11,date_not_verified_requires_review,not_read_full_article,not_assigned,not_inferred_from_organizer_keyword,not_estimated,partial_archive_metadata_not_all_field_visits_or_training
https://dppa.un.org/en/news/colombias-peace-process-gives-inspiration-under-secretary-general-dicarlo-joins,DPPA,“Colombia’s Peace Process Gives Inspiration”: Under-Secretary-General DiCarlo Joins Commemoration of Historic Peace Accord,not_verified_in_archive_card,https://dppa.un.org/en/news?page=10,date_not_verified_requires_review,not_read_full_article,not_assigned,not_inferred_from_organizer_keyword,not_estimated,partial_archive_metadata_not_all_field_visits_or_training
https://dppa.un.org/en/news/dicarlo-urges-return-to-diplomacy-as-ukraine-war-enters-new-dangerous-phase,DPPA,DiCarlo urges return to diplomacy as Ukraine war enters new dangerous phase,not_verified_in_archive_card,https://dppa.un.org/en/news?page=3,date_not_verified_requires_review,not_read_full_article,not_assigned,not_inferred_from_organizer_keyword,not_estimated,partial_archive_metadata_not_all_field_visits_or_training
https://dppa.un.org/en/news/dppa-and-shanghai-cooperation-organization-hold-fourth-secretariat-to-secretariat,DPPA,DPPA and Shanghai Cooperation Organization hold fourth Secretariat-to-Secretariat Dialogue,not_verified_in_archive_card,https://dppa.un.org/en/news?page=2,date_not_verified_requires_review,not_read_full_article,not_assigned,not_inferred_from_organizer_keyword,not_estimated,partial_archive_metadata_not_all_field_visits_or_training
https://dppa.un.org/en/news/dppa-participates-in-un-league-of-arab-states-general-cooperation-meeting-in-geneva,DPPA,DPPA participates in UN-League of Arab States General Cooperation Meeting in Geneva,not_verified_in_archive_card,https://dppa.un.org/en/news?page=1,date_not_verified_requires_review,not_read_full_article,not_assigned,not_inferred_from_organizer_keyword,not_estimated,partial_archive_metadata_not_all_field_visits_or_training
https://dppa.un.org/en/news/dppa-supports-youth-peacebuilders-at-the-2026-jeju-forum-speak-programme,DPPA,DPPA supports youth peacebuilders at the 2026 Jeju Forum SPEAK programme,not_verified_in_archive_card,https://dppa.un.org/en/news?page=2,date_not_verified_requires_review,not_read_full_article,not_assigned,not_inferred_from_organizer_keyword,not_estimated,partial_archive_metadata_not_all_field_visits_or_training
https://dppa.un.org/en/news/eight-years-of-building-peace-in-colombia,DPPA,Eight Years of Building Peace in Colombia,not_verified_in_archive_card,https://dppa.un.org/en/news?page=11,date_not_verified_requires_review,not_read_full_article,not_assigned,not_inferred_from_organizer_keyword,not_estimated,partial_archive_metadata_not_all_field_visits_or_training
https://dppa.un.org/en/news/emotional-intelligence-and-nlp-as-leadership-tools-for-pda-students,DPPA,EMOTIONAL INTELLIGENCE AND NLP AS LEADERSHIP TOOLS FOR PDA STUDENTS,not_verified_in_archive_card,https://dppa.un.org/en/news?page=12,date_not_verified_requires_review,not_read_full_article,not_assigned,not_inferred_from_organizer_keyword,not_estimated,partial_archive_metadata_not_all_field_visits_or_training
https://dppa.un.org/en/news/eu-un-joint-press-release-inaugural-eu-un-strategic-committee-on-peace-and-security,DPPA,EU-UN: Joint Press Release Inaugural EU-UN Strategic Committee on Peace and Security,not_verified_in_archive_card,https://dppa.un.org/en/news?page=4,date_not_verified_requires_review,not_read_full_article,not_assigned,not_inferred_from_organizer_keyword,not_estimated,partial_archive_metadata_not_all_field_visits_or_training
https://dppa.un.org/en/news/flexible-funding-through-the-mya-enables-dppa-to-respond-to-evolving-needs-on-the-ground,DPPA,Flexible Funding Through the MYA Enables DPPA to Respond to Evolving Needs on the Ground,not_verified_in_archive_card,https://dppa.un.org/en/news?page=9,date_not_verified_requires_review,not_read_full_article,not_assigned,not_inferred_from_organizer_keyword,not_estimated,partial_archive_metadata_not_all_field_visits_or_training
https://dppa.un.org/en/news/from-commitments-to-action-how-the-un-is-supporting-indigenous-led-peacebuilding,DPPA,From Commitments to Action: How the UN is Supporting Indigenous-led Peacebuilding,not_verified_in_archive_card,https://dppa.un.org/en/news?page=7,date_not_verified_requires_review,not_read_full_article,not_assigned,not_inferred_from_organizer_keyword,not_estimated,partial_archive_metadata_not_all_field_visits_or_training
https://dppa.un.org/en/news/in-freetown-srsg-simao-co-chaired-the-regional-open-day-on-unsc-resolution-1325-2000-and,DPPA,"In Freetown, SRSG Simão Co-Chaired the Regional Open Day On UNSC Resolution 1325 (2000) and subsequent On Gender, Women, Youth, Peace, and Security, And Co-led The Joint High-Level ECOWAS-UNOWAS-AU Follow Up Mission of the International Moral Guarantors",not_verified_in_archive_card,https://dppa.un.org/en/news?page=12,date_not_verified_requires_review,not_read_full_article,not_assigned,not_inferred_from_organizer_keyword,not_estimated,partial_archive_metadata_not_all_field_visits_or_training
https://dppa.un.org/en/news/marking-world-sight-day-with-goals-for-inclusion-for-visually-impaired-somalis,DPPA,Marking World Sight Day with goals for inclusion for visually-impaired Somalis,not_verified_in_archive_card,https://dppa.un.org/en/news?page=11,date_not_verified_requires_review,not_read_full_article,not_assigned,not_inferred_from_organizer_keyword,not_estimated,partial_archive_metadata_not_all_field_visits_or_training
https://dppa.un.org/en/news/new-deputy-special-representative-for-afghanistan-arrives-in-kabul,DPPA,New Deputy Special Representative for Afghanistan arrives in Kabul,not_verified_in_archive_card,https://dppa.un.org/en/news?page=13,date_not_verified_requires_review,not_read_full_article,not_assigned,not_inferred_from_organizer_keyword,not_estimated,partial_archive_metadata_not_all_field_visits_or_training
https://dppa.un.org/en/news/new-mid-year-report-highlights-vital-role-of-the-multi-year-appeal-in-enabling-prevention,DPPA,"New Mid-Year Report Highlights Vital Role of the Multi-Year Appeal in Enabling Prevention, Peacemaking Work",not_verified_in_archive_card,https://dppa.un.org/en/news?page=11,date_not_verified_requires_review,not_read_full_article,not_assigned,not_inferred_from_organizer_keyword,not_estimated,partial_archive_metadata_not_all_field_visits_or_training
https://dppa.un.org/en/news/ninth-meeting-of-the-supervisory-committee-on-the-implementation-of-the-detainees,DPPA,Ninth meeting of the Supervisory Committee on the Implementation of the Detainees Agreement concludes in Oman,not_verified_in_archive_card,https://dppa.un.org/en/news?page=13,date_not_verified_requires_review,not_read_full_article,not_assigned,not_inferred_from_organizer_keyword,not_estimated,partial_archive_metadata_not_all_field_visits_or_training
https://dppa.un.org/en/news/note-to-correspondents-usg-rosemary-dicarlo-concludes-her-visit-to-libya,DPPA,Note to Correspondents: USG Rosemary DiCarlo concludes her visit to Libya,not_verified_in_archive_card,https://dppa.un.org/en/news?page=13,date_not_verified_requires_review,not_read_full_article,not_assigned,not_inferred_from_organizer_keyword,not_estimated,partial_archive_metadata_not_all_field_visits_or_training
https://dppa.un.org/en/news/on-visit-to-jubaland-acting-un-special-representative-james-swan-recommits-world-bodys,DPPA,"On visit to Jubaland, Acting UN Special Representative James Swan recommits world body’s support",not_verified_in_archive_card,https://dppa.un.org/en/news?page=13,date_not_verified_requires_review,not_read_full_article,not_assigned,not_inferred_from_organizer_keyword,not_estimated,partial_archive_metadata_not_all_field_visits_or_training
https://dppa.un.org/en/news/one-vote-millions-of-voices-how-the-un-continues-to-support-elections-worldwide,DPPA,"One Vote, Millions of Voices: How the UN Continues to Support Elections Worldwide",not_verified_in_archive_card,https://dppa.un.org/en/news?page=5,date_not_verified_requires_review,not_read_full_article,not_assigned,not_inferred_from_organizer_keyword,not_estimated,partial_archive_metadata_not_all_field_visits_or_training
https://dppa.un.org/en/news/ose-hoa-strengthens-partnership-with-igad-in-advancing-the-women-peace-and-security,DPPA,"OSE-HoA strengthens partnership with IGAD in advancing the Women, Peace and Security Agenda in the Horn of Africa",not_verified_in_archive_card,https://dppa.un.org/en/news?page=4,date_not_verified_requires_review,not_read_full_article,not_assigned,not_inferred_from_organizer_keyword,not_estimated,partial_archive_metadata_not_all_field_visits_or_training
https://dppa.un.org/en/news/osesgy-continues-political-dialogues-in-amman-to-advance-yemens-peace-process,DPPA,OSESGY continues political dialogues in Amman to advance Yemen’s peace process,not_verified_in_archive_card,https://dppa.un.org/en/news?page=12,date_not_verified_requires_review,not_read_full_article,not_assigned,not_inferred_from_organizer_keyword,not_estimated,partial_archive_metadata_not_all_field_visits_or_training
https://dppa.un.org/en/news/presidential-election-gabon-un-reiterates-call-for-credible-inclusive-transparent-and,DPPA,"Presidential Election - Gabon: UN reiterates call for credible, inclusive, transparent and sincere process",not_verified_in_archive_card,https://dppa.un.org/en/news?page=8,date_not_verified_requires_review,not_read_full_article,not_assigned,not_inferred_from_organizer_keyword,not_estimated,partial_archive_metadata_not_all_field_visits_or_training
https://dppa.un.org/en/news/press-release-on-mogadishu-visit-top-official-reaffirms-un-support-for-somalia,DPPA,"PRESS RELEASE: On Mogadishu visit, top official reaffirms UN support for Somalia",not_verified_in_archive_card,https://dppa.un.org/en/news?page=12,date_not_verified_requires_review,not_read_full_article,not_assigned,not_inferred_from_organizer_keyword,not_estimated,partial_archive_metadata_not_all_field_visits_or_training
https://dppa.un.org/en/news/press-statement-on-the-24th-anniversary-of-the-women-peace-and-security-wps-agenda,DPPA,"Press Statement on the 24th Anniversary of the Women, Peace, and Security (WPS) Agenda",not_verified_in_archive_card,https://dppa.un.org/en/news?page=11,date_not_verified_requires_review,not_read_full_article,not_assigned,not_inferred_from_organizer_keyword,not_estimated,partial_archive_metadata_not_all_field_visits_or_training
https://dppa.un.org/en/news/principals-of-affected-united-nations-entities-and-international-non-governmental,DPPA,Principals of Affected United Nations entities and International Non-Governmental Organizations renew their call for the immediate release of detained personnel,not_verified_in_archive_card,https://dppa.un.org/en/news?page=12,date_not_verified_requires_review,not_read_full_article,not_assigned,not_inferred_from_organizer_keyword,not_estimated,partial_archive_metadata_not_all_field_visits_or_training
https://dppa.un.org/en/news/public-speaking-as-the-key-skill-for-future-diplomats,DPPA,PUBLIC SPEAKING AS THE KEY SKILL FOR FUTURE DIPLOMATS,not_verified_in_archive_card,https://dppa.un.org/en/news?page=11,date_not_verified_requires_review,not_read_full_article,not_assigned,not_inferred_from_organizer_keyword,not_estimated,partial_archive_metadata_not_all_field_visits_or_training
https://dppa.un.org/en/news/regional-seminar-in-tokyo-explores-emerging-technologies-and-the-women-peace-and-security,DPPA,"Regional seminar in Tokyo explores emerging technologies and the Women, Peace and Security agenda",not_verified_in_archive_card,https://dppa.un.org/en/news?page=10,date_not_verified_requires_review,not_read_full_article,not_assigned,not_inferred_from_organizer_keyword,not_estimated,partial_archive_metadata_not_all_field_visits_or_training
https://dppa.un.org/en/news/shifting-mindsets-integrating-virtual-reality-in-conflict-mediation-and-peacebuilding,DPPA,Shifting Mindsets: Integrating Virtual Reality in Conflict Mediation and Peacebuilding,not_verified_in_archive_card,https://dppa.un.org/en/news?page=13,date_not_verified_requires_review,not_read_full_article,not_assigned,not_inferred_from_organizer_keyword,not_estimated,partial_archive_metadata_not_all_field_visits_or_training
https://dppa.un.org/en/news/spotlighting-the-role-of-indigenous-peoples-peacebuilding-for-climate-peace-and-security,DPPA,"Spotlighting the Role of Indigenous Peoples’ Peacebuilding for Climate, Peace and Security",not_verified_in_archive_card,https://dppa.un.org/en/news?page=9,date_not_verified_requires_review,not_read_full_article,not_assigned,not_inferred_from_organizer_keyword,not_estimated,partial_archive_metadata_not_all_field_visits_or_training
https://dppa.un.org/en/news/statement-by-the-secretary-general-on-latest-attacks-in-the-middle-east,DPPA,Statement by the Secretary-General on latest attacks in the Middle East,not_verified_in_archive_card,https://dppa.un.org/en/news?page=12,date_not_verified_requires_review,not_read_full_article,not_assigned,not_inferred_from_organizer_keyword,not_estimated,partial_archive_metadata_not_all_field_visits_or_training
https://dppa.un.org/en/news/statement-from-special-representative-of-the-secretary-general-and-head-of-unama-on,DPPA,Statement from Special Representative of the Secretary-General and head of UNAMA on International Day of the Girl Child,not_verified_in_archive_card,https://dppa.un.org/en/news?page=12,date_not_verified_requires_review,not_read_full_article,not_assigned,not_inferred_from_organizer_keyword,not_estimated,partial_archive_metadata_not_all_field_visits_or_training
https://dppa.un.org/en/news/statement-of-the-united-nations-special-coordinator-for-lebanon-jeanine-hennis,DPPA,Statement of the United Nations Special Coordinator for Lebanon Jeanine Hennis-Plasschaert,not_verified_in_archive_card,https://dppa.un.org/en/news?page=12,date_not_verified_requires_review,not_read_full_article,not_assigned,not_inferred_from_organizer_keyword,not_estimated,partial_archive_metadata_not_all_field_visits_or_training
https://dppa.un.org/en/news/strengthening-regional-responses-to-hate-speech-and-disinformation-in-the-horn-of-africa,DPPA,Strengthening regional responses to hate speech and disinformation in the Horn of Africa,not_verified_in_archive_card,https://dppa.un.org/en/news?page=0,date_not_verified_requires_review,not_read_full_article,not_assigned,not_inferred_from_organizer_keyword,not_estimated,partial_archive_metadata_not_all_field_visits_or_training
https://dppa.un.org/en/news/the-changing-face-of-un-sanctions,DPPA,The Changing Face of UN Sanctions,not_verified_in_archive_card,https://dppa.un.org/en/news?page=6,date_not_verified_requires_review,not_read_full_article,not_assigned,not_inferred_from_organizer_keyword,not_estimated,partial_archive_metadata_not_all_field_visits_or_training
https://dppa.un.org/en/news/the-financial-case-for-prevention-the-role-of-macroeconomic-policy-in-deterring-armed,DPPA,The Financial Case for Prevention: the Role of Macroeconomic Policy in Deterring Armed Conflict,not_verified_in_archive_card,https://dppa.un.org/en/news?page=9,date_not_verified_requires_review,not_read_full_article,not_assigned,not_inferred_from_organizer_keyword,not_estimated,partial_archive_metadata_not_all_field_visits_or_training
https://dppa.un.org/en/news/ukrainian-women-and-youth-discuss-meaningful-participation-in-making-and-building-peace,DPPA,Ukrainian women and youth discuss meaningful participation in making and building peace,not_verified_in_archive_card,https://dppa.un.org/en/news?page=8,date_not_verified_requires_review,not_read_full_article,not_assigned,not_inferred_from_organizer_keyword,not_estimated,partial_archive_metadata_not_all_field_visits_or_training
https://dppa.un.org/en/news/un-colleagues-honor-the-life-and-legacy-of-nicholas-fink-haysom,DPPA,UN colleagues honor the life and legacy of Nicholas “Fink” Haysom,not_verified_in_archive_card,https://dppa.un.org/en/news?page=0,date_not_verified_requires_review,not_read_full_article,not_assigned,not_inferred_from_organizer_keyword,not_estimated,partial_archive_metadata_not_all_field_visits_or_training
https://dppa.un.org/en/news/un-launches-first-comprehensive-historical-overview-of-special-political-missions,DPPA,UN launches first comprehensive historical overview of special political missions,not_verified_in_archive_card,https://dppa.un.org/en/news?page=2,date_not_verified_requires_review,not_read_full_article,not_assigned,not_inferred_from_organizer_keyword,not_estimated,partial_archive_metadata_not_all_field_visits_or_training
https://dppa.un.org/en/news/united-nations-and-organization-of-islamic-cooperation-convene-17th-general-cooperation,DPPA,United Nations and Organization of Islamic Cooperation convene 17th General Cooperation Meeting in Geneva,not_verified_in_archive_card,https://dppa.un.org/en/news?page=2,date_not_verified_requires_review,not_read_full_article,not_assigned,not_inferred_from_organizer_keyword,not_estimated,partial_archive_metadata_not_all_field_visits_or_training
https://dppa.un.org/en/news/unoau-participates-in-au-un-nato-workshop-on-technological-support-to-au-peace-support,DPPA,UNOAU Participates in AU-UN-NATO Workshop on Technological Support to AU Peace Support Operations,not_verified_in_archive_card,https://dppa.un.org/en/news?page=6,date_not_verified_requires_review,not_read_full_article,not_assigned,not_inferred_from_organizer_keyword,not_estimated,partial_archive_metadata_not_all_field_visits_or_training
https://dppa.un.org/en/news/unoau-supports-workshop-on-the-african-union-military-observers-training-curriculum,DPPA,UNOAU supports workshop on the African Union Military Observers Training Curriculum Development,not_verified_in_archive_card,https://dppa.un.org/en/news?page=6,date_not_verified_requires_review,not_read_full_article,not_assigned,not_inferred_from_organizer_keyword,not_estimated,partial_archive_metadata_not_all_field_visits_or_training
https://dppa.un.org/en/news/unsmil-welcomes-the-appointment-of-the-governor-and-deputy-governor-of-the-central-bank,DPPA,UNSMIL welcomes the appointment of the Governor and Deputy Governor of the Central Bank of Libya,not_verified_in_archive_card,https://dppa.un.org/en/news?page=13,date_not_verified_requires_review,not_read_full_article,not_assigned,not_inferred_from_organizer_keyword,not_estimated,partial_archive_metadata_not_all_field_visits_or_training
https://dppa.un.org/en/news/usg-dicarlo-highlights-the-value-of-prevention-and-impact-of-donor-support-for-dppas-work,DPPA,USG DiCarlo highlights the value of prevention and impact of donor support for DPPA’s work at annual donor meeting,not_verified_in_archive_card,https://dppa.un.org/en/news?page=3,date_not_verified_requires_review,not_read_full_article,not_assigned,not_inferred_from_organizer_keyword,not_estimated,partial_archive_metadata_not_all_field_visits_or_training
https://dppa.un.org/en/news/usg-dicarlo-meets-climate-peace-and-security-advisors-serving-in-un-political-missions,DPPA,"USG DiCarlo meets Climate, Peace and Security advisors serving in UN political missions",not_verified_in_archive_card,https://dppa.un.org/en/news?page=3,date_not_verified_requires_review,not_read_full_article,not_assigned,not_inferred_from_organizer_keyword,not_estimated,partial_archive_metadata_not_all_field_visits_or_training
https://dppa.un.org/en/news/using-the-power-of-ai-to-boost-youth-political-participation-in-guatemala,DPPA,Using the Power of AI to Boost Youth Political Participation in Guatemala,not_verified_in_archive_card,https://dppa.un.org/en/news?page=10,date_not_verified_requires_review,not_read_full_article,not_assigned,not_inferred_from_organizer_keyword,not_estimated,partial_archive_metadata_not_all_field_visits_or_training
https://dppa.un.org/en/news/when-women-lead-peace-follows-un-brings-stories-of-women-leading-peace-to-photoville,DPPA,"When Women Lead, Peace Follows: UN Brings Stories of Women Leading Peace to Photoville Festival",not_verified_in_archive_card,https://dppa.un.org/en/news?page=7,date_not_verified_requires_review,not_read_full_article,not_assigned,not_inferred_from_organizer_keyword,not_estimated,partial_archive_metadata_not_all_field_visits_or_training
https://dppa.un.org/en/news/with-a-quarter-of-the-world-directly-affected-by-violent-conflict-a-surge-in-investment,DPPA,"With a Quarter of the World Directly Affected by Violent Conflict, a Surge in Investment in Prevention and Peacebuilding is a Must",not_verified_in_archive_card,https://dppa.un.org/en/news?page=9,date_not_verified_requires_review,not_read_full_article,not_assigned,not_inferred_from_organizer_keyword,not_estimated,partial_archive_metadata_not_all_field_visits_or_training
https://dppa.un.org/en/news/with-dppa-support-strengthening-womens-voices-in-peace-and-security-in-ukraine,DPPA,"With DPPA Support, Strengthening Women’s Voices in Peace and Security in Ukraine",not_verified_in_archive_card,https://dppa.un.org/en/news?page=11,date_not_verified_requires_review,not_read_full_article,not_assigned,not_inferred_from_organizer_keyword,not_estimated,partial_archive_metadata_not_all_field_visits_or_training
https://dppa.un.org/en/news/working-for-peace-as-critical-and-as-challenging-as-ever,DPPA,"Working for Peace as Critical, and as Challenging, as Ever",not_verified_in_archive_card,https://dppa.un.org/en/news?page=5,date_not_verified_requires_review,not_read_full_article,not_assigned,not_inferred_from_organizer_keyword,not_estimated,partial_archive_metadata_not_all_field_visits_or_training
https://dppa.un.org/en/news/year-in-review-working-to-tackle-global-crises-and-conflict,DPPA,Year in Review: Working to Tackle Global Crises and Conflict,not_verified_in_archive_card,https://dppa.un.org/en/news?page=10,date_not_verified_requires_review,not_read_full_article,not_assigned,not_inferred_from_organizer_keyword,not_estimated,partial_archive_metadata_not_all_field_visits_or_training
https://dppa.un.org/en/news/youth-participation-in-elections-is-essential-for-bringing-about-change-say-libyan-youth,DPPA,"Youth participation in elections is essential for bringing about change, say Libyan youth in an online training",not_verified_in_archive_card,https://dppa.un.org/en/news?page=12,date_not_verified_requires_review,not_read_full_article,not_assigned,not_inferred_from_organizer_keyword,not_estimated,partial_archive_metadata_not_all_field_visits_or_training
https://unama.unmissions.org/en/news/access-to-information-promoted-in-northern-afghanistan,UNAMA,Access to Information promoted in northern Afghanistan,not_verified_in_archive_card,https://unama.unmissions.org/en/news?page=13,date_not_verified_requires_review,not_read_full_article,not_assigned,not_inferred_from_organizer_keyword,not_estimated,partial_archive_metadata_not_all_field_visits_or_training
https://unama.unmissions.org/en/news/afghan-journalists-join-un-in-marking-world-press-freedom-day,UNAMA,Afghan journalists join UN in marking World Press Freedom Day,not_verified_in_archive_card,https://unama.unmissions.org/en/news?page=9,date_not_verified_requires_review,not_read_full_article,not_assigned,not_inferred_from_organizer_keyword,not_estimated,partial_archive_metadata_not_all_field_visits_or_training
https://unama.unmissions.org/en/news/afghan-women-want-dialogue-to-ensure-basic-rights,UNAMA,Afghan women want dialogue to ensure basic rights,not_verified_in_archive_card,https://unama.unmissions.org/en/news?page=8,date_not_verified_requires_review,not_read_full_article,not_assigned,not_inferred_from_organizer_keyword,not_estimated,partial_archive_metadata_not_all_field_visits_or_training
https://unama.unmissions.org/en/news/afghanistan-climate-crisis-deepens-as-communities-scale-up-environmental-action,UNAMA,Afghanistan climate crisis deepens as communities scale up environmental action,not_verified_in_archive_card,https://unama.unmissions.org/en/news?page=1,date_not_verified_requires_review,not_read_full_article,not_assigned,not_inferred_from_organizer_keyword,not_estimated,partial_archive_metadata_not_all_field_visits_or_training
https://unama.unmissions.org/en/news/afghanistan-discusses-climate-change-disaster-calls-for-urgent-coordinated-action,UNAMA,"Afghanistan discusses climate change disaster, calls for urgent coordinated action",not_verified_in_archive_card,https://unama.unmissions.org/en/news?page=5,date_not_verified_requires_review,not_read_full_article,not_assigned,not_inferred_from_organizer_keyword,not_estimated,partial_archive_metadata_not_all_field_visits_or_training
https://unama.unmissions.org/en/news/art-and-photography-exhibition-showcases-works-by-afghan-women,UNAMA,Art and photography exhibition showcases works by Afghan women,not_verified_in_archive_card,https://unama.unmissions.org/en/news?page=3,date_not_verified_requires_review,not_read_full_article,not_assigned,not_inferred_from_organizer_keyword,not_estimated,partial_archive_metadata_not_all_field_visits_or_training
https://unama.unmissions.org/en/news/briefing-by-acting-head-of-unama-ramiz-alakbarov-to-the-security-council,UNAMA,Briefing by acting head of UNAMA Ramiz Alakbarov to the Security Council,not_verified_in_archive_card,https://unama.unmissions.org/en/news?page=9,date_not_verified_requires_review,not_read_full_article,not_assigned,not_inferred_from_organizer_keyword,not_estimated,partial_archive_metadata_not_all_field_visits_or_training
https://unama.unmissions.org/en/news/briefing-by-special-representative-deborah-lyons-to-the-security-council,UNAMA,Briefing by Special Representative Deborah Lyons to the Security Council,not_verified_in_archive_card,https://unama.unmissions.org/en/news?page=10,date_not_verified_requires_review,not_read_full_article,not_assigned,not_inferred_from_organizer_keyword,not_estimated,partial_archive_metadata_not_all_field_visits_or_training
https://unama.unmissions.org/en/news/briefing-by-special-representative-deborah-lyons-to-the-un-security-council,UNAMA,Briefing by Special Representative Deborah Lyons to the UN Security Council,not_verified_in_archive_card,https://unama.unmissions.org/en/news?page=12,date_not_verified_requires_review,not_read_full_article,not_assigned,not_inferred_from_organizer_keyword,not_estimated,partial_archive_metadata_not_all_field_visits_or_training
https://unama.unmissions.org/en/news/briefing-by-special-representative-roza-otunbayeva-to-the-security-council,UNAMA,Briefing by Special Representative Roza Otunbayeva to the Security Council,not_verified_in_archive_card,https://unama.unmissions.org/en/news?page=7,date_not_verified_requires_review,not_read_full_article,not_assigned,not_inferred_from_organizer_keyword,not_estimated,partial_archive_metadata_not_all_field_visits_or_training
https://unama.unmissions.org/en/news/briefing-by-special-representative-roza-otunbayeva-to-the-security-council-0,UNAMA,Briefing by Special Representative Roza Otunbayeva to the Security Council,not_verified_in_archive_card,https://unama.unmissions.org/en/news?page=5,date_not_verified_requires_review,not_read_full_article,not_assigned,not_inferred_from_organizer_keyword,not_estimated,partial_archive_metadata_not_all_field_visits_or_training
https://unama.unmissions.org/en/news/briefing-by-special-representative-roza-otunbayeva-to-the-security-council-1,UNAMA,Briefing by Special Representative Roza Otunbayeva to the Security Council,not_verified_in_archive_card,https://unama.unmissions.org/en/news?page=5,date_not_verified_requires_review,not_read_full_article,not_assigned,not_inferred_from_organizer_keyword,not_estimated,partial_archive_metadata_not_all_field_visits_or_training
https://unama.unmissions.org/en/news/briefing-by-special-representative-roza-otunbayeva-to-the-security-council-2,UNAMA,Briefing by Special Representative Roza Otunbayeva to the Security Council,not_verified_in_archive_card,https://unama.unmissions.org/en/news?page=4,date_not_verified_requires_review,not_read_full_article,not_assigned,not_inferred_from_organizer_keyword,not_estimated,partial_archive_metadata_not_all_field_visits_or_training
https://unama.unmissions.org/en/news/briefing-by-special-representative-roza-otunbayeva-to-the-security-council-3,UNAMA,Briefing by Special Representative Roza Otunbayeva to the Security Council,not_verified_in_archive_card,https://unama.unmissions.org/en/news?page=4,date_not_verified_requires_review,not_read_full_article,not_assigned,not_inferred_from_organizer_keyword,not_estimated,partial_archive_metadata_not_all_field_visits_or_training
https://unama.unmissions.org/en/news/briefing-by-special-representative-roza-otunbayeva-to-the-security-council-4,UNAMA,Briefing by Special Representative Roza Otunbayeva to the Security Council,not_verified_in_archive_card,https://unama.unmissions.org/en/news?page=4,date_not_verified_requires_review,not_read_full_article,not_assigned,not_inferred_from_organizer_keyword,not_estimated,partial_archive_metadata_not_all_field_visits_or_training
https://unama.unmissions.org/en/news/briefing-by-special-representative-roza-otunbayeva-to-the-security-council-5,UNAMA,Briefing by Special Representative Roza Otunbayeva to the Security Council,not_verified_in_archive_card,https://unama.unmissions.org/en/news?page=3,date_not_verified_requires_review,not_read_full_article,not_assigned,not_inferred_from_organizer_keyword,not_estimated,partial_archive_metadata_not_all_field_visits_or_training
https://unama.unmissions.org/en/news/briefing-by-special-representative-roza-otunbayeva-to-the-security-council-6,UNAMA,Briefing by Special Representative Roza Otunbayeva to the Security Council,not_verified_in_archive_card,https://unama.unmissions.org/en/news?page=3,date_not_verified_requires_review,not_read_full_article,not_assigned,not_inferred_from_organizer_keyword,not_estimated,partial_archive_metadata_not_all_field_visits_or_training
https://unama.unmissions.org/en/news/briefing-by-special-representative-roza-otunbayeva-to-the-security-council-7,UNAMA,Briefing by Special Representative Roza Otunbayeva to the Security Council,not_verified_in_archive_card,https://unama.unmissions.org/en/news?page=2,date_not_verified_requires_review,not_read_full_article,not_assigned,not_inferred_from_organizer_keyword,not_estimated,partial_archive_metadata_not_all_field_visits_or_training
https://unama.unmissions.org/en/news/briefing-by-special-representative-roza-otunbayeva-to-the-un-security-council,UNAMA,Briefing by Special Representative Roza Otunbayeva to the UN Security Council,not_verified_in_archive_card,https://unama.unmissions.org/en/news?page=6,date_not_verified_requires_review,not_read_full_article,not_assigned,not_inferred_from_organizer_keyword,not_estimated,partial_archive_metadata_not_all_field_visits_or_training
https://unama.unmissions.org/en/news/cash-shipments-to-the-un-in-afghanistan-info-sheet,UNAMA,Cash Shipments to the UN in Afghanistan – Info Sheet,not_verified_in_archive_card,https://unama.unmissions.org/en/news?page=7,date_not_verified_requires_review,not_read_full_article,not_assigned,not_inferred_from_organizer_keyword,not_estimated,partial_archive_metadata_not_all_field_visits_or_training
https://unama.unmissions.org/en/news/civil-society-in-central-afghanistan-calls-for-an-end-to-the-conflict,UNAMA,Civil society in Central Afghanistan calls for an end to the conflict,not_verified_in_archive_card,https://unama.unmissions.org/en/news?page=11,date_not_verified_requires_review,not_read_full_article,not_assigned,not_inferred_from_organizer_keyword,not_estimated,partial_archive_metadata_not_all_field_visits_or_training
https://unama.unmissions.org/en/news/civilian-casualties-set-to-hit-unprecedented-highs-in-2021-unless-urgent-action-to-stem,UNAMA,Civilian casualties set to hit unprecedented highs in 2021 unless urgent action to stem violence – UN report,not_verified_in_archive_card,https://unama.unmissions.org/en/news?page=12,date_not_verified_requires_review,not_read_full_article,not_assigned,not_inferred_from_organizer_keyword,not_estimated,partial_archive_metadata_not_all_field_visits_or_training
https://unama.unmissions.org/en/news/deputy-special-representative-markus-potzels-briefing-to-the-security-council,UNAMA,Deputy Special Representative Markus Potzel's briefing to the Security Council,not_verified_in_archive_card,https://unama.unmissions.org/en/news?page=8,date_not_verified_requires_review,not_read_full_article,not_assigned,not_inferred_from_organizer_keyword,not_estimated,partial_archive_metadata_not_all_field_visits_or_training
https://unama.unmissions.org/en/news/dignity-freedom-and-justice-must-be-upheld-in-afghanistan-world-marks-human-rights-day,UNAMA,"Dignity, freedom and justice must be upheld in afghanistan– World marks human rights day",not_verified_in_archive_card,https://unama.unmissions.org/en/news?page=8,date_not_verified_requires_review,not_read_full_article,not_assigned,not_inferred_from_organizer_keyword,not_estimated,partial_archive_metadata_not_all_field_visits_or_training
https://unama.unmissions.org/en/news/dsrsg-gagnon-briefing-security-council,UNAMA,DSRSG Gagnon briefing to the Security Council,not_verified_in_archive_card,https://unama.unmissions.org/en/news?page=2,date_not_verified_requires_review,not_read_full_article,not_assigned,not_inferred_from_organizer_keyword,not_estimated,partial_archive_metadata_not_all_field_visits_or_training
https://unama.unmissions.org/en/news/dsrsg-gagnon-briefing-security-council-0,UNAMA,DSRSG Gagnon briefing to the Security Council,not_verified_in_archive_card,https://unama.unmissions.org/en/news?page=2,date_not_verified_requires_review,not_read_full_article,not_assigned,not_inferred_from_organizer_keyword,not_estimated,partial_archive_metadata_not_all_field_visits_or_training
https://unama.unmissions.org/en/news/dsrsg-gagnon-briefing-to-the-security-council-0,UNAMA,DSRSG Gagnon briefing to the Security Council,not_verified_in_archive_card,https://unama.unmissions.org/en/news?page=1,date_not_verified_requires_review,not_read_full_article,not_assigned,not_inferred_from_organizer_keyword,not_estimated,partial_archive_metadata_not_all_field_visits_or_training
https://unama.unmissions.org/en/news/dsrsg-gagnon-briefing-to-the-security-council-1,UNAMA,DSRSG Gagnon briefing to the Security Council,not_verified_in_archive_card,https://unama.unmissions.org/en/news?page=0,date_not_verified_requires_review,not_read_full_article,not_assigned,not_inferred_from_organizer_keyword,not_estimated,partial_archive_metadata_not_all_field_visits_or_training
https://unama.unmissions.org/en/news/dsrsg-knudsen-remarks-at-central-asia-ministerial-meeting-on-the-afghan-peace-process,UNAMA,"DSRSG Knudsen remarks at Central Asia Ministerial Meeting on “The Afghan Peace Process and impact of withdrawal of International Forces""",not_verified_in_archive_card,https://unama.unmissions.org/en/news?page=12,date_not_verified_requires_review,not_read_full_article,not_assigned,not_inferred_from_organizer_keyword,not_estimated,partial_archive_metadata_not_all_field_visits_or_training
https://unama.unmissions.org/en/news/end-all-forms-of-gender-based-violence-in-afghanistan,UNAMA,End all forms of gender-based violence in Afghanistan,not_verified_in_archive_card,https://unama.unmissions.org/en/news?page=8,date_not_verified_requires_review,not_read_full_article,not_assigned,not_inferred_from_organizer_keyword,not_estimated,partial_archive_metadata_not_all_field_visits_or_training
https://unama.unmissions.org/en/news/family-leaders-and-access-to-justice-are-key-to-eliminating-violence-against-women,UNAMA,Family leaders and access to justice are key to eliminating violence against women,not_verified_in_archive_card,https://unama.unmissions.org/en/news?page=12,date_not_verified_requires_review,not_read_full_article,not_assigned,not_inferred_from_organizer_keyword,not_estimated,partial_archive_metadata_not_all_field_visits_or_training
https://unama.unmissions.org/en/news/fighting-corruption-in-afghanistan-stepping-up-integrity-transparency-and-accountability,UNAMA,"Fighting corruption in Afghanistan: stepping up integrity, transparency and accountability - UN Report",not_verified_in_archive_card,https://unama.unmissions.org/en/news?page=12,date_not_verified_requires_review,not_read_full_article,not_assigned,not_inferred_from_organizer_keyword,not_estimated,partial_archive_metadata_not_all_field_visits_or_training
https://unama.unmissions.org/en/news/future-of-afghanistans-media-in-the-balance-as-world-marks-world-press-freedom-day,UNAMA,Future of Afghanistan’s Media in the balance as world marks World Press Freedom Day,not_verified_in_archive_card,https://unama.unmissions.org/en/news?page=6,date_not_verified_requires_review,not_read_full_article,not_assigned,not_inferred_from_organizer_keyword,not_estimated,partial_archive_metadata_not_all_field_visits_or_training
https://unama.unmissions.org/en/news/grassroots-efforts-for-afghan-peace-continue,UNAMA,Grassroots efforts for Afghan peace continue,not_verified_in_archive_card,https://unama.unmissions.org/en/news?page=13,date_not_verified_requires_review,not_read_full_article,not_assigned,not_inferred_from_organizer_keyword,not_estimated,partial_archive_metadata_not_all_field_visits_or_training
https://unama.unmissions.org/en/news/helping-protect-childrens-rights-in-southeastern-afghanistan,UNAMA,Helping protect children’s rights in Southeastern Afghanistan,not_verified_in_archive_card,https://unama.unmissions.org/en/news?page=12,date_not_verified_requires_review,not_read_full_article,not_assigned,not_inferred_from_organizer_keyword,not_estimated,partial_archive_metadata_not_all_field_visits_or_training
https://unama.unmissions.org/en/news/high-level-un-delegation-led-by-the-deputy-sg-calls-on-afghanistans-de-facto-taliban,UNAMA,High-level UN delegation led by the Deputy SG calls on Afghanistan’s de facto Taliban authorities to reverse course on recent decrees limiting women’s and girls’ rights,not_verified_in_archive_card,https://unama.unmissions.org/en/news?page=7,date_not_verified_requires_review,not_read_full_article,not_assigned,not_inferred_from_organizer_keyword,not_estimated,partial_archive_metadata_not_all_field_visits_or_training
https://unama.unmissions.org/en/news/human-rights-situation-in-afghanistan-may-june-2023-update,UNAMA,Human Rights situation in Afghanistan: May - June 2023 Update,not_verified_in_archive_card,https://unama.unmissions.org/en/news?page=6,date_not_verified_requires_review,not_read_full_article,not_assigned,not_inferred_from_organizer_keyword,not_estimated,partial_archive_metadata_not_all_field_visits_or_training
https://unama.unmissions.org/en/news/humanitarian-donors-urged-to-step-up-again-for-afghanistan,UNAMA,Humanitarian donors urged to step up again for Afghanistan,not_verified_in_archive_card,https://unama.unmissions.org/en/news?page=10,date_not_verified_requires_review,not_read_full_article,not_assigned,not_inferred_from_organizer_keyword,not_estimated,partial_archive_metadata_not_all_field_visits_or_training
https://unama.unmissions.org/en/news/impunity-prevails-for-human-rights-violations-against-former-government-officials-and,UNAMA,Impunity prevails for human rights violations against former government officials and armed force members,not_verified_in_archive_card,https://unama.unmissions.org/en/news?page=6,date_not_verified_requires_review,not_read_full_article,not_assigned,not_inferred_from_organizer_keyword,not_estimated,partial_archive_metadata_not_all_field_visits_or_training
https://unama.unmissions.org/en/news/in-badakhshan-unama-reaffirms-support-for-women-and-sustainable-livelihoods,UNAMA,"In Badakhshan, UNAMA reaffirms support for women and sustainable livelihoods",not_verified_in_archive_card,https://unama.unmissions.org/en/news?page=0,date_not_verified_requires_review,not_read_full_article,not_assigned,not_inferred_from_organizer_keyword,not_estimated,partial_archive_metadata_not_all_field_visits_or_training
https://unama.unmissions.org/en/news/in-visit-to-afghanistans-north-special-envoy-otunbayeva-assures-continued-un-support,UNAMA,"In visit to Afghanistan’s north, special envoy Otunbayeva assures continued UN support, stresses regional cooperation",not_verified_in_archive_card,https://unama.unmissions.org/en/news?page=8,date_not_verified_requires_review,not_read_full_article,not_assigned,not_inferred_from_organizer_keyword,not_estimated,partial_archive_metadata_not_all_field_visits_or_training
https://unama.unmissions.org/en/news/international-human-rights-day-celebrates-principle-of-equality-unama-calls-on-taliban,UNAMA,"International Human Rights Day celebrates principle of equality, UNAMA calls on Taliban to support equal rights of all Afghans",not_verified_in_archive_card,https://unama.unmissions.org/en/news?page=10,date_not_verified_requires_review,not_read_full_article,not_assigned,not_inferred_from_organizer_keyword,not_estimated,partial_archive_metadata_not_all_field_visits_or_training
https://unama.unmissions.org/en/news/latest-un-update-on-the-human-rights-situation-in-afghanistan-covering-january-to-march,UNAMA,Latest UN update on the Human rights Situation in Afghanistan covering January to March 2026,not_verified_in_archive_card,https://unama.unmissions.org/en/news?page=1,date_not_verified_requires_review,not_read_full_article,not_assigned,not_inferred_from_organizer_keyword,not_estimated,partial_archive_metadata_not_all_field_visits_or_training
https://unama.unmissions.org/en/news/literacy-improving-lives-building-prosperity-in-afghanistan,UNAMA,"Literacy: improving lives, building prosperity in Afghanistan",not_verified_in_archive_card,https://unama.unmissions.org/en/news?page=0,date_not_verified_requires_review,not_read_full_article,not_assigned,not_inferred_from_organizer_keyword,not_estimated,partial_archive_metadata_not_all_field_visits_or_training
https://unama.unmissions.org/en/news/live-and-on-demand-webcast-of-un-general-assembly-meeting-on-afghanistan,UNAMA,Live and on-demand webcast of UN General Assembly meeting on Afghanistan,not_verified_in_archive_card,https://unama.unmissions.org/en/news?page=3,date_not_verified_requires_review,not_read_full_article,not_assigned,not_inferred_from_organizer_keyword,not_estimated,partial_archive_metadata_not_all_field_visits_or_training
https://unama.unmissions.org/en/news/live-and-on-demand-webcast-of-un-security-council-session-on-afghanistan-1,UNAMA,Live and on-demand webcast of UN Security Council session on Afghanistan,not_verified_in_archive_card,https://unama.unmissions.org/en/news?page=8,date_not_verified_requires_review,not_read_full_article,not_assigned,not_inferred_from_organizer_keyword,not_estimated,partial_archive_metadata_not_all_field_visits_or_training
https://unama.unmissions.org/en/news/live-and-on-demand-webcast-of-un-security-council-session-on-afghanistan-2,UNAMA,Live and on-demand webcast of UN Security Council session on Afghanistan,not_verified_in_archive_card,https://unama.unmissions.org/en/news?page=7,date_not_verified_requires_review,not_read_full_article,not_assigned,not_inferred_from_organizer_keyword,not_estimated,partial_archive_metadata_not_all_field_visits_or_training
https://unama.unmissions.org/en/news/live-and-on-demand-webcast-of-un-security-council-session-on-afghanistan-3,UNAMA,Live and on-demand webcast of UN Security Council session on Afghanistan,not_verified_in_archive_card,https://unama.unmissions.org/en/news?page=5,date_not_verified_requires_review,not_read_full_article,not_assigned,not_inferred_from_organizer_keyword,not_estimated,partial_archive_metadata_not_all_field_visits_or_training
https://unama.unmissions.org/en/news/live-and-on-demand-webcast-of-un-security-council-session-on-afghanistan-4,UNAMA,Live and on-demand webcast of UN Security Council session on Afghanistan,not_verified_in_archive_card,https://unama.unmissions.org/en/news?page=5,date_not_verified_requires_review,not_read_full_article,not_assigned,not_inferred_from_organizer_keyword,not_estimated,partial_archive_metadata_not_all_field_visits_or_training
https://unama.unmissions.org/en/news/live-and-on-demand-webcast-of-un-security-council-session-on-afghanistan-5,UNAMA,Live and on-demand webcast of UN Security Council session on Afghanistan,not_verified_in_archive_card,https://unama.unmissions.org/en/news?page=3,date_not_verified_requires_review,not_read_full_article,not_assigned,not_inferred_from_organizer_keyword,not_estimated,partial_archive_metadata_not_all_field_visits_or_training
https://unama.unmissions.org/en/news/live-and-on-demand-webcast-of-un-security-council-session-on-afghanistan-6,UNAMA,Live and on-demand webcast of UN Security Council session on Afghanistan,not_verified_in_archive_card,https://unama.unmissions.org/en/news?page=3,date_not_verified_requires_review,not_read_full_article,not_assigned,not_inferred_from_organizer_keyword,not_estimated,partial_archive_metadata_not_all_field_visits_or_training
https://unama.unmissions.org/en/news/live-and-on-demand-webcast-of-un-security-council-session-on-latest-afghanistan-report-4,UNAMA,Live and on-demand webcast of UN Security Council session on latest Afghanistan report,not_verified_in_archive_card,https://unama.unmissions.org/en/news?page=13,date_not_verified_requires_review,not_read_full_article,not_assigned,not_inferred_from_organizer_keyword,not_estimated,partial_archive_metadata_not_all_field_visits_or_training
https://unama.unmissions.org/en/news/live-and-on-demand-webcast-of-un-security-council-session-on-latest-afghanistan-report-7,UNAMA,Live and on-demand webcast of UN Security Council session on latest Afghanistan report,not_verified_in_archive_card,https://unama.unmissions.org/en/news?page=10,date_not_verified_requires_review,not_read_full_article,not_assigned,not_inferred_from_organizer_keyword,not_estimated,partial_archive_metadata_not_all_field_visits_or_training
https://unama.unmissions.org/en/news/more-solar-panels-to-power-unama-headquarters,UNAMA,More solar panels to power UNAMA headquarters,not_verified_in_archive_card,https://unama.unmissions.org/en/news?page=6,date_not_verified_requires_review,not_read_full_article,not_assigned,not_inferred_from_organizer_keyword,not_estimated,partial_archive_metadata_not_all_field_visits_or_training
https://unama.unmissions.org/en/news/mounting-concern-about-reports-of-human-rights-abuses-in-communities-most-affected-by,UNAMA,Mounting concern about reports of human rights abuses in communities most affected by military offensive,not_verified_in_archive_card,https://unama.unmissions.org/en/news?page=12,date_not_verified_requires_review,not_read_full_article,not_assigned,not_inferred_from_organizer_keyword,not_estimated,partial_archive_metadata_not_all_field_visits_or_training
https://unama.unmissions.org/en/news/need-for-violence-to-end-in-order-to-stop-thousands-of-afghan-civilians-being-killed-and,UNAMA,Need for violence to end in order to stop thousands of Afghan civilians being killed and injured in 2021 - UN Report,not_verified_in_archive_card,https://unama.unmissions.org/en/news?page=13,date_not_verified_requires_review,not_read_full_article,not_assigned,not_inferred_from_organizer_keyword,not_estimated,partial_archive_metadata_not_all_field_visits_or_training
https://unama.unmissions.org/en/news/new-deputy-special-representative-for-afghanistan-arrives-in-kabul,UNAMA,New Deputy Special Representative for Afghanistan arrives in Kabul,not_verified_in_archive_card,https://unama.unmissions.org/en/news?page=5,date_not_verified_requires_review,not_read_full_article,not_assigned,not_inferred_from_organizer_keyword,not_estimated,partial_archive_metadata_not_all_field_visits_or_training
https://unama.unmissions.org/en/news/new-deputy-special-representative-for-afghanistan-arrives-in-kabul-0,UNAMA,New Deputy Special Representative for Afghanistan arrives in Kabul,not_verified_in_archive_card,https://unama.unmissions.org/en/news?page=4,date_not_verified_requires_review,not_read_full_article,not_assigned,not_inferred_from_organizer_keyword,not_estimated,partial_archive_metadata_not_all_field_visits_or_training
https://unama.unmissions.org/en/news/new-un-deputy-special-representative-for-afghanistan-arrives-in-kabul,UNAMA,New UN Deputy Special Representative for Afghanistan arrives in Kabul,not_verified_in_archive_card,https://unama.unmissions.org/en/news?page=9,date_not_verified_requires_review,not_read_full_article,not_assigned,not_inferred_from_organizer_keyword,not_estimated,partial_archive_metadata_not_all_field_visits_or_training
https://unama.unmissions.org/en/news/note-to-correspondents-on-afghanistan,UNAMA,Note to Correspondents – on Afghanistan,not_verified_in_archive_card,https://unama.unmissions.org/en/news?page=11,date_not_verified_requires_review,not_read_full_article,not_assigned,not_inferred_from_organizer_keyword,not_estimated,partial_archive_metadata_not_all_field_visits_or_training
https://unama.unmissions.org/en/news/note-to-correspondents-on-the-joint-declaration-by-the-islamic-republic-of-afghanistan,UNAMA,Note to Correspondents on the joint declaration by the Islamic Republic of Afghanistan and the Taliban,not_verified_in_archive_card,https://unama.unmissions.org/en/news?page=12,date_not_verified_requires_review,not_read_full_article,not_assigned,not_inferred_from_organizer_keyword,not_estimated,partial_archive_metadata_not_all_field_visits_or_training
https://unama.unmissions.org/en/news/on-human-rights-day-unama-reminds-de-facto-authorities-of-their-human-rights-obligations,UNAMA,"On Human Rights Day, UNAMA reminds de facto authorities of their human rights obligations",not_verified_in_archive_card,https://unama.unmissions.org/en/news?page=5,date_not_verified_requires_review,not_read_full_article,not_assigned,not_inferred_from_organizer_keyword,not_estimated,partial_archive_metadata_not_all_field_visits_or_training
https://unama.unmissions.org/en/news/on-international-womens-day-un-urges-end-to-restrictions-on-women-and-girls-in,UNAMA,"On International Women’s Day, UN urges end to restrictions on women and girls in Afghanistan",not_verified_in_archive_card,https://unama.unmissions.org/en/news?page=5,date_not_verified_requires_review,not_read_full_article,not_assigned,not_inferred_from_organizer_keyword,not_estimated,partial_archive_metadata_not_all_field_visits_or_training
https://unama.unmissions.org/en/news/one-year-of-girls-being-excluded-from-high-school-renewed-call-that-they-be-enabled-to,UNAMA,One year of girls being excluded from high school – renewed call that they be enabled to return to classroom,not_verified_in_archive_card,https://unama.unmissions.org/en/news?page=8,date_not_verified_requires_review,not_read_full_article,not_assigned,not_inferred_from_organizer_keyword,not_estimated,partial_archive_metadata_not_all_field_visits_or_training
https://unama.unmissions.org/en/news/photo-exhibition-on-afghanistans-water-crises-on-display-at-un-headquarters-in-ny,UNAMA,Photo exhibition on Afghanistan’s water crises on display at UN headquarters in NY,not_verified_in_archive_card,https://unama.unmissions.org/en/news?page=3,date_not_verified_requires_review,not_read_full_article,not_assigned,not_inferred_from_organizer_keyword,not_estimated,partial_archive_metadata_not_all_field_visits_or_training
https://unama.unmissions.org/en/news/remarks-by-un-deputy-spokesperson-on-afghanistan-consultations-and-visit,UNAMA,Remarks by UN Deputy-Spokesperson on Afghanistan consultations and visit,not_verified_in_archive_card,https://unama.unmissions.org/en/news?page=7,date_not_verified_requires_review,not_read_full_article,not_assigned,not_inferred_from_organizer_keyword,not_estimated,partial_archive_metadata_not_all_field_visits_or_training
https://unama.unmissions.org/en/news/remarks-by-un-deputy-spokesperson-on-afghanistan-consultations-and-visit-0,UNAMA,Remarks by UN Deputy-Spokesperson on Afghanistan consultations and visit,not_verified_in_archive_card,https://unama.unmissions.org/en/news?page=7,date_not_verified_requires_review,not_read_full_article,not_assigned,not_inferred_from_organizer_keyword,not_estimated,partial_archive_metadata_not_all_field_visits_or_training
https://unama.unmissions.org/en/news/report-of-the-secretary-general-the-situation-in-afghanistan-and-its-implications-for,UNAMA,Report of the Secretary-General: The situation in Afghanistan and its implications for international peace and security,not_verified_in_archive_card,https://unama.unmissions.org/en/news?page=4,date_not_verified_requires_review,not_read_full_article,not_assigned,not_inferred_from_organizer_keyword,not_estimated,partial_archive_metadata_not_all_field_visits_or_training
https://unama.unmissions.org/en/news/report-of-the-secretary-general-the-situation-in-afghanistan-and-its-implications-for-0,UNAMA,Report of the Secretary-General: The situation in Afghanistan and its implications for international peace and security,not_verified_in_archive_card,https://unama.unmissions.org/en/news?page=3,date_not_verified_requires_review,not_read_full_article,not_assigned,not_inferred_from_organizer_keyword,not_estimated,partial_archive_metadata_not_all_field_visits_or_training
https://unama.unmissions.org/en/news/report-of-the-secretary-general-the-situation-in-afghanistan-and-its-implications-for-1,UNAMA,Report of the Secretary-General: The situation in Afghanistan and its implications for international peace and security,not_verified_in_archive_card,https://unama.unmissions.org/en/news?page=3,date_not_verified_requires_review,not_read_full_article,not_assigned,not_inferred_from_organizer_keyword,not_estimated,partial_archive_metadata_not_all_field_visits_or_training
https://unama.unmissions.org/en/news/report-of-the-secretary-general-the-situation-in-afghanistan-and-its-implications-for-2,UNAMA,Report of the Secretary-General: The situation in Afghanistan and its implications for international peace and security,not_verified_in_archive_card,https://unama.unmissions.org/en/news?page=3,date_not_verified_requires_review,not_read_full_article,not_assigned,not_inferred_from_organizer_keyword,not_estimated,partial_archive_metadata_not_all_field_visits_or_training
https://unama.unmissions.org/en/news/report-secretary-general-situation-afghanistan-and-its-implications-international-0,UNAMA,Report of the Secretary-General: The situation in Afghanistan and its implications for international peace and security,not_verified_in_archive_card,https://unama.unmissions.org/en/news?page=2,date_not_verified_requires_review,not_read_full_article,not_assigned,not_inferred_from_organizer_keyword,not_estimated,partial_archive_metadata_not_all_field_visits_or_training
https://unama.unmissions.org/en/news/report-secretary-general-situation-afghanistan-and-its-implications-international-peace,UNAMA,Report of the Secretary-General: The situation in Afghanistan and its implications for international peace and security,not_verified_in_archive_card,https://unama.unmissions.org/en/news?page=2,date_not_verified_requires_review,not_read_full_article,not_assigned,not_inferred_from_organizer_keyword,not_estimated,partial_archive_metadata_not_all_field_visits_or_training
https://unama.unmissions.org/en/news/saving-civilian-lives-must-be-a-priority,UNAMA,Saving civilian lives must be a priority,not_verified_in_archive_card,https://unama.unmissions.org/en/news?page=13,date_not_verified_requires_review,not_read_full_article,not_assigned,not_inferred_from_organizer_keyword,not_estimated,partial_archive_metadata_not_all_field_visits_or_training
https://unama.unmissions.org/en/news/secretary-general-appoints-feridun-sinirlioglu-of-turkiye-as-special-coordinator,UNAMA,Secretary-General appoints Feridun Sinirlioğlu of Türkiye as Special Coordinator,not_verified_in_archive_card,https://unama.unmissions.org/en/news?page=6,date_not_verified_requires_review,not_read_full_article,not_assigned,not_inferred_from_organizer_keyword,not_estimated,partial_archive_metadata_not_all_field_visits_or_training
https://unama.unmissions.org/en/news/secretary-general-appoints-mr-bruno-georges-lemarquis-as-his-deputy-special,UNAMA,Secretary-General Appoints Mr. Bruno Georges Lemarquis as his Deputy Special Representative and Resident Coordinator in Afghanistan,not_verified_in_archive_card,https://unama.unmissions.org/en/news?page=1,date_not_verified_requires_review,not_read_full_article,not_assigned,not_inferred_from_organizer_keyword,not_estimated,partial_archive_metadata_not_all_field_visits_or_training
https://unama.unmissions.org/en/news/secretary-general-appoints-ms-rabab-fatima-of-bangladesh-as-special-representative-for,UNAMA,Secretary-General appoints Ms. Rabab Fatima of Bangladesh as Special Representative for Afghanistan and Head of the United Nations Assistance Mission in Afghanistan (UNAMA),not_verified_in_archive_card,https://unama.unmissions.org/en/news?page=0,date_not_verified_requires_review,not_read_full_article,not_assigned,not_inferred_from_organizer_keyword,not_estimated,partial_archive_metadata_not_all_field_visits_or_training
https://unama.unmissions.org/en/news/secretary-general-appoints-ms-roza-otunbayeva-of-kyrgyzstan-as-special-representative,UNAMA,Secretary-General appoints Ms. Roza Otunbayeva of Kyrgyzstan as Special Representative for Afghanistan and Head of UNAMA,not_verified_in_archive_card,https://unama.unmissions.org/en/news?page=9,date_not_verified_requires_review,not_read_full_article,not_assigned,not_inferred_from_organizer_keyword,not_estimated,partial_archive_metadata_not_all_field_visits_or_training
https://unama.unmissions.org/en/news/secretary-general-condemns-attack-on-imam-baragah-mosque-in-kandahar,UNAMA,Secretary-General condemns  attack on Imam Baragah mosque in Kandahar,not_verified_in_archive_card,https://unama.unmissions.org/en/news?page=11,date_not_verified_requires_review,not_read_full_article,not_assigned,not_inferred_from_organizer_keyword,not_estimated,partial_archive_metadata_not_all_field_visits_or_training
https://unama.unmissions.org/en/news/secretary-general-condemns-kabul-attack-outside-russian-embassy,UNAMA,Secretary-General condemns Kabul attack outside Russian Embassy,not_verified_in_archive_card,https://unama.unmissions.org/en/news?page=9,date_not_verified_requires_review,not_read_full_article,not_assigned,not_inferred_from_organizer_keyword,not_estimated,partial_archive_metadata_not_all_field_visits_or_training
https://unama.unmissions.org/en/news/secretary-general-condemns-multiple-attacks-in-afghanistan,UNAMA,Secretary-General condemns multiple attacks in Afghanistan,not_verified_in_archive_card,https://unama.unmissions.org/en/news?page=10,date_not_verified_requires_review,not_read_full_article,not_assigned,not_inferred_from_organizer_keyword,not_estimated,partial_archive_metadata_not_all_field_visits_or_training
https://unama.unmissions.org/en/news/secretary-general-condemns-recent-attacks-in-afghanistan,UNAMA,Secretary-General condemns recent attacks in Afghanistan,not_verified_in_archive_card,https://unama.unmissions.org/en/news?page=9,date_not_verified_requires_review,not_read_full_article,not_assigned,not_inferred_from_organizer_keyword,not_estimated,partial_archive_metadata_not_all_field_visits_or_training
https://unama.unmissions.org/en/news/secretary-general-deeply-disturbed-by-new-taliban-order-banning-women-from-working-in,UNAMA,Secretary-General ‘deeply disturbed’ by new Taliban order banning women from working in NGOs,not_verified_in_archive_card,https://unama.unmissions.org/en/news?page=7,date_not_verified_requires_review,not_read_full_article,not_assigned,not_inferred_from_organizer_keyword,not_estimated,partial_archive_metadata_not_all_field_visits_or_training
https://unama.unmissions.org/en/news/secretary-general-expresses-concern-over-series-of-explosions-in-afghanistan,UNAMA,Secretary-General expresses concern over series of explosions in Afghanistan,not_verified_in_archive_card,https://unama.unmissions.org/en/news?page=9,date_not_verified_requires_review,not_read_full_article,not_assigned,not_inferred_from_organizer_keyword,not_estimated,partial_archive_metadata_not_all_field_visits_or_training
https://unama.unmissions.org/en/news/secretary-general-strongly-condemns-attack-on-educational-centre-in-kabul,UNAMA,Secretary-General strongly condemns attack on educational centre in Kabul,not_verified_in_archive_card,https://unama.unmissions.org/en/news?page=8,date_not_verified_requires_review,not_read_full_article,not_assigned,not_inferred_from_organizer_keyword,not_estimated,partial_archive_metadata_not_all_field_visits_or_training
https://unama.unmissions.org/en/news/secretary-general-strongly-condemns-taliban-decision-to-ban-afghan-women-from-working,UNAMA,Secretary-General strongly condemns Taliban decision to ban Afghan women from working with UN in Afghanistan,not_verified_in_archive_card,https://unama.unmissions.org/en/news?page=6,date_not_verified_requires_review,not_read_full_article,not_assigned,not_inferred_from_organizer_keyword,not_estimated,partial_archive_metadata_not_all_field_visits_or_training
https://unama.unmissions.org/en/news/secretary-generals-briefing-to-the-security-council-on-the-situation-in-afghanistan,UNAMA,Secretary-General's briefing to the Security Council on the situation in Afghanistan,not_verified_in_archive_card,https://unama.unmissions.org/en/news?page=10,date_not_verified_requires_review,not_read_full_article,not_assigned,not_inferred_from_organizer_keyword,not_estimated,partial_archive_metadata_not_all_field_visits_or_training
https://unama.unmissions.org/en/news/secretary-generals-press-encounter-on-afghanistan,UNAMA,Secretary-General’s press encounter on Afghanistan,not_verified_in_archive_card,https://unama.unmissions.org/en/news?page=10,date_not_verified_requires_review,not_read_full_article,not_assigned,not_inferred_from_organizer_keyword,not_estimated,partial_archive_metadata_not_all_field_visits_or_training
https://unama.unmissions.org/en/news/secretary-generals-press-remarks-on-afghanistan,UNAMA,Secretary-General’s press remarks on Afghanistan,not_verified_in_archive_card,https://unama.unmissions.org/en/news?page=11,date_not_verified_requires_review,not_read_full_article,not_assigned,not_inferred_from_organizer_keyword,not_estimated,partial_archive_metadata_not_all_field_visits_or_training
https://unama.unmissions.org/en/news/security-council-condemns-mosque-attack-in-herat,UNAMA,Security Council condemns Mosque attack in Herat,not_verified_in_archive_card,https://unama.unmissions.org/en/news?page=9,date_not_verified_requires_review,not_read_full_article,not_assigned,not_inferred_from_organizer_keyword,not_estimated,partial_archive_metadata_not_all_field_visits_or_training
https://unama.unmissions.org/en/news/security-council-extends-unamas-mandate-unanimously-adopts-resolution-2727-2024,UNAMA,"Security Council extends UNAMA's mandate, unanimously adopts Resolution 2727 (2024)",not_verified_in_archive_card,https://unama.unmissions.org/en/news?page=5,date_not_verified_requires_review,not_read_full_article,not_assigned,not_inferred_from_organizer_keyword,not_estimated,partial_archive_metadata_not_all_field_visits_or_training
https://unama.unmissions.org/en/news/security-council-strongly-condemns-attack-in-kabul,UNAMA,Security Council strongly condemns attack in Kabul,not_verified_in_archive_card,https://unama.unmissions.org/en/news?page=8,date_not_verified_requires_review,not_read_full_article,not_assigned,not_inferred_from_organizer_keyword,not_estimated,partial_archive_metadata_not_all_field_visits_or_training
https://unama.unmissions.org/en/news/southern-youth-present-aspirations-for-the-future-in-new-manifesto,UNAMA,Southern youth present aspirations for the future in new manifesto,not_verified_in_archive_card,https://unama.unmissions.org/en/news?page=4,date_not_verified_requires_review,not_read_full_article,not_assigned,not_inferred_from_organizer_keyword,not_estimated,partial_archive_metadata_not_all_field_visits_or_training
https://unama.unmissions.org/en/news/special-representative-roza-otunbayevas-briefing-to-the-security-council,UNAMA,Special Representative Roza Otunbayeva's briefing to the Security Council,not_verified_in_archive_card,https://unama.unmissions.org/en/news?page=6,date_not_verified_requires_review,not_read_full_article,not_assigned,not_inferred_from_organizer_keyword,not_estimated,partial_archive_metadata_not_all_field_visits_or_training
https://unama.unmissions.org/en/news/srsg-lyons-briefing-to-the-security-council-on-the-situation-in-afghanistan,UNAMA,SRSG Lyons briefing to the Security Council on the situation in Afghanistan,not_verified_in_archive_card,https://unama.unmissions.org/en/news?page=10,date_not_verified_requires_review,not_read_full_article,not_assigned,not_inferred_from_organizer_keyword,not_estimated,partial_archive_metadata_not_all_field_visits_or_training
https://unama.unmissions.org/en/news/srsg-lyons-briefing-to-the-unsc-on-the-situation-in-afghanistan,UNAMA,SRSG Lyons briefing to the UNSC on the situation in Afghanistan,not_verified_in_archive_card,https://unama.unmissions.org/en/news?page=11,date_not_verified_requires_review,not_read_full_article,not_assigned,not_inferred_from_organizer_keyword,not_estimated,partial_archive_metadata_not_all_field_visits_or_training
https://unama.unmissions.org/en/news/srsg-lyons-briefing-to-the-unsc-on-the-situation-in-afghanistan-0,UNAMA,SRSG Lyons briefing to the UNSC on the situation in Afghanistan,not_verified_in_archive_card,https://unama.unmissions.org/en/news?page=11,date_not_verified_requires_review,not_read_full_article,not_assigned,not_inferred_from_organizer_keyword,not_estimated,partial_archive_metadata_not_all_field_visits_or_training
https://unama.unmissions.org/en/news/srsg-lyons-statement-at-afghanistan-economic-conference,UNAMA,SRSG Lyons statement at Afghanistan Economic Conference,not_verified_in_archive_card,https://unama.unmissions.org/en/news?page=10,date_not_verified_requires_review,not_read_full_article,not_assigned,not_inferred_from_organizer_keyword,not_estimated,partial_archive_metadata_not_all_field_visits_or_training
https://unama.unmissions.org/en/news/the-handling-of-complaints-of-gender-based-violence-against-women-and-girls-by,UNAMA,The Handling of Complaints of Gender-Based Violence against Women and Girls by Afghanistan’s de facto Authorities,not_verified_in_archive_card,https://unama.unmissions.org/en/news?page=5,date_not_verified_requires_review,not_read_full_article,not_assigned,not_inferred_from_organizer_keyword,not_estimated,partial_archive_metadata_not_all_field_visits_or_training
https://unama.unmissions.org/en/news/the-situation-in-afghanistan-and-its-implications-for-international-peace-and-security,UNAMA,The situation in Afghanistan and its implications for international peace and security - Report of the Secretary-General (A/75/926–S/2021/570),not_verified_in_archive_card,https://unama.unmissions.org/en/news?page=13,date_not_verified_requires_review,not_read_full_article,not_assigned,not_inferred_from_organizer_keyword,not_estimated,partial_archive_metadata_not_all_field_visits_or_training
https://unama.unmissions.org/en/news/the-un-in-afghanistan-calls-for-an-immediate-end-to-draconian-restrictions-on-the-rights,UNAMA,The UN in Afghanistan calls for an immediate end to draconian restrictions on the rights of women & girls by the de facto authorities,not_verified_in_archive_card,https://unama.unmissions.org/en/news?page=7,date_not_verified_requires_review,not_read_full_article,not_assigned,not_inferred_from_organizer_keyword,not_estimated,partial_archive_metadata_not_all_field_visits_or_training
https://unama.unmissions.org/en/news/time-to-move-from-awareness-to-action-as-cop28-opens-in-dubai,UNAMA,Time to move from awareness to action as COP28 opens in Dubai,not_verified_in_archive_card,https://unama.unmissions.org/en/news?page=5,date_not_verified_requires_review,not_read_full_article,not_assigned,not_inferred_from_organizer_keyword,not_estimated,partial_archive_metadata_not_all_field_visits_or_training
https://unama.unmissions.org/en/news/ulemas-youth-and-women-united-in-peace-efforts,UNAMA,"Ulemas, youth and women united in peace efforts",not_verified_in_archive_card,https://unama.unmissions.org/en/news?page=12,date_not_verified_requires_review,not_read_full_article,not_assigned,not_inferred_from_organizer_keyword,not_estimated,partial_archive_metadata_not_all_field_visits_or_training
https://unama.unmissions.org/en/news/un-and-humanitarian-partners-scale-up-life-saving-response-to-crisis-in-afghanistan-and,UNAMA,UN and humanitarian partners scale up life-saving response to crisis in Afghanistan  and call on all donors to urgently turn pledges into reality,not_verified_in_archive_card,https://unama.unmissions.org/en/news?page=11,date_not_verified_requires_review,not_read_full_article,not_assigned,not_inferred_from_organizer_keyword,not_estimated,partial_archive_metadata_not_all_field_visits_or_training
https://unama.unmissions.org/en/news/un-calls-for-solidarity-and-commitment-to-end-violence-against-women-and-girls-amidst-0,UNAMA,UN calls for solidarity and commitment to end violence against women and girls amidst humanitarian crises,not_verified_in_archive_card,https://unama.unmissions.org/en/news?page=11,date_not_verified_requires_review,not_read_full_article,not_assigned,not_inferred_from_organizer_keyword,not_estimated,partial_archive_metadata_not_all_field_visits_or_training
https://unama.unmissions.org/en/news/un-deputy-special-representative-lemarquis-arrives-in-kabul,UNAMA,UN Deputy Special Representative Lemarquis arrives in Kabul,not_verified_in_archive_card,https://unama.unmissions.org/en/news?page=0,date_not_verified_requires_review,not_read_full_article,not_assigned,not_inferred_from_organizer_keyword,not_estimated,partial_archive_metadata_not_all_field_visits_or_training
https://unama.unmissions.org/en/news/un-envoy-condemns-attack-at-cricket-stadium-in-kabul,UNAMA,UN envoy condemns attack at Cricket stadium in Kabul,not_verified_in_archive_card,https://unama.unmissions.org/en/news?page=9,date_not_verified_requires_review,not_read_full_article,not_assigned,not_inferred_from_organizer_keyword,not_estimated,partial_archive_metadata_not_all_field_visits_or_training
https://unama.unmissions.org/en/news/un-envoy-discusses-peace-efforts-and-regional-situation-in-kandahar,UNAMA,UN envoy discusses peace efforts and regional situation in Kandahar,not_verified_in_archive_card,https://unama.unmissions.org/en/news?page=13,date_not_verified_requires_review,not_read_full_article,not_assigned,not_inferred_from_organizer_keyword,not_estimated,partial_archive_metadata_not_all_field_visits_or_training
https://unama.unmissions.org/en/news/un-envoy-lyons-briefing-the-security-council-on-the-situation-in-afghanistan-1,UNAMA,UN envoy Lyons briefing the Security Council on the situation in Afghanistan,not_verified_in_archive_card,https://unama.unmissions.org/en/news?page=13,date_not_verified_requires_review,not_read_full_article,not_assigned,not_inferred_from_organizer_keyword,not_estimated,partial_archive_metadata_not_all_field_visits_or_training
https://unama.unmissions.org/en/news/un-envoy-lyons-briefing-the-security-council-on-the-situation-in-afghanistan-2,UNAMA,UN envoy Lyons briefing the Security Council on the situation in Afghanistan,not_verified_in_archive_card,https://unama.unmissions.org/en/news?page=13,date_not_verified_requires_review,not_read_full_article,not_assigned,not_inferred_from_organizer_keyword,not_estimated,partial_archive_metadata_not_all_field_visits_or_training
https://unama.unmissions.org/en/news/un-envoy-lyons-briefs-special-security-council-session-on-the-situation-in-afghanistan,UNAMA,UN Envoy Lyons briefs special Security Council session on the situation in Afghanistan,not_verified_in_archive_card,https://unama.unmissions.org/en/news?page=12,date_not_verified_requires_review,not_read_full_article,not_assigned,not_inferred_from_organizer_keyword,not_estimated,partial_archive_metadata_not_all_field_visits_or_training
https://unama.unmissions.org/en/news/un-envoy-visits-earthquake-stricken-kunar-urges-urgent-aid-for-families-ahead-of-winter,UNAMA,"UN envoy visits earthquake-stricken Kunar, urges urgent aid for families ahead of winter",not_verified_in_archive_card,https://unama.unmissions.org/en/news?page=3,date_not_verified_requires_review,not_read_full_article,not_assigned,not_inferred_from_organizer_keyword,not_estimated,partial_archive_metadata_not_all_field_visits_or_training
https://unama.unmissions.org/en/news/un-high-commissioner-human-rights-volker-turk-addresses-human-rights-council-afghanistan,UNAMA,UN High Commissioner for Human Rights Volker Türk addresses Human Rights Council on Afghanistan,not_verified_in_archive_card,https://unama.unmissions.org/en/news?page=2,date_not_verified_requires_review,not_read_full_article,not_assigned,not_inferred_from_organizer_keyword,not_estimated,partial_archive_metadata_not_all_field_visits_or_training
https://unama.unmissions.org/en/news/un-humanitarian-coordinator-reaffirms-commitment-to-supporting-vulnerable-communities,UNAMA,UN Humanitarian Coordinator reaffirms commitment to supporting vulnerable communities across Afghanistan,not_verified_in_archive_card,https://unama.unmissions.org/en/news?page=9,date_not_verified_requires_review,not_read_full_article,not_assigned,not_inferred_from_organizer_keyword,not_estimated,partial_archive_metadata_not_all_field_visits_or_training
https://unama.unmissions.org/en/news/un-in-afghanistan-calls-for-end-to-harassment-of-its-afghan-female-workforce,UNAMA,UN in Afghanistan calls for end to harassment of its Afghan female workforce,not_verified_in_archive_card,https://unama.unmissions.org/en/news?page=8,date_not_verified_requires_review,not_read_full_article,not_assigned,not_inferred_from_organizer_keyword,not_estimated,partial_archive_metadata_not_all_field_visits_or_training
https://unama.unmissions.org/en/news/un-in-afghanistan-calls-for-urgent-collective-climate-action-in-the-country,UNAMA,UN in Afghanistan calls for urgent collective climate action in the country,not_verified_in_archive_card,https://unama.unmissions.org/en/news?page=8,date_not_verified_requires_review,not_read_full_article,not_assigned,not_inferred_from_organizer_keyword,not_estimated,partial_archive_metadata_not_all_field_visits_or_training
https://unama.unmissions.org/en/news/un-in-afghanistan-condemns-taliban-decision-to-suspend-women-from-universities-and-calls,UNAMA,UN in Afghanistan condemns Taliban decision to suspend women from universities and calls for its immediate reversal,not_verified_in_archive_card,https://unama.unmissions.org/en/news?page=7,date_not_verified_requires_review,not_read_full_article,not_assigned,not_inferred_from_organizer_keyword,not_estimated,partial_archive_metadata_not_all_field_visits_or_training
https://unama.unmissions.org/en/news/un-in-afghanistan-stands-by-afghan-women-and-girls-amidst-dire-crises,UNAMA,UN in Afghanistan stands by Afghan women and girls amidst dire crises,not_verified_in_archive_card,https://unama.unmissions.org/en/news?page=10,date_not_verified_requires_review,not_read_full_article,not_assigned,not_inferred_from_organizer_keyword,not_estimated,partial_archive_metadata_not_all_field_visits_or_training
https://unama.unmissions.org/en/news/un-launches-new-strategic-framework-for-supporting-afghan-people,UNAMA,UN launches New Strategic Framework for supporting Afghan people,not_verified_in_archive_card,https://unama.unmissions.org/en/news?page=6,date_not_verified_requires_review,not_read_full_article,not_assigned,not_inferred_from_organizer_keyword,not_estimated,partial_archive_metadata_not_all_field_visits_or_training
https://unama.unmissions.org/en/news/un-protests-order-from-taliban-de-facto-authorities-prohibiting-afghan-women-from,UNAMA,UN protests order from Taliban de facto authorities prohibiting Afghan women from working with the United Nations in Afghanistan,not_verified_in_archive_card,https://unama.unmissions.org/en/news?page=6,date_not_verified_requires_review,not_read_full_article,not_assigned,not_inferred_from_organizer_keyword,not_estimated,partial_archive_metadata_not_all_field_visits_or_training
https://unama.unmissions.org/en/news/un-releases-report-on-human-rights-in-afghanistan-since-the-taliban-takeover,UNAMA,UN releases report on human rights in Afghanistan since the Taliban takeover,not_verified_in_archive_card,https://unama.unmissions.org/en/news?page=9,date_not_verified_requires_review,not_read_full_article,not_assigned,not_inferred_from_organizer_keyword,not_estimated,partial_archive_metadata_not_all_field_visits_or_training
https://unama.unmissions.org/en/news/un-secretary-generals-latest-report-on-afghanistan-to-the-security-council-12,UNAMA,UN Secretary-General's latest report on Afghanistan to the Security Council,not_verified_in_archive_card,https://unama.unmissions.org/en/news?page=11,date_not_verified_requires_review,not_read_full_article,not_assigned,not_inferred_from_organizer_keyword,not_estimated,partial_archive_metadata_not_all_field_visits_or_training
https://unama.unmissions.org/en/news/un-secretary-generals-latest-report-on-afghanistan-to-the-security-council-13,UNAMA,UN Secretary-General's latest report on Afghanistan to the Security Council,not_verified_in_archive_card,https://unama.unmissions.org/en/news?page=10,date_not_verified_requires_review,not_read_full_article,not_assigned,not_inferred_from_organizer_keyword,not_estimated,partial_archive_metadata_not_all_field_visits_or_training
https://unama.unmissions.org/en/news/un-secretary-generals-latest-report-on-afghanistan-to-the-security-council-14,UNAMA,UN Secretary-General's latest report on Afghanistan to the Security Council,not_verified_in_archive_card,https://unama.unmissions.org/en/news?page=8,date_not_verified_requires_review,not_read_full_article,not_assigned,not_inferred_from_organizer_keyword,not_estimated,partial_archive_metadata_not_all_field_visits_or_training
https://unama.unmissions.org/en/news/un-secretary-generals-latest-report-on-afghanistan-to-the-security-council-15,UNAMA,UN Secretary-General's latest report on Afghanistan to the Security Council,not_verified_in_archive_card,https://unama.unmissions.org/en/news?page=7,date_not_verified_requires_review,not_read_full_article,not_assigned,not_inferred_from_organizer_keyword,not_estimated,partial_archive_metadata_not_all_field_visits_or_training
https://unama.unmissions.org/en/news/un-security-council-extends-unama-mandate-for-one-year,UNAMA,UN Security Council extends UNAMA mandate for one year,not_verified_in_archive_card,https://unama.unmissions.org/en/news?page=1,date_not_verified_requires_review,not_read_full_article,not_assigned,not_inferred_from_organizer_keyword,not_estimated,partial_archive_metadata_not_all_field_visits_or_training
https://unama.unmissions.org/en/news/un-security-council-extends-unama-mandate-three-months,UNAMA,UN Security Council extends UNAMA mandate for three months,not_verified_in_archive_card,https://unama.unmissions.org/en/news?page=2,date_not_verified_requires_review,not_read_full_article,not_assigned,not_inferred_from_organizer_keyword,not_estimated,partial_archive_metadata_not_all_field_visits_or_training
https://unama.unmissions.org/en/news/un-security-council-renews-unamas-mandate,UNAMA,UN Security Council renews UNAMA’s mandate,not_verified_in_archive_card,https://unama.unmissions.org/en/news?page=11,date_not_verified_requires_review,not_read_full_article,not_assigned,not_inferred_from_organizer_keyword,not_estimated,partial_archive_metadata_not_all_field_visits_or_training
https://unama.unmissions.org/en/news/un-security-council-special-session-on-afghanistan-live-and-on-demand-webcast,UNAMA,UN Security Council special session on Afghanistan - live and on-demand webcast,not_verified_in_archive_card,https://unama.unmissions.org/en/news?page=12,date_not_verified_requires_review,not_read_full_article,not_assigned,not_inferred_from_organizer_keyword,not_estimated,partial_archive_metadata_not_all_field_visits_or_training
https://unama.unmissions.org/en/news/un-special-representative-deborah-lyons-farewell-statement-to-the-people-of-afghanistan,UNAMA,UN Special Representative Deborah Lyons’ farewell statement to the people of Afghanistan,not_verified_in_archive_card,https://unama.unmissions.org/en/news?page=9,date_not_verified_requires_review,not_read_full_article,not_assigned,not_inferred_from_organizer_keyword,not_estimated,partial_archive_metadata_not_all_field_visits_or_training
https://unama.unmissions.org/en/news/un-urges-afghanistans-de-facto-authorities-to-protect-media-freedom,UNAMA,UN urges Afghanistan’s de facto authorities to protect media freedom,not_verified_in_archive_card,https://unama.unmissions.org/en/news?page=4,date_not_verified_requires_review,not_read_full_article,not_assigned,not_inferred_from_organizer_keyword,not_estimated,partial_archive_metadata_not_all_field_visits_or_training
https://unama.unmissions.org/en/news/unama-confirms-civilian-casualties-in-afghanistan,UNAMA,UNAMA confirms Civilian Casualties in Afghanistan,not_verified_in_archive_card,https://unama.unmissions.org/en/news?page=0,date_not_verified_requires_review,not_read_full_article,not_assigned,not_inferred_from_organizer_keyword,not_estimated,partial_archive_metadata_not_all_field_visits_or_training
https://unama.unmissions.org/en/news/unama-convenes-inaugural-meeting-of-working-group-on-counter-narcotics,UNAMA,UNAMA convenes inaugural meeting of Working Group on Counter-Narcotics,not_verified_in_archive_card,https://unama.unmissions.org/en/news?page=4,date_not_verified_requires_review,not_read_full_article,not_assigned,not_inferred_from_organizer_keyword,not_estimated,partial_archive_metadata_not_all_field_visits_or_training
https://unama.unmissions.org/en/news/unama-convenes-new-round-working-group-meetings-counter-narcotics-and-private-sector,UNAMA,UNAMA convenes new round of working group meetings on counter-narcotics and private sector,not_verified_in_archive_card,https://unama.unmissions.org/en/news?page=2,date_not_verified_requires_review,not_read_full_article,not_assigned,not_inferred_from_organizer_keyword,not_estimated,partial_archive_metadata_not_all_field_visits_or_training
https://unama.unmissions.org/en/news/unama-convenes-working-group-meetings-on-counter-narcotics-private-sector,UNAMA,"UNAMA convenes Working Group meetings on counter-narcotics, private sector",not_verified_in_archive_card,https://unama.unmissions.org/en/news?page=4,date_not_verified_requires_review,not_read_full_article,not_assigned,not_inferred_from_organizer_keyword,not_estimated,partial_archive_metadata_not_all_field_visits_or_training
https://unama.unmissions.org/en/news/unama-deeply-concerned-over-detentions-of-afghan-women-and-girls-0,UNAMA,UNAMA deeply concerned over detentions of Afghan women and girls,not_verified_in_archive_card,https://unama.unmissions.org/en/news?page=5,date_not_verified_requires_review,not_read_full_article,not_assigned,not_inferred_from_organizer_keyword,not_estimated,partial_archive_metadata_not_all_field_visits_or_training
https://unama.unmissions.org/en/news/unama-expresses-concern-over-detention-of-journalists,UNAMA,UNAMA expresses concern over detention of Journalists,not_verified_in_archive_card,https://unama.unmissions.org/en/news?page=1,date_not_verified_requires_review,not_read_full_article,not_assigned,not_inferred_from_organizer_keyword,not_estimated,partial_archive_metadata_not_all_field_visits_or_training
https://unama.unmissions.org/en/news/unama-expresses-condolences-over-mass-killing-of-people-in-herat-afghanistan,UNAMA,"UNAMA expresses condolences over mass killing of people in Herat, Afghanistan",not_verified_in_archive_card,https://unama.unmissions.org/en/news?page=1,date_not_verified_requires_review,not_read_full_article,not_assigned,not_inferred_from_organizer_keyword,not_estimated,partial_archive_metadata_not_all_field_visits_or_training
https://unama.unmissions.org/en/news/unama-expresses-deep-concern-over-recent-disturbing-incident-in-irans-sistan-province,UNAMA,"UNAMA expresses deep concern over recent disturbing incident in Iran's Sistan Province, Sarbaz District",not_verified_in_archive_card,https://unama.unmissions.org/en/news?page=4,date_not_verified_requires_review,not_read_full_article,not_assigned,not_inferred_from_organizer_keyword,not_estimated,partial_archive_metadata_not_all_field_visits_or_training
https://unama.unmissions.org/en/news/unama-political-mission-mandate-renewal-to-17-march-2023,UNAMA,UNAMA Political Mission Mandate Renewal to 17 March 2023,not_verified_in_archive_card,https://unama.unmissions.org/en/news?page=10,date_not_verified_requires_review,not_read_full_article,not_assigned,not_inferred_from_organizer_keyword,not_estimated,partial_archive_metadata_not_all_field_visits_or_training
https://unama.unmissions.org/en/news/unama-releases-new-report-on-victims-of-decades-long-armed-conflict-in-afghanistan,UNAMA,UNAMA releases new report on victims of decades-long armed conflict in Afghanistan,not_verified_in_archive_card,https://unama.unmissions.org/en/news?page=0,date_not_verified_requires_review,not_read_full_article,not_assigned,not_inferred_from_organizer_keyword,not_estimated,partial_archive_metadata_not_all_field_visits_or_training
https://unama.unmissions.org/en/news/unama-report-on-efforts-of-afghanistans-de-facto-authorities-to-provide-accountability,UNAMA,UNAMA Report on efforts of Afghanistan’s De Facto Authorities to provide accountability for de facto Security Forces,not_verified_in_archive_card,https://unama.unmissions.org/en/news?page=0,date_not_verified_requires_review,not_read_full_article,not_assigned,not_inferred_from_organizer_keyword,not_estimated,partial_archive_metadata_not_all_field_visits_or_training
https://unama.unmissions.org/en/news/unama-report-records-heavy-toll-on-afghan-civilians-by-ied-attacks,UNAMA,UNAMA report records heavy toll on Afghan civilians by IED attacks,not_verified_in_archive_card,https://unama.unmissions.org/en/news?page=6,date_not_verified_requires_review,not_read_full_article,not_assigned,not_inferred_from_organizer_keyword,not_estimated,partial_archive_metadata_not_all_field_visits_or_training
https://unama.unmissions.org/en/news/unama-statement-on-afghanistans-de-facto-authorities-decree-no-18-code-on-judicial,UNAMA,UNAMA Statement on Afghanistan’s De Facto Authorities’ Decree No. 18 “Code on Judicial Separation of Spouses”,not_verified_in_archive_card,https://unama.unmissions.org/en/news?page=1,date_not_verified_requires_review,not_read_full_article,not_assigned,not_inferred_from_organizer_keyword,not_estimated,partial_archive_metadata_not_all_field_visits_or_training
https://unama.unmissions.org/en/news/unama-statement-on-civilian-casualties,UNAMA,UNAMA statement on civilian casualties,not_verified_in_archive_card,https://unama.unmissions.org/en/news?page=0,date_not_verified_requires_review,not_read_full_article,not_assigned,not_inferred_from_organizer_keyword,not_estimated,partial_archive_metadata_not_all_field_visits_or_training
https://unama.unmissions.org/en/news/unama-urges-de-facto-authorities-to-embrace-global-human-rights-obligations,UNAMA,UNAMA urges de facto authorities to embrace global human rights obligations,not_verified_in_archive_card,https://unama.unmissions.org/en/news?page=4,date_not_verified_requires_review,not_read_full_article,not_assigned,not_inferred_from_organizer_keyword,not_estimated,partial_archive_metadata_not_all_field_visits_or_training
https://unama.unmissions.org/en/news/unama-urges-halt-afghanistan-pakistan-clashes-warns-increasing-civilian-casualties-and,UNAMA,"UNAMA urges halt in Afghanistan-Pakistan clashes, warns of increasing civilian casualties and humanitarian impacts",not_verified_in_archive_card,https://unama.unmissions.org/en/news?page=2,date_not_verified_requires_review,not_read_full_article,not_assigned,not_inferred_from_organizer_keyword,not_estimated,partial_archive_metadata_not_all_field_visits_or_training
https://unama.unmissions.org/en/news/unama-urges-urgent-accelerated-action-by-afghanistans-de-facto-authorities-to-stop,UNAMA,"UNAMA urges urgent, accelerated action by Afghanistan’s de facto authorities to stop torture and protect rights of detainees",not_verified_in_archive_card,https://unama.unmissions.org/en/news?page=6,date_not_verified_requires_review,not_read_full_article,not_assigned,not_inferred_from_organizer_keyword,not_estimated,partial_archive_metadata_not_all_field_visits_or_training
https://unama.unmissions.org/en/news/unama-welcomes-de-facto-prison-authority-commitment-to-improve-conditions-for-detainees,UNAMA,"UNAMA welcomes de facto prison authority commitment to improve conditions for detainees, and ensuring continued prison access for human rights teams",not_verified_in_archive_card,https://unama.unmissions.org/en/news?page=4,date_not_verified_requires_review,not_read_full_article,not_assigned,not_inferred_from_organizer_keyword,not_estimated,partial_archive_metadata_not_all_field_visits_or_training
https://unama.unmissions.org/en/news/under-secretary-general-for-political-and-peacebuilding-affairs-concludes-visit-to,UNAMA,Under-Secretary-General for Political and Peacebuilding Affairs concludes visit to Afghanistan,not_verified_in_archive_card,https://unama.unmissions.org/en/news?page=0,date_not_verified_requires_review,not_read_full_article,not_assigned,not_inferred_from_organizer_keyword,not_estimated,partial_archive_metadata_not_all_field_visits_or_training
https://unama.unmissions.org/en/news/under-secretary-general-rosemary-dicarlo-concludes-visit-afghanistan,UNAMA,Under-Secretary-General Rosemary DiCarlo concludes visit to Afghanistan,not_verified_in_archive_card,https://unama.unmissions.org/en/news?page=2,date_not_verified_requires_review,not_read_full_article,not_assigned,not_inferred_from_organizer_keyword,not_estimated,partial_archive_metadata_not_all_field_visits_or_training
https://unama.unmissions.org/en/news/united-nations-compound-in-herat-attacked,UNAMA,United Nations compound in Herat attacked,not_verified_in_archive_card,https://unama.unmissions.org/en/news?page=12,date_not_verified_requires_review,not_read_full_article,not_assigned,not_inferred_from_organizer_keyword,not_estimated,partial_archive_metadata_not_all_field_visits_or_training
https://unama.unmissions.org/en/news/united-nations-secretary-general-antonio-guterres-remarks-to-high-level-ministerial,UNAMA,United Nations Secretary-General António Guterres remarks to High-Level Ministerial meeting on the humanitarian situation in Afghanistan,not_verified_in_archive_card,https://unama.unmissions.org/en/news?page=11,date_not_verified_requires_review,not_read_full_article,not_assigned,not_inferred_from_organizer_keyword,not_estimated,partial_archive_metadata_not_all_field_visits_or_training
https://unama.unmissions.org/en/news/unodc-report-finds-drug-use-afghanistan-shifting-toward-synthetic-drugs-and-misuse,UNAMA,UNODC report finds drug use in Afghanistan is shifting toward synthetic drugs and the misuse of pharmaceutical drugs,not_verified_in_archive_card,https://unama.unmissions.org/en/news?page=2,date_not_verified_requires_review,not_read_full_article,not_assigned,not_inferred_from_organizer_keyword,not_estimated,partial_archive_metadata_not_all_field_visits_or_training
https://unama.unmissions.org/en/news/update-on-the-human-rights-situation-in-afghanistan-april-to-june-2026,UNAMA,Update on the Human Rights Situation in Afghanistan (April to June 2026),not_verified_in_archive_card,https://unama.unmissions.org/en/news?page=0,date_not_verified_requires_review,not_read_full_article,not_assigned,not_inferred_from_organizer_keyword,not_estimated,partial_archive_metadata_not_all_field_visits_or_training
https://unama.unmissions.org/en/news/usg-dicarlo-reaffirms-un-support-for-afghan-people,UNAMA,USG DiCarlo reaffirms UN Support for Afghan People,not_verified_in_archive_card,https://unama.unmissions.org/en/news?page=11,date_not_verified_requires_review,not_read_full_article,not_assigned,not_inferred_from_organizer_keyword,not_estimated,partial_archive_metadata_not_all_field_visits_or_training
https://unama.unmissions.org/en/news/webinar-series-highlights-deepening-climate-pressures-on-humanitarian-needs-and,UNAMA,Webinar Series highlights deepening climate pressures on humanitarian needs and livelihoods in Afghanistan,not_verified_in_archive_card,https://unama.unmissions.org/en/news?page=1,date_not_verified_requires_review,not_read_full_article,not_assigned,not_inferred_from_organizer_keyword,not_estimated,partial_archive_metadata_not_all_field_visits_or_training
https://unama.unmissions.org/en/news/women-afghanistan-nearly-four-times-less-likely-men-have-access-formal-justice,UNAMA,"Women in Afghanistan nearly four times less likely than men to have access to Formal Justice Mechanisms, UN findings",not_verified_in_archive_card,https://unama.unmissions.org/en/news?page=2,date_not_verified_requires_review,not_read_full_article,not_assigned,not_inferred_from_organizer_keyword,not_estimated,partial_archive_metadata_not_all_field_visits_or_training
https://unama.unmissions.org/en/news/womens-inclusion-the-focus-of-events-across-afghanistan,UNAMA,Women’s inclusion the focus of events across Afghanistan,not_verified_in_archive_card,https://unama.unmissions.org/en/news?page=13,date_not_verified_requires_review,not_read_full_article,not_assigned,not_inferred_from_organizer_keyword,not_estimated,partial_archive_metadata_not_all_field_visits_or_training
https://unama.unmissions.org/en/news/world-press-freedom-day-marked-in-kabul-tinged-with-grief-for-lost-colleagues-and,UNAMA,"World Press Freedom Day marked in Kabul, tinged with grief for lost colleagues and concern for media sector’s future",not_verified_in_archive_card,https://unama.unmissions.org/en/news?page=13,date_not_verified_requires_review,not_read_full_article,not_assigned,not_inferred_from_organizer_keyword,not_estimated,partial_archive_metadata_not_all_field_visits_or_training
https://unama.unmissions.org/en/news/world-radio-day-un-in-afghanistan-vows-to-support-national-media,UNAMA,World Radio Day: UN in Afghanistan vows to support national media,not_verified_in_archive_card,https://unama.unmissions.org/en/news?page=7,date_not_verified_requires_review,not_read_full_article,not_assigned,not_inferred_from_organizer_keyword,not_estimated,partial_archive_metadata_not_all_field_visits_or_training
https://unama.unmissions.org/en/news/youth-want-their-voices-heard-about-peace,UNAMA,Youth want their voices heard about peace,not_verified_in_archive_card,https://unama.unmissions.org/en/news?page=13,date_not_verified_requires_review,not_read_full_article,not_assigned,not_inferred_from_organizer_keyword,not_estimated,partial_archive_metadata_not_all_field_visits_or_training
https://unoca.unmissions.org/en/news/20-march-international-day-of-happiness,UNOCA,20 MARCH - INTERNATIONAL DAY OF HAPPINESS,not_verified_in_archive_card,https://unoca.unmissions.org/en/news?page=7,date_not_verified_requires_review,not_read_full_article,not_assigned,not_inferred_from_organizer_keyword,not_estimated,partial_archive_metadata_not_all_field_visits_or_training
https://unoca.unmissions.org/en/news/22nd-eccas-summit-the-united-nations-reiterates-its-support-for-effective-regional-0,UNOCA,22nd ECCAS Summit: The United Nations reiterates its support for effective regional integration,not_verified_in_archive_card,https://unoca.unmissions.org/en/news?page=3,date_not_verified_requires_review,not_read_full_article,not_assigned,not_inferred_from_organizer_keyword,not_estimated,partial_archive_metadata_not_all_field_visits_or_training
https://unoca.unmissions.org/en/news/28th-report-un-secretary-general-situation-central-africa-and-activities-unoca,UNOCA,28th report of the UN Secretary-General on the situation in Central Africa and the activities of UNOCA,not_verified_in_archive_card,https://unoca.unmissions.org/en/news?page=1,date_not_verified_requires_review,not_read_full_article,not_assigned,not_inferred_from_organizer_keyword,not_estimated,partial_archive_metadata_not_all_field_visits_or_training
https://unoca.unmissions.org/en/news/29th-report-un-secretary-general-situation-central-africa-and-activities-unoca-unoca,UNOCA,29th report of the UN Secretary-General on the situation in Central Africa and the activities of UNOCA | UNOCA,not_verified_in_archive_card,https://unoca.unmissions.org/en/news?page=0,date_not_verified_requires_review,not_read_full_article,not_assigned,not_inferred_from_organizer_keyword,not_estimated,partial_archive_metadata_not_all_field_visits_or_training
https://unoca.unmissions.org/en/news/66th-edition-of-the-united-nations-day-a-remarkable-participation-of-unoca,UNOCA,66TH EDITION OF THE UNITED NATIONS DAY: A REMARKABLE PARTICIPATION OF UNOCA,not_verified_in_archive_card,https://unoca.unmissions.org/en/news?page=9,date_not_verified_requires_review,not_read_full_article,not_assigned,not_inferred_from_organizer_keyword,not_estimated,partial_archive_metadata_not_all_field_visits_or_training
https://unoca.unmissions.org/en/news/7-8-september-the-head-of-unoca-will-represent-the-un-sg-at-the-great-lakes-summit-in,UNOCA,7 - 8 September: The Head of UNOCA will represent the UN SG at the Great Lakes Summit in Kampala,not_verified_in_archive_card,https://unoca.unmissions.org/en/news?page=8,date_not_verified_requires_review,not_read_full_article,not_assigned,not_inferred_from_organizer_keyword,not_estimated,partial_archive_metadata_not_all_field_visits_or_training
https://unoca.unmissions.org/en/news/8-march-2013-message-of-the-un-secretary-general,UNOCA,8 MARCH 2013 – MESSAGE OF THE UN SECRETARY-GENERAL,not_verified_in_archive_card,https://unoca.unmissions.org/en/news?page=7,date_not_verified_requires_review,not_read_full_article,not_assigned,not_inferred_from_organizer_keyword,not_estimated,partial_archive_metadata_not_all_field_visits_or_training
https://unoca.unmissions.org/en/news/abdou-abarry-regional-integration-a-prerequisite-for-taking-advantage-of-central-africas,UNOCA,"Abdou Abarry: Regional integration, a prerequisite for taking advantage of Central Africa’s tremendous potentialities",not_verified_in_archive_card,https://unoca.unmissions.org/en/news?page=3,date_not_verified_requires_review,not_read_full_article,not_assigned,not_inferred_from_organizer_keyword,not_estimated,partial_archive_metadata_not_all_field_visits_or_training
https://unoca.unmissions.org/en/news/abdou-abarry-transitions-are-an-opportunity-to-initiate-bold-reforms,UNOCA,Abdou Abarry: Transitions are an opportunity to “initiate bold reforms”,not_verified_in_archive_card,https://unoca.unmissions.org/en/news?page=1,date_not_verified_requires_review,not_read_full_article,not_assigned,not_inferred_from_organizer_keyword,not_estimated,partial_archive_metadata_not_all_field_visits_or_training
https://unoca.unmissions.org/en/news/activities-of-boko-haram-in-central-africa,UNOCA,ACTIVITIES OF BOKO HARAM IN CENTRAL AFRICA,not_verified_in_archive_card,https://unoca.unmissions.org/en/news?page=6,date_not_verified_requires_review,not_read_full_article,not_assigned,not_inferred_from_organizer_keyword,not_estimated,partial_archive_metadata_not_all_field_visits_or_training
https://unoca.unmissions.org/en/news/acw-2022-unoca-highlights-linkages-between-climate-change-peace-and-security-in-central,UNOCA,"ACW 2022: UNOCA highlights linkages between climate change, peace and security in Central Africa",not_verified_in_archive_card,https://unoca.unmissions.org/en/news?page=4,date_not_verified_requires_review,not_read_full_article,not_assigned,not_inferred_from_organizer_keyword,not_estimated,partial_archive_metadata_not_all_field_visits_or_training
https://unoca.unmissions.org/en/news/address-and-counter-hate-speech-an-upcoming-award-for-central-african-media,UNOCA,Address and counter hate speech: An upcoming award for Central African media professionals,not_verified_in_archive_card,https://unoca.unmissions.org/en/news?page=1,date_not_verified_requires_review,not_read_full_article,not_assigned,not_inferred_from_organizer_keyword,not_estimated,partial_archive_metadata_not_all_field_visits_or_training
https://unoca.unmissions.org/en/news/address-and-counter-hate-speech-in-central-africa-a-ministerial-forum-will-be-held-on-14,UNOCA,Address and counter hate speech in Central Africa: A Ministerial forum will be held on 14 and 15 December in Bangui,not_verified_in_archive_card,https://unoca.unmissions.org/en/news?page=1,date_not_verified_requires_review,not_read_full_article,not_assigned,not_inferred_from_organizer_keyword,not_estimated,partial_archive_metadata_not_all_field_visits_or_training
https://unoca.unmissions.org/en/news/africa-climate-week-2022-side-event,UNOCA,Africa Climate Week 2022 – Side event,not_verified_in_archive_card,https://unoca.unmissions.org/en/news?page=4,date_not_verified_requires_review,not_read_full_article,not_assigned,not_inferred_from_organizer_keyword,not_estimated,partial_archive_metadata_not_all_field_visits_or_training
https://unoca.unmissions.org/en/news/amidst-covid-19-challenges-un-remains-operational-across-central-africa,UNOCA,"Amidst COVID-19 challenges, UN ‘remains operational’ across Central Africa",not_verified_in_archive_card,https://unoca.unmissions.org/en/news?page=4,date_not_verified_requires_review,not_read_full_article,not_assigned,not_inferred_from_organizer_keyword,not_estimated,partial_archive_metadata_not_all_field_visits_or_training
https://unoca.unmissions.org/en/news/brazzaville-forum-on-car-crisis,UNOCA,BRAZZAVILLE FORUM ON CAR CRISIS,not_verified_in_archive_card,https://unoca.unmissions.org/en/news?page=6,date_not_verified_requires_review,not_read_full_article,not_assigned,not_inferred_from_organizer_keyword,not_estimated,partial_archive_metadata_not_all_field_visits_or_training
https://unoca.unmissions.org/en/news/call-for-a-global-ceasefire-towards-an-effective-response-to-covid-19-in-central-0,UNOCA,Call for a global ceasefire towards an effective response to COVID-19 in Central Africa,not_verified_in_archive_card,https://unoca.unmissions.org/en/news?page=4,date_not_verified_requires_review,not_read_full_article,not_assigned,not_inferred_from_organizer_keyword,not_estimated,partial_archive_metadata_not_all_field_visits_or_training
https://unoca.unmissions.org/en/news/cameroon-statement-by-the-special-representative-on-the-re-establishment-of-internet,UNOCA,Cameroon : Statement by the Special Representative on  the re-establishment of Internet,not_verified_in_archive_card,https://unoca.unmissions.org/en/news?page=6,date_not_verified_requires_review,not_read_full_article,not_assigned,not_inferred_from_organizer_keyword,not_estimated,partial_archive_metadata_not_all_field_visits_or_training
https://unoca.unmissions.org/en/news/cameroon-the-issue-of-refugees-at-the-heart-of-an-unsac-visit,UNOCA,Cameroon: the issue of refugees at the heart of an UNSAC visit,not_verified_in_archive_card,https://unoca.unmissions.org/en/news?page=3,date_not_verified_requires_review,not_read_full_article,not_assigned,not_inferred_from_organizer_keyword,not_estimated,partial_archive_metadata_not_all_field_visits_or_training
https://unoca.unmissions.org/en/news/cameroon-un-urges-authorities-to-restore-internet-in-anglophone-regions,UNOCA,Cameroon: UN urges authorities to restore Internet in Anglophone regions,not_verified_in_archive_card,https://unoca.unmissions.org/en/news?page=6,date_not_verified_requires_review,not_read_full_article,not_assigned,not_inferred_from_organizer_keyword,not_estimated,partial_archive_metadata_not_all_field_visits_or_training
https://unoca.unmissions.org/en/news/capacity-building-after-ngaoundere-and-douala-bafoussam-will-host-a-three-day-workshop,UNOCA,"Capacity-building : After Ngaoundéré and Douala, Bafoussam will host a three-day workshop on media coverage of elections and the promotion of peaceful elections in Cameroon",not_verified_in_archive_card,https://unoca.unmissions.org/en/news?page=5,date_not_verified_requires_review,not_read_full_article,not_assigned,not_inferred_from_organizer_keyword,not_estimated,partial_archive_metadata_not_all_field_visits_or_training
https://unoca.unmissions.org/en/news/central-africa-a-regional-conference-on-non-constitutional-changes-in-the-course-of-2024,UNOCA,Central Africa: A regional conference on non-constitutional changes in the course of 2024,not_verified_in_archive_card,https://unoca.unmissions.org/en/news?page=1,date_not_verified_requires_review,not_read_full_article,not_assigned,not_inferred_from_organizer_keyword,not_estimated,partial_archive_metadata_not_all_field_visits_or_training
https://unoca.unmissions.org/en/news/central-africa-another-milestone-reached-in-the-process-of-adoption-of-a-regional,UNOCA,Central Africa: Another milestone reached in the process of adoption of a Regional Strategy to address and counter hate speech,not_verified_in_archive_card,https://unoca.unmissions.org/en/news?page=2,date_not_verified_requires_review,not_read_full_article,not_assigned,not_inferred_from_organizer_keyword,not_estimated,partial_archive_metadata_not_all_field_visits_or_training
https://unoca.unmissions.org/en/news/central-africa-envoy-encourages-continued-dialogue-and-consensus-on-conditions-governing,UNOCA,Central Africa envoy encourages continued dialogue and consensus on conditions governing elections,not_verified_in_archive_card,https://unoca.unmissions.org/en/news?page=4,date_not_verified_requires_review,not_read_full_article,not_assigned,not_inferred_from_organizer_keyword,not_estimated,partial_archive_metadata_not_all_field_visits_or_training
https://unoca.unmissions.org/en/news/central-africa-peace-and-security-at-the-heart-of-unsac-member-states-concerns,UNOCA,Central Africa: peace and security at the heart of UNSAC Member States’ concerns,not_verified_in_archive_card,https://unoca.unmissions.org/en/news?page=3,date_not_verified_requires_review,not_read_full_article,not_assigned,not_inferred_from_organizer_keyword,not_estimated,partial_archive_metadata_not_all_field_visits_or_training
https://unoca.unmissions.org/en/news/central-africa-progress-and-persistent-crises,UNOCA,Central Africa: progress and persistent crises,not_verified_in_archive_card,https://unoca.unmissions.org/en/news?page=0,date_not_verified_requires_review,not_read_full_article,not_assigned,not_inferred_from_organizer_keyword,not_estimated,partial_archive_metadata_not_all_field_visits_or_training
https://unoca.unmissions.org/en/news/central-africa-security-council-discussed-political-and-security-situation,UNOCA,Central Africa: Security Council discussed political and security situation,not_verified_in_archive_card,https://unoca.unmissions.org/en/news?page=5,date_not_verified_requires_review,not_read_full_article,not_assigned,not_inferred_from_organizer_keyword,not_estimated,partial_archive_metadata_not_all_field_visits_or_training
https://unoca.unmissions.org/en/news/central-africa-the-heads-of-un-presences-gathered-in-sao-tome-pledge-to-accelerate-the,UNOCA,Central Africa: The heads of UN presences gathered in Sao Tome pledge to accelerate the achievement of the Sustainable Development Goals (SDGs),not_verified_in_archive_card,https://unoca.unmissions.org/en/news?page=5,date_not_verified_requires_review,not_read_full_article,not_assigned,not_inferred_from_organizer_keyword,not_estimated,partial_archive_metadata_not_all_field_visits_or_training
https://unoca.unmissions.org/en/news/central-africa-the-un-faces-emerging-and-persistent-challenges-to-peace-and-security,UNOCA,Central Africa: The UN faces emerging and persistent challenges to peace and security,not_verified_in_archive_card,https://unoca.unmissions.org/en/news?page=1,date_not_verified_requires_review,not_read_full_article,not_assigned,not_inferred_from_organizer_keyword,not_estimated,partial_archive_metadata_not_all_field_visits_or_training
https://unoca.unmissions.org/en/news/central-africa-un-calls-for-governance-framework,UNOCA,Central Africa: UN Calls for Governance Framework,not_verified_in_archive_card,https://unoca.unmissions.org/en/news?page=4,date_not_verified_requires_review,not_read_full_article,not_assigned,not_inferred_from_organizer_keyword,not_estimated,partial_archive_metadata_not_all_field_visits_or_training
https://unoca.unmissions.org/en/news/central-africa-unoca-publishes-a-report-on-the-impact-of-climate-change-on-peace-and,UNOCA,Central Africa: UNOCA publishes a report on the impact of climate change on peace and security,not_verified_in_archive_card,https://unoca.unmissions.org/en/news?page=4,date_not_verified_requires_review,not_read_full_article,not_assigned,not_inferred_from_organizer_keyword,not_estimated,partial_archive_metadata_not_all_field_visits_or_training
https://unoca.unmissions.org/en/news/chad-a-call-to-support-an-inclusive-and-peaceful-return-to-constitutional-order,UNOCA,Chad: A call to support an inclusive and peaceful return to constitutional order,not_verified_in_archive_card,https://unoca.unmissions.org/en/news?page=2,date_not_verified_requires_review,not_read_full_article,not_assigned,not_inferred_from_organizer_keyword,not_estimated,partial_archive_metadata_not_all_field_visits_or_training
https://unoca.unmissions.org/en/news/chad-the-head-of-unoca-deplores-the-ongoing-situation-in-ndjamena-and-calls-for-calm,UNOCA,Chad: the Head of UNOCA deplores the ongoing situation  in N'Djamena and calls for calm,not_verified_in_archive_card,https://unoca.unmissions.org/en/news?page=1,date_not_verified_requires_review,not_read_full_article,not_assigned,not_inferred_from_organizer_keyword,not_estimated,partial_archive_metadata_not_all_field_visits_or_training
https://unoca.unmissions.org/en/news/climate-peace-and-security-in-eastern-chad-understanding-risks-strengthening-resilience,UNOCA,"Climate, Peace and Security in Eastern Chad: Understanding Risks, Strengthening Resilience and Building Lasting Peace",not_verified_in_archive_card,https://unoca.unmissions.org/en/news?page=0,date_not_verified_requires_review,not_read_full_article,not_assigned,not_inferred_from_organizer_keyword,not_estimated,partial_archive_metadata_not_all_field_visits_or_training
https://unoca.unmissions.org/en/news/courtesy-visit-of-the-head-of-unoca-to-the-cameroonian-authorities,UNOCA,Courtesy visit of the Head of UNOCA to the Cameroonian authorities,not_verified_in_archive_card,https://unoca.unmissions.org/en/news?page=5,date_not_verified_requires_review,not_read_full_article,not_assigned,not_inferred_from_organizer_keyword,not_estimated,partial_archive_metadata_not_all_field_visits_or_training
https://unoca.unmissions.org/en/news/crisis-in-the-central-african-republic,UNOCA,CRISIS IN THE CENTRAL AFRICAN REPUBLIC,not_verified_in_archive_card,https://unoca.unmissions.org/en/news?page=7,date_not_verified_requires_review,not_read_full_article,not_assigned,not_inferred_from_organizer_keyword,not_estimated,partial_archive_metadata_not_all_field_visits_or_training
https://unoca.unmissions.org/en/news/crisis-in-the-central-african-republic-0,UNOCA,CRISIS IN THE CENTRAL AFRICAN REPUBLIC,not_verified_in_archive_card,https://unoca.unmissions.org/en/news?page=6,date_not_verified_requires_review,not_read_full_article,not_assigned,not_inferred_from_organizer_keyword,not_estimated,partial_archive_metadata_not_all_field_visits_or_training
https://unoca.unmissions.org/en/news/draft-regional-strategy-against-hate-speech-in-central-africa-the-central-african-0,UNOCA,Draft regional Strategy against hate speech in Central Africa: The Central African Republic is set to host the Ministers of Communication,not_verified_in_archive_card,https://unoca.unmissions.org/en/news?page=2,date_not_verified_requires_review,not_read_full_article,not_assigned,not_inferred_from_organizer_keyword,not_estimated,partial_archive_metadata_not_all_field_visits_or_training
https://unoca.unmissions.org/en/news/eastern-drc-great-lakes,UNOCA,EASTERN DRC  -  GREAT LAKES,not_verified_in_archive_card,https://unoca.unmissions.org/en/news?page=8,date_not_verified_requires_review,not_read_full_article,not_assigned,not_inferred_from_organizer_keyword,not_estimated,partial_archive_metadata_not_all_field_visits_or_training
https://unoca.unmissions.org/en/news/eccas-and-unoca-call-for-peacefull-legislative-and-municipal-elections-in-cameroon,UNOCA,ECCAS AND UNOCA CALL FOR PEACEFULL LEGISLATIVE AND MUNICIPAL ELECTIONS IN CAMEROON,not_verified_in_archive_card,https://unoca.unmissions.org/en/news?page=5,date_not_verified_requires_review,not_read_full_article,not_assigned,not_inferred_from_organizer_keyword,not_estimated,partial_archive_metadata_not_all_field_visits_or_training
https://unoca.unmissions.org/en/news/electoral-processes-avoid-at-all-costs-episodes-of-violence-fueled-by-hate-speech,UNOCA,Electoral processes: Avoid at all costs episodes of violence fueled by hate speech,not_verified_in_archive_card,https://unoca.unmissions.org/en/news?page=3,date_not_verified_requires_review,not_read_full_article,not_assigned,not_inferred_from_organizer_keyword,not_estimated,partial_archive_metadata_not_all_field_visits_or_training
https://unoca.unmissions.org/en/news/exclusive-unafrican-union,UNOCA,EXCLUSIVE - UN/AFRICAN UNION,not_verified_in_archive_card,https://unoca.unmissions.org/en/news?page=8,date_not_verified_requires_review,not_read_full_article,not_assigned,not_inferred_from_organizer_keyword,not_estimated,partial_archive_metadata_not_all_field_visits_or_training
https://unoca.unmissions.org/en/news/fight-against-lra,UNOCA,Fight against LRA,not_verified_in_archive_card,https://unoca.unmissions.org/en/news?page=7,date_not_verified_requires_review,not_read_full_article,not_assigned,not_inferred_from_organizer_keyword,not_estimated,partial_archive_metadata_not_all_field_visits_or_training
https://unoca.unmissions.org/en/news/fight-against-terrorist-threats,UNOCA,FIGHT AGAINST TERRORIST THREATS,not_verified_in_archive_card,https://unoca.unmissions.org/en/news?page=7,date_not_verified_requires_review,not_read_full_article,not_assigned,not_inferred_from_organizer_keyword,not_estimated,partial_archive_metadata_not_all_field_visits_or_training
https://unoca.unmissions.org/en/news/fight-against-the-lra,UNOCA,FIGHT AGAINST THE LRA,not_verified_in_archive_card,https://unoca.unmissions.org/en/news?page=8,date_not_verified_requires_review,not_read_full_article,not_assigned,not_inferred_from_organizer_keyword,not_estimated,partial_archive_metadata_not_all_field_visits_or_training
https://unoca.unmissions.org/en/news/fight-against-the-lra-0,UNOCA,FIGHT AGAINST THE LRA,not_verified_in_archive_card,https://unoca.unmissions.org/en/news?page=7,date_not_verified_requires_review,not_read_full_article,not_assigned,not_inferred_from_organizer_keyword,not_estimated,partial_archive_metadata_not_all_field_visits_or_training
https://unoca.unmissions.org/en/news/fight-against-the-lra-1,UNOCA,FIGHT AGAINST THE LRA,not_verified_in_archive_card,https://unoca.unmissions.org/en/news?page=7,date_not_verified_requires_review,not_read_full_article,not_assigned,not_inferred_from_organizer_keyword,not_estimated,partial_archive_metadata_not_all_field_visits_or_training
https://unoca.unmissions.org/en/news/fight-against-the-lra-srsg-abou-moussa-in-south-sudan,UNOCA,Fight against the LRA: SRSG Abou Moussa in South Sudan,not_verified_in_archive_card,https://unoca.unmissions.org/en/news?page=8,date_not_verified_requires_review,not_read_full_article,not_assigned,not_inferred_from_organizer_keyword,not_estimated,partial_archive_metadata_not_all_field_visits_or_training
https://unoca.unmissions.org/en/news/football-african-cup-of-nations-2015,UNOCA,FOOTBALL - AFRICAN CUP OF NATIONS 2015,not_verified_in_archive_card,https://unoca.unmissions.org/en/news?page=6,date_not_verified_requires_review,not_read_full_article,not_assigned,not_inferred_from_organizer_keyword,not_estimated,partial_archive_metadata_not_all_field_visits_or_training
https://unoca.unmissions.org/en/news/gabon-general-elections-the-united-nations-reiterates-its-call-for-a-peaceful-electoral,UNOCA,Gabon- General elections: The United Nations reiterates its call for a peaceful electoral process,not_verified_in_archive_card,https://unoca.unmissions.org/en/news?page=2,date_not_verified_requires_review,not_read_full_article,not_assigned,not_inferred_from_organizer_keyword,not_estimated,partial_archive_metadata_not_all_field_visits_or_training
https://unoca.unmissions.org/en/news/gabon-legislatives-unoca-calls-on-calm-and-peace,UNOCA,GABON - LEGISLATIVES: UNOCA calls on calm and peace,not_verified_in_archive_card,https://unoca.unmissions.org/en/news?page=9,date_not_verified_requires_review,not_read_full_article,not_assigned,not_inferred_from_organizer_keyword,not_estimated,partial_archive_metadata_not_all_field_visits_or_training
https://unoca.unmissions.org/en/news/gabon-peaceful-elections-elders-and-civil-society-in-step-with-the-united-nations,UNOCA,Gabon - peaceful elections: Elders and civil society in step with the United Nations,not_verified_in_archive_card,https://unoca.unmissions.org/en/news?page=2,date_not_verified_requires_review,not_read_full_article,not_assigned,not_inferred_from_organizer_keyword,not_estimated,partial_archive_metadata_not_all_field_visits_or_training
https://unoca.unmissions.org/en/news/gabon-preservation-of-social-peace,UNOCA,GABON - PRESERVATION OF SOCIAL PEACE,not_verified_in_archive_card,https://unoca.unmissions.org/en/news?page=6,date_not_verified_requires_review,not_read_full_article,not_assigned,not_inferred_from_organizer_keyword,not_estimated,partial_archive_metadata_not_all_field_visits_or_training
https://unoca.unmissions.org/en/news/gabon-the-head-of-unoca-calls-on-journalists-to-contribute-to-a-peaceful-electoral,UNOCA,Gabon: The Head of UNOCA calls on journalists to contribute to a peaceful electoral process,not_verified_in_archive_card,https://unoca.unmissions.org/en/news?page=2,date_not_verified_requires_review,not_read_full_article,not_assigned,not_inferred_from_organizer_keyword,not_estimated,partial_archive_metadata_not_all_field_visits_or_training
https://unoca.unmissions.org/en/news/gabon-the-un-calls-for-a-peaceful-inclusive-and-credible-electoral-process,UNOCA,"Gabon: The UN calls for a peaceful, inclusive and credible electoral process",not_verified_in_archive_card,https://unoca.unmissions.org/en/news?page=2,date_not_verified_requires_review,not_read_full_article,not_assigned,not_inferred_from_organizer_keyword,not_estimated,partial_archive_metadata_not_all_field_visits_or_training
https://unoca.unmissions.org/en/news/gabon-unoca-commends-the-willingness-of-the-opposition-to-work-towards-peaceful,UNOCA,Gabon: UNOCA commends the willingness of the opposition to work towards peaceful elections,not_verified_in_archive_card,https://unoca.unmissions.org/en/news?page=2,date_not_verified_requires_review,not_read_full_article,not_assigned,not_inferred_from_organizer_keyword,not_estimated,partial_archive_metadata_not_all_field_visits_or_training
https://unoca.unmissions.org/en/news/gaboneccas-unoca-supports-the-high-level-conference-on-the-advancement-and-empowerment,UNOCA,GABON/ECCAS: UNOCA supports the High-Level Conference on the Advancement and Empowerment of Women,not_verified_in_archive_card,https://unoca.unmissions.org/en/news?page=3,date_not_verified_requires_review,not_read_full_article,not_assigned,not_inferred_from_organizer_keyword,not_estimated,partial_archive_metadata_not_all_field_visits_or_training
https://unoca.unmissions.org/en/news/implementation-of-the-strategy-against-the-lra,UNOCA,IMPLEMENTATION OF THE STRATEGY AGAINST THE LRA,not_verified_in_archive_card,https://unoca.unmissions.org/en/news?page=8,date_not_verified_requires_review,not_read_full_article,not_assigned,not_inferred_from_organizer_keyword,not_estimated,partial_archive_metadata_not_all_field_visits_or_training
https://unoca.unmissions.org/en/news/information-note-fight-against-boko-haram,UNOCA,INFORMATION NOTE : FIGHT AGAINST BOKO HARAM,not_verified_in_archive_card,https://unoca.unmissions.org/en/news?page=4,date_not_verified_requires_review,not_read_full_article,not_assigned,not_inferred_from_organizer_keyword,not_estimated,partial_archive_metadata_not_all_field_visits_or_training
https://unoca.unmissions.org/en/news/information-note-un-eccas-and-their-partners-mobilized-against-hate-speech-in-central,UNOCA,"INFORMATION NOTE : UN, ECCAS and their partners mobilized against hate speech in Central Africa",not_verified_in_archive_card,https://unoca.unmissions.org/en/news?page=4,date_not_verified_requires_review,not_read_full_article,not_assigned,not_inferred_from_organizer_keyword,not_estimated,partial_archive_metadata_not_all_field_visits_or_training
https://unoca.unmissions.org/en/news/jeffrey-feltman-usg-for-political-affairs,UNOCA,"JEFFREY FELTMAN, USG FOR POLITICAL AFFAIRS",not_verified_in_archive_card,https://unoca.unmissions.org/en/news?page=7,date_not_verified_requires_review,not_read_full_article,not_assigned,not_inferred_from_organizer_keyword,not_estimated,partial_archive_metadata_not_all_field_visits_or_training
https://unoca.unmissions.org/en/news/lra-unau-joint-mission-to-south-sudan-and-drc-from-27-march-to-04-april,UNOCA,LRA : UN/AU joint mission to South Sudan and DRC from 27 March to 04 April,not_verified_in_archive_card,https://unoca.unmissions.org/en/news?page=9,date_not_verified_requires_review,not_read_full_article,not_assigned,not_inferred_from_organizer_keyword,not_estimated,partial_archive_metadata_not_all_field_visits_or_training
https://unoca.unmissions.org/en/news/mr-abdou-abarry-is-the-new-special-representative-and-head-of-unoca,UNOCA,Mr. Abdou Abarry is the new Special Representative and Head of UNOCA,not_verified_in_archive_card,https://unoca.unmissions.org/en/news?page=4,date_not_verified_requires_review,not_read_full_article,not_assigned,not_inferred_from_organizer_keyword,not_estimated,partial_archive_metadata_not_all_field_visits_or_training
https://unoca.unmissions.org/en/news/mr-abou-moussa-sensitizes-ambassadors-on-the-challenges-of-unoca,UNOCA,MR. ABOU MOUSSA SENSITIZES AMBASSADORS ON THE CHALLENGES OF  UNOCA.,not_verified_in_archive_card,https://unoca.unmissions.org/en/news?page=9,date_not_verified_requires_review,not_read_full_article,not_assigned,not_inferred_from_organizer_keyword,not_estimated,partial_archive_metadata_not_all_field_visits_or_training
https://unoca.unmissions.org/en/news/new-special-representative-for-unoca,UNOCA,NEW SPECIAL REPRESENTATIVE FOR UNOCA,not_verified_in_archive_card,https://unoca.unmissions.org/en/news?page=6,date_not_verified_requires_review,not_read_full_article,not_assigned,not_inferred_from_organizer_keyword,not_estimated,partial_archive_metadata_not_all_field_visits_or_training
https://unoca.unmissions.org/en/news/new-special-representative-of-the-un-secretary-general-takes-up-his-duties-in-libreville,UNOCA,New Special Representative of the UN Secretary-General takes up his duties in Libreville,not_verified_in_archive_card,https://unoca.unmissions.org/en/news?page=3,date_not_verified_requires_review,not_read_full_article,not_assigned,not_inferred_from_organizer_keyword,not_estimated,partial_archive_metadata_not_all_field_visits_or_training
https://unoca.unmissions.org/en/news/parfait-onanga-anyanga-will-serve-officer-charge-head-entitysrsg-unoca,UNOCA,Parfait Onanga-Anyanga will serve as the Officer-in-Charge Head of Entity/SRSG UNOCA,not_verified_in_archive_card,https://unoca.unmissions.org/en/news?page=0,date_not_verified_requires_review,not_read_full_article,not_assigned,not_inferred_from_organizer_keyword,not_estimated,partial_archive_metadata_not_all_field_visits_or_training
https://unoca.unmissions.org/en/news/peace-and-reconciliation-in-the-central-african-republic-unocas-support-remains-intact-0,UNOCA,Peace and reconciliation in the Central African Republic: UNOCA’s support remains intact,not_verified_in_archive_card,https://unoca.unmissions.org/en/news?page=1,date_not_verified_requires_review,not_read_full_article,not_assigned,not_inferred_from_organizer_keyword,not_estimated,partial_archive_metadata_not_all_field_visits_or_training
https://unoca.unmissions.org/en/news/peace-and-security-in-central-africa,UNOCA,PEACE AND SECURITY IN CENTRAL AFRICA,not_verified_in_archive_card,https://unoca.unmissions.org/en/news?page=7,date_not_verified_requires_review,not_read_full_article,not_assigned,not_inferred_from_organizer_keyword,not_estimated,partial_archive_metadata_not_all_field_visits_or_training
https://unoca.unmissions.org/en/news/peace-and-security-in-central-africa-unoca-and-au-commission-consider-joint-actions,UNOCA,Peace and Security in Central Africa: UNOCA and AU Commission Consider Joint Actions,not_verified_in_archive_card,https://unoca.unmissions.org/en/news?page=5,date_not_verified_requires_review,not_read_full_article,not_assigned,not_inferred_from_organizer_keyword,not_estimated,partial_archive_metadata_not_all_field_visits_or_training
https://unoca.unmissions.org/en/news/peace-and-security-in-central-and-west-africa,UNOCA,PEACE AND SECURITY IN CENTRAL AND WEST AFRICA,not_verified_in_archive_card,https://unoca.unmissions.org/en/news?page=8,date_not_verified_requires_review,not_read_full_article,not_assigned,not_inferred_from_organizer_keyword,not_estimated,partial_archive_metadata_not_all_field_visits_or_training
https://unoca.unmissions.org/en/news/peace-and-security-in-the-sub-region,UNOCA,PEACE AND SECURITY IN THE SUB-REGION,not_verified_in_archive_card,https://unoca.unmissions.org/en/news?page=6,date_not_verified_requires_review,not_read_full_article,not_assigned,not_inferred_from_organizer_keyword,not_estimated,partial_archive_metadata_not_all_field_visits_or_training
https://unoca.unmissions.org/en/news/presidential-election-gabon-un-reiterates-call-for-credible-inclusive-transparent-and,UNOCA,"Presidential Election - Gabon: UN reiterates call for credible, inclusive, transparent and sincere process",not_verified_in_archive_card,https://unoca.unmissions.org/en/news?page=0,date_not_verified_requires_review,not_read_full_article,not_assigned,not_inferred_from_organizer_keyword,not_estimated,partial_archive_metadata_not_all_field_visits_or_training
https://unoca.unmissions.org/en/news/prevention-and-resolution-of-conflicts-between-farmers-and-herders-in-west-and-central,UNOCA,Prevention and Resolution of Conflicts Between Farmers and Herders in West and Central Africa: A Collection of Best Practices is Available,not_verified_in_archive_card,https://unoca.unmissions.org/en/news?page=1,date_not_verified_requires_review,not_read_full_article,not_assigned,not_inferred_from_organizer_keyword,not_estimated,partial_archive_metadata_not_all_field_visits_or_training
https://unoca.unmissions.org/en/news/recruitment-of-consultant-for-the-scoping-study-of-climate-security-project-in-central,UNOCA,Recruitment of Consultant for the Scoping Study of “Climate Security Project in Central Africa”,not_verified_in_archive_card,https://unoca.unmissions.org/en/news?page=4,date_not_verified_requires_review,not_read_full_article,not_assigned,not_inferred_from_organizer_keyword,not_estimated,partial_archive_metadata_not_all_field_visits_or_training
https://unoca.unmissions.org/en/news/regional-impact-of-the-central-african-crisis,UNOCA,REGIONAL IMPACT OF THE CENTRAL AFRICAN CRISIS,not_verified_in_archive_card,https://unoca.unmissions.org/en/news?page=7,date_not_verified_requires_review,not_read_full_article,not_assigned,not_inferred_from_organizer_keyword,not_estimated,partial_archive_metadata_not_all_field_visits_or_training
https://unoca.unmissions.org/en/news/regional-strategy-to-fight-against-the-lra,UNOCA,REGIONAL STRATEGY TO FIGHT AGAINST THE LRA,not_verified_in_archive_card,https://unoca.unmissions.org/en/news?page=7,date_not_verified_requires_review,not_read_full_article,not_assigned,not_inferred_from_organizer_keyword,not_estimated,partial_archive_metadata_not_all_field_visits_or_training
https://unoca.unmissions.org/en/news/sao-tome-and-principe-roundtable-to-mobilize-international-communitys-support-for-the,UNOCA,São Tomé and Príncipe: Roundtable to mobilize international community's support for the electoral process,not_verified_in_archive_card,https://unoca.unmissions.org/en/news?page=4,date_not_verified_requires_review,not_read_full_article,not_assigned,not_inferred_from_organizer_keyword,not_estimated,partial_archive_metadata_not_all_field_visits_or_training
https://unoca.unmissions.org/en/news/sao-tome-and-principe-the-un-welcomes-official-results-of-october-7-elections,UNOCA,SAO TOME AND PRINCIPE: THE UN WELCOMES OFFICIAL RESULTS OF OCTOBER 7 ELECTIONS,not_verified_in_archive_card,https://unoca.unmissions.org/en/news?page=5,date_not_verified_requires_review,not_read_full_article,not_assigned,not_inferred_from_organizer_keyword,not_estimated,partial_archive_metadata_not_all_field_visits_or_training
https://unoca.unmissions.org/en/news/secretary-general-appoints-mr-mohamed-el-amine-souef-of-the-comoros-as-special,UNOCA,Secretary-General appoints Mr. Mohamed El-Amine Souef of the Comoros as Special Representative for Central Africa and Head of the United Nations Regional Office for Central Africa (UNOCA),not_verified_in_archive_card,https://unoca.unmissions.org/en/news?page=0,date_not_verified_requires_review,not_read_full_article,not_assigned,not_inferred_from_organizer_keyword,not_estimated,partial_archive_metadata_not_all_field_visits_or_training
https://unoca.unmissions.org/en/news/security-council-briefing-on-the-situation-in-central-africa-special-representative,UNOCA,"Security Council Briefing on the Situation in Central Africa, Special Representative François Louncény Fall",not_verified_in_archive_card,https://unoca.unmissions.org/en/news?page=5,date_not_verified_requires_review,not_read_full_article,not_assigned,not_inferred_from_organizer_keyword,not_estimated,partial_archive_metadata_not_all_field_visits_or_training
https://unoca.unmissions.org/en/news/seminar-in-procurement-for-local-vendors,UNOCA,SEMINAR IN PROCUREMENT FOR LOCAL VENDORS,not_verified_in_archive_card,https://unoca.unmissions.org/en/news?page=6,date_not_verified_requires_review,not_read_full_article,not_assigned,not_inferred_from_organizer_keyword,not_estimated,partial_archive_metadata_not_all_field_visits_or_training
https://unoca.unmissions.org/en/news/seminar-of-the-special-representatives-the-regional-directors-and-the-rcs,UNOCA,"Seminar of the Special Representatives, the Regional Directors and the RCs",not_verified_in_archive_card,https://unoca.unmissions.org/en/news?page=9,date_not_verified_requires_review,not_read_full_article,not_assigned,not_inferred_from_organizer_keyword,not_estimated,partial_archive_metadata_not_all_field_visits_or_training
https://unoca.unmissions.org/en/news/seminar-of-the-special-representatives-the-regional-directors-and-the-resident,UNOCA,"SEMINAR OF THE SPECIAL REPRESENTATIVES, THE REGIONAL DIRECTORS AND THE RESIDENT COORDINATORS",not_verified_in_archive_card,https://unoca.unmissions.org/en/news?page=9,date_not_verified_requires_review,not_read_full_article,not_assigned,not_inferred_from_organizer_keyword,not_estimated,partial_archive_metadata_not_all_field_visits_or_training
https://unoca.unmissions.org/en/news/situation-in-gabon-the-un-for-strong-institutions-that-will-consolidate-democratic-0,UNOCA,Situation in Gabon: The UN for strong institutions that will consolidate democratic foundations,not_verified_in_archive_card,https://unoca.unmissions.org/en/news?page=2,date_not_verified_requires_review,not_read_full_article,not_assigned,not_inferred_from_organizer_keyword,not_estimated,partial_archive_metadata_not_all_field_visits_or_training
https://unoca.unmissions.org/en/news/special-representative-alerts-security-council-to-the-situation-in-central-africa,UNOCA,Special Representative alerts Security Council to the situation in Central Africa,not_verified_in_archive_card,https://unoca.unmissions.org/en/news?page=1,date_not_verified_requires_review,not_read_full_article,not_assigned,not_inferred_from_organizer_keyword,not_estimated,partial_archive_metadata_not_all_field_visits_or_training
https://unoca.unmissions.org/en/news/special-representative-warns-against-taking-lords-resistance-army-lightly-during,UNOCA,"Special Representative Warns against Taking Lord’s Resistance Army Lightly, during Briefing to Security Council …",not_verified_in_archive_card,https://unoca.unmissions.org/en/news?page=5,date_not_verified_requires_review,not_read_full_article,not_assigned,not_inferred_from_organizer_keyword,not_estimated,partial_archive_metadata_not_all_field_visits_or_training
https://unoca.unmissions.org/en/news/srsg-souef-concludes-his-mission-on-first-contacts-with-national-authorities-in-ndjamena,UNOCA,SRSG Souef concludes his mission on first contacts with national authorities in N’Djamena (Chad),not_verified_in_archive_card,https://unoca.unmissions.org/en/news?page=0,date_not_verified_requires_review,not_read_full_article,not_assigned,not_inferred_from_organizer_keyword,not_estimated,partial_archive_metadata_not_all_field_visits_or_training
https://unoca.unmissions.org/en/news/strategy-against-the-lra,UNOCA,STRATEGY AGAINST THE LRA,not_verified_in_archive_card,https://unoca.unmissions.org/en/news?page=8,date_not_verified_requires_review,not_read_full_article,not_assigned,not_inferred_from_organizer_keyword,not_estimated,partial_archive_metadata_not_all_field_visits_or_training
https://unoca.unmissions.org/en/news/the-head-of-unoca-continues-his-mission-in-sao-tome-and-principe,UNOCA,The Head of UNOCA continues his mission in São Tomé and Príncipe,not_verified_in_archive_card,https://unoca.unmissions.org/en/news?page=0,date_not_verified_requires_review,not_read_full_article,not_assigned,not_inferred_from_organizer_keyword,not_estimated,partial_archive_metadata_not_all_field_visits_or_training
https://unoca.unmissions.org/en/news/the-head-of-unoca-recalls-the-commitment-of-the-united-nations-to-the-territorial,UNOCA,The Head of UNOCA recalls the commitment of the United Nations to the territorial integrity and unity of Cameroon,not_verified_in_archive_card,https://unoca.unmissions.org/en/news?page=5,date_not_verified_requires_review,not_read_full_article,not_assigned,not_inferred_from_organizer_keyword,not_estimated,partial_archive_metadata_not_all_field_visits_or_training
https://unoca.unmissions.org/en/news/the-situation-in-central-africa-special-representative-abarry-briefs-the-security-0,UNOCA,The situation in Central Africa: Special Representative Abarry briefs the Security Council on 5 June,not_verified_in_archive_card,https://unoca.unmissions.org/en/news?page=3,date_not_verified_requires_review,not_read_full_article,not_assigned,not_inferred_from_organizer_keyword,not_estimated,partial_archive_metadata_not_all_field_visits_or_training
https://unoca.unmissions.org/en/news/the-special-representative-of-the-un-secretary-general-for-central-africa-and-head-of,UNOCA,The Special Representative of the UN Secretary-General for Central Africa and Head of UNOCA is on an official visit to São Tomé and Príncipe,not_verified_in_archive_card,https://unoca.unmissions.org/en/news?page=0,date_not_verified_requires_review,not_read_full_article,not_assigned,not_inferred_from_organizer_keyword,not_estimated,partial_archive_metadata_not_all_field_visits_or_training
https://unoca.unmissions.org/en/news/the-special-representative-of-the-un-the-un-sg-on-official-visit-in-sao-tome-principe,UNOCA,THE SPECIAL REPRESENTATIVE OF THE UN THE UN SG ON OFFICIAL VISIT IN SAO TOME & PRINCIPE,not_verified_in_archive_card,https://unoca.unmissions.org/en/news?page=9,date_not_verified_requires_review,not_read_full_article,not_assigned,not_inferred_from_organizer_keyword,not_estimated,partial_archive_metadata_not_all_field_visits_or_training
https://unoca.unmissions.org/en/news/the-special-representative-to-visit-burundi-from-08-to-13-july-2017,UNOCA,The Special Representative to visit Burundi from 08 to 13 July 2017,not_verified_in_archive_card,https://unoca.unmissions.org/en/news?page=5,date_not_verified_requires_review,not_read_full_article,not_assigned,not_inferred_from_organizer_keyword,not_estimated,partial_archive_metadata_not_all_field_visits_or_training
https://unoca.unmissions.org/en/news/the-srsg-moussa-in-kampala-for-the-summit-of-heads-of-state-of-the-great-lakes-region-6,UNOCA,"The SRSG Moussa in Kampala for the Summit of Heads of State of the Great Lakes region, 6-8 August",not_verified_in_archive_card,https://unoca.unmissions.org/en/news?page=8,date_not_verified_requires_review,not_read_full_article,not_assigned,not_inferred_from_organizer_keyword,not_estimated,partial_archive_metadata_not_all_field_visits_or_training
https://unoca.unmissions.org/en/news/the-states-of-central-africa-want-to-accelerate-the-process-of-adopting-the-strategy-and,UNOCA,The States of Central Africa want to accelerate the process of adopting the Strategy and Action Plan to address and counter hate speech,not_verified_in_archive_card,https://unoca.unmissions.org/en/news?page=2,date_not_verified_requires_review,not_read_full_article,not_assigned,not_inferred_from_organizer_keyword,not_estimated,partial_archive_metadata_not_all_field_visits_or_training
https://unoca.unmissions.org/en/news/the-un-calls-for-a-strengthening-of-eccas-resources,UNOCA,The UN calls for a strengthening of ECCAS resources,not_verified_in_archive_card,https://unoca.unmissions.org/en/news?page=3,date_not_verified_requires_review,not_read_full_article,not_assigned,not_inferred_from_organizer_keyword,not_estimated,partial_archive_metadata_not_all_field_visits_or_training
https://unoca.unmissions.org/en/news/un-security-council,UNOCA,UN SECURITY COUNCIL,not_verified_in_archive_card,https://unoca.unmissions.org/en/news?page=6,date_not_verified_requires_review,not_read_full_article,not_assigned,not_inferred_from_organizer_keyword,not_estimated,partial_archive_metadata_not_all_field_visits_or_training
https://unoca.unmissions.org/en/news/unoca-launches-its-climate-peace-and-security-strategy-for-central-africa,UNOCA,"UNOCA launches its Climate, Peace and Security Strategy for Central Africa",not_verified_in_archive_card,https://unoca.unmissions.org/en/news?page=0,date_not_verified_requires_review,not_read_full_article,not_assigned,not_inferred_from_organizer_keyword,not_estimated,partial_archive_metadata_not_all_field_visits_or_training
https://unoca.unmissions.org/en/news/unoca-seeks-an-appropriately-qualified-contractor-for-the-provision-of-vehicle,UNOCA,UNOCA seeks an appropriately qualified Contractor for the provision of vehicle maintenance.,not_verified_in_archive_card,https://unoca.unmissions.org/en/news?page=7,date_not_verified_requires_review,not_read_full_article,not_assigned,not_inferred_from_organizer_keyword,not_estimated,partial_archive_metadata_not_all_field_visits_or_training
https://unoca.unmissions.org/en/news/unowas-and-unoca-strengthen-their-collaboration,UNOCA,UNOWAS and UNOCA strengthen their collaboration,not_verified_in_archive_card,https://unoca.unmissions.org/en/news?page=5,date_not_verified_requires_review,not_read_full_article,not_assigned,not_inferred_from_organizer_keyword,not_estimated,partial_archive_metadata_not_all_field_visits_or_training
https://unoca.unmissions.org/en/news/unsac-44th-ministerial-meeting-member-states-in-yaounde-from-29-may-to-02-june-0,UNOCA,UNSAC - 44TH MINISTERIAL MEETING: Member States in Yaoundé from 29 May to 02 June,not_verified_in_archive_card,https://unoca.unmissions.org/en/news?page=6,date_not_verified_requires_review,not_read_full_article,not_assigned,not_inferred_from_organizer_keyword,not_estimated,partial_archive_metadata_not_all_field_visits_or_training
https://unoca.unmissions.org/en/news/unsac-cameroon-encouraged-to-conduct-the-validation-process-of-the-draft-regional,UNOCA,UNSAC: Cameroon encouraged to conduct the validation process of the draft Regional Strategy to address and counter hate speech,not_verified_in_archive_card,https://unoca.unmissions.org/en/news?page=3,date_not_verified_requires_review,not_read_full_article,not_assigned,not_inferred_from_organizer_keyword,not_estimated,partial_archive_metadata_not_all_field_visits_or_training
https://unoca.unmissions.org/en/news/unsac-special-representatives-encouragements-to-experts-gathered-in-sao-tome-and,UNOCA,UNSAC: Special Representative's encouragements to experts gathered in São Tomé and Príncipe for their 55th meeting,not_verified_in_archive_card,https://unoca.unmissions.org/en/news?page=3,date_not_verified_requires_review,not_read_full_article,not_assigned,not_inferred_from_organizer_keyword,not_estimated,partial_archive_metadata_not_all_field_visits_or_training
https://unoca.unmissions.org/en/news/unsac-the-56th-session-starts-in-kigali-under-the-theme-the-prevention-of-and-fight,UNOCA,UNSAC: The 56th session starts in Kigali under the theme “The prevention of and fight against non-constitutional changes”,not_verified_in_archive_card,https://unoca.unmissions.org/en/news?page=1,date_not_verified_requires_review,not_read_full_article,not_assigned,not_inferred_from_organizer_keyword,not_estimated,partial_archive_metadata_not_all_field_visits_or_training
https://unoca.unmissions.org/en/news/unsac-the-effects-of-climate-change-and-transhumance-on-regional-stability,UNOCA,UNSAC: The effects of climate change and transhumance on regional stability,not_verified_in_archive_card,https://unoca.unmissions.org/en/news?page=3,date_not_verified_requires_review,not_read_full_article,not_assigned,not_inferred_from_organizer_keyword,not_estimated,partial_archive_metadata_not_all_field_visits_or_training
https://unoca.unmissions.org/en/news/vacancy-consultant-maritime-security-project-political-economy-0,UNOCA,Vacancy: Consultant: Maritime Security Project – Political Economy,not_verified_in_archive_card,https://unoca.unmissions.org/en/news?page=2,date_not_verified_requires_review,not_read_full_article,not_assigned,not_inferred_from_organizer_keyword,not_estimated,partial_archive_metadata_not_all_field_visits_or_training
https://unoca.unmissions.org/en/news/vacancy-consultant-study-on-revitalization-of-resolution-1325-in-burundi,UNOCA,Vacancy: Consultant - Study on Revitalization of Resolution 1325 in Burundi,not_verified_in_archive_card,https://unoca.unmissions.org/en/news?page=1,date_not_verified_requires_review,not_read_full_article,not_assigned,not_inferred_from_organizer_keyword,not_estimated,partial_archive_metadata_not_all_field_visits_or_training
https://unoca.unmissions.org/en/news/west-and-central-africa-heads-of-un-reiterate-the-need-to-promote-good-governance-to,UNOCA,West and Central Africa: Heads of UN reiterate the need to promote good governance to guarantee lasting stability,not_verified_in_archive_card,https://unoca.unmissions.org/en/news?page=2,date_not_verified_requires_review,not_read_full_article,not_assigned,not_inferred_from_organizer_keyword,not_estimated,partial_archive_metadata_not_all_field_visits_or_training
https://unowas.unmissions.org/en/news/36th-high-level-meeting-of-heads-of-un-peace-missions-in-west-africa,UNOWAS,36th HIGH-LEVEL MEETING OF HEADS OF UN PEACE MISSIONS IN WEST AFRICA,not_verified_in_archive_card,https://unowas.unmissions.org/en/news?page=7,date_not_verified_requires_review,not_read_full_article,not_assigned,not_inferred_from_organizer_keyword,not_estimated,partial_archive_metadata_not_all_field_visits_or_training
https://unowas.unmissions.org/en/news/3rd-lake-chad-basin-governors-forum-lcbgf-annadif-underlines-the-urgency-of,UNOWAS,3rd Lake Chad Basin Governors Forum (LCBGF): ANNADIF Underlines the urgency of strengthening the links between the regional stabilization strategy for the Lake Chad basin and the United Nations Integrated Strategy for the Sahel (UNISS),not_verified_in_archive_card,https://unowas.unmissions.org/en/news?page=8,date_not_verified_requires_review,not_read_full_article,not_assigned,not_inferred_from_organizer_keyword,not_estimated,partial_archive_metadata_not_all_field_visits_or_training
https://unowas.unmissions.org/en/news/adapting-security-institutions-new-and-emerging-threats,UNOWAS,Adapting Security Institutions to New and Emerging Threats,not_verified_in_archive_card,https://unowas.unmissions.org/en/news?page=1,date_not_verified_requires_review,not_read_full_article,not_assigned,not_inferred_from_organizer_keyword,not_estimated,partial_archive_metadata_not_all_field_visits_or_training
https://unowas.unmissions.org/en/news/africas-development-will-not-happen-without-digital-technology-fabrice-teeg-wende-guene,UNOWAS,“Africa’s development will not happen without digital technology”  Fabrice Teeg-Wendé Guéné,not_verified_in_archive_card,https://unowas.unmissions.org/en/news?page=12,date_not_verified_requires_review,not_read_full_article,not_assigned,not_inferred_from_organizer_keyword,not_estimated,partial_archive_metadata_not_all_field_visits_or_training
https://unowas.unmissions.org/en/news/all-hands-on-deck-to-fight-a-once-in-a-lifetime-pandemic,UNOWAS,All hands on deck to fight a once-in-a-lifetime pandemic,not_verified_in_archive_card,https://unowas.unmissions.org/en/news?page=13,date_not_verified_requires_review,not_read_full_article,not_assigned,not_inferred_from_organizer_keyword,not_estimated,partial_archive_metadata_not_all_field_visits_or_training
https://unowas.unmissions.org/en/news/annadif-calls-on-national-regional-and-international-partners-to-increase-their,UNOWAS,"ANNADIF Calls on National, Regional and International Partners to Increase Their Mobilization To Face Multiple Challenges",not_verified_in_archive_card,https://unowas.unmissions.org/en/news?page=9,date_not_verified_requires_review,not_read_full_article,not_assigned,not_inferred_from_organizer_keyword,not_estimated,partial_archive_metadata_not_all_field_visits_or_training
https://unowas.unmissions.org/en/news/annadif-calls-on-national-regional-and-international-partners-to-increase-their-0,UNOWAS,"ANNADIF Calls on National, Regional and International Partners to Increase Their Mobilization To Face Multiple Challenges",not_verified_in_archive_card,https://unowas.unmissions.org/en/news?page=9,date_not_verified_requires_review,not_read_full_article,not_assigned,not_inferred_from_organizer_keyword,not_estimated,partial_archive_metadata_not_all_field_visits_or_training
https://unowas.unmissions.org/en/news/annadif-in-niger-the-united-nations-will-remain-committed-alongside-niger-and-its,UNOWAS,"ANNADIF IN NIGER: ""The United Nations will remain committed alongside Niger and its people to consolidate peace and democracy""",not_verified_in_archive_card,https://unowas.unmissions.org/en/news?page=9,date_not_verified_requires_review,not_read_full_article,not_assigned,not_inferred_from_organizer_keyword,not_estimated,partial_archive_metadata_not_all_field_visits_or_training
https://unowas.unmissions.org/en/news/annadif-renews-the-commitment-of-unowas-and-the-united-nations-country-team-to-support,UNOWAS,ANNADIF Renews the Commitment of UNOWAS and the United Nations Country Team to Support Sierra Leone,not_verified_in_archive_card,https://unowas.unmissions.org/en/news?page=8,date_not_verified_requires_review,not_read_full_article,not_assigned,not_inferred_from_organizer_keyword,not_estimated,partial_archive_metadata_not_all_field_visits_or_training
https://unowas.unmissions.org/en/news/annadif-welcomes-the-work-progress-of-the-cameroon-nigeria-mixed-commission-and,UNOWAS,"ANNADIF welcomes the work progress of the Cameroon-Nigeria Mixed Commission, and welcomes the commitment of the two countries to finalize the border demarcation process",not_verified_in_archive_card,https://unowas.unmissions.org/en/news?page=8,date_not_verified_requires_review,not_read_full_article,not_assigned,not_inferred_from_organizer_keyword,not_estimated,partial_archive_metadata_not_all_field_visits_or_training
https://unowas.unmissions.org/en/news/annual-meeting-working-group-women-youth-peace-and-security-west-africa-and-sahel,UNOWAS,"Annual Meeting of the Working Group on Women, Youth, Peace and Security in West Africa and the Sahel (WGWYPS-WAS)",not_verified_in_archive_card,https://unowas.unmissions.org/en/news?page=1,date_not_verified_requires_review,not_read_full_article,not_assigned,not_inferred_from_organizer_keyword,not_estimated,partial_archive_metadata_not_all_field_visits_or_training
https://unowas.unmissions.org/en/news/annual-west-africa-and-sahel-youth-forum,UNOWAS,Annual West Africa and Sahel Youth Forum,not_verified_in_archive_card,https://unowas.unmissions.org/en/news?page=6,date_not_verified_requires_review,not_read_full_article,not_assigned,not_inferred_from_organizer_keyword,not_estimated,partial_archive_metadata_not_all_field_visits_or_training
https://unowas.unmissions.org/en/news/at-the-launch-of-liberias-national-action-plan-on-youth-peace-and-security-dsrsg-barrie,UNOWAS,"At the launch of Liberia’s National Action Plan on Youth, Peace, and Security, DSRSG Barrie Freeman reaffirmed the UN’s resolve to support the Youth, Peace and Security Agenda",not_verified_in_archive_card,https://unowas.unmissions.org/en/news?page=1,date_not_verified_requires_review,not_read_full_article,not_assigned,not_inferred_from_organizer_keyword,not_estimated,partial_archive_metadata_not_all_field_visits_or_training
https://unowas.unmissions.org/en/news/at-the-security-council-special-representative-simao-encourages-continued-regional,UNOWAS,"At the Security Council, Special Representative Simão encourages continued regional cooperation",not_verified_in_archive_card,https://unowas.unmissions.org/en/news?page=2,date_not_verified_requires_review,not_read_full_article,not_assigned,not_inferred_from_organizer_keyword,not_estimated,partial_archive_metadata_not_all_field_visits_or_training
https://unowas.unmissions.org/en/news/at-the-un-security-council-special-representative-simao-calls-for-enhanced-regional,UNOWAS,"At the un Security Council, Special Representative Simão calls for enhanced regional cooperation",not_verified_in_archive_card,https://unowas.unmissions.org/en/news?page=3,date_not_verified_requires_review,not_read_full_article,not_assigned,not_inferred_from_organizer_keyword,not_estimated,partial_archive_metadata_not_all_field_visits_or_training
https://unowas.unmissions.org/en/news/at-who-we-are-working-around-the-clock-to-support-governments-in-leading-the-response,UNOWAS,"“At WHO, we are working around-the-clock to support governments in leading the response to the COVID-19 pandemic” Dr Matshidiso Moeti, Who regional Director for Africa",not_verified_in_archive_card,https://unowas.unmissions.org/en/news?page=13,date_not_verified_requires_review,not_read_full_article,not_assigned,not_inferred_from_organizer_keyword,not_estimated,partial_archive_metadata_not_all_field_visits_or_training
https://unowas.unmissions.org/en/news/before-the-security-council-special-representative-leonardo-santos-simao-calls-for,UNOWAS,"Before the Security Council, Special Representative Leonardo Santos Simão calls for strengthening regional dialogue to address persistent challenges in West Africa and the Sahel",not_verified_in_archive_card,https://unowas.unmissions.org/en/news?page=0,date_not_verified_requires_review,not_read_full_article,not_assigned,not_inferred_from_organizer_keyword,not_estimated,partial_archive_metadata_not_all_field_visits_or_training
https://unowas.unmissions.org/en/news/briefing-of-the-special-representative-of-the-secretary-general-for-west-africa-and-the,UNOWAS,"BRIEFING OF THE SPECIAL REPRESENTATIVE OF THE SECRETARY-GENERAL FOR WEST AFRICA AND THE SAHEL, MAHAMAT SALEH ANNADIF,  TO THE UNITED NATIONS SECURITY COUNCIL",not_verified_in_archive_card,https://unowas.unmissions.org/en/news?page=6,date_not_verified_requires_review,not_read_full_article,not_assigned,not_inferred_from_organizer_keyword,not_estimated,partial_archive_metadata_not_all_field_visits_or_training
https://unowas.unmissions.org/en/news/cameroon-and-nigeria-join-forces-finalize-their-common-border,UNOWAS,Cameroon and Nigeria join forces to finalize their common border,not_verified_in_archive_card,https://unowas.unmissions.org/en/news?page=0,date_not_verified_requires_review,not_read_full_article,not_assigned,not_inferred_from_organizer_keyword,not_estimated,partial_archive_metadata_not_all_field_visits_or_training
https://unowas.unmissions.org/en/news/cameroon-nigeria-mixed-commission-holds-its-33rd-meeting,UNOWAS,Cameroon-Nigeria Mixed Commission holds its 33rd Meeting,not_verified_in_archive_card,https://unowas.unmissions.org/en/news?page=7,date_not_verified_requires_review,not_read_full_article,not_assigned,not_inferred_from_organizer_keyword,not_estimated,partial_archive_metadata_not_all_field_visits_or_training
https://unowas.unmissions.org/en/news/cnmc-demarcation-process-continues-despite-security-concerns,UNOWAS,CNMC Demarcation Process Continues Despite Security Concerns,not_verified_in_archive_card,https://unowas.unmissions.org/en/news?page=4,date_not_verified_requires_review,not_read_full_article,not_assigned,not_inferred_from_organizer_keyword,not_estimated,partial_archive_metadata_not_all_field_visits_or_training
https://unowas.unmissions.org/en/news/cnmc-determined-to-finalize-the-demarcation-process,UNOWAS,CNMC determined to finalize the demarcation process,not_verified_in_archive_card,https://unowas.unmissions.org/en/news?page=5,date_not_verified_requires_review,not_read_full_article,not_assigned,not_inferred_from_organizer_keyword,not_estimated,partial_archive_metadata_not_all_field_visits_or_training
https://unowas.unmissions.org/en/news/communique-adopted-at-the-thirty-third-session-of-the-cameroon-nigeria-mixed-commission,UNOWAS,COMMUNIQUÉ ADOPTED AT THE THIRTY-THIRD SESSION OF THE CAMEROON-NIGERIA MIXED COMMISSION ESTABLISHED PURSUANT TO THE GENEVA JOINT COMMUNIQUÉ OF 15 NOVEMBER 2002,not_verified_in_archive_card,https://unowas.unmissions.org/en/news?page=7,date_not_verified_requires_review,not_read_full_article,not_assigned,not_inferred_from_organizer_keyword,not_estimated,partial_archive_metadata_not_all_field_visits_or_training
https://unowas.unmissions.org/en/news/communities-before-borders,UNOWAS,Communities Before Borders,not_verified_in_archive_card,https://unowas.unmissions.org/en/news?page=4,date_not_verified_requires_review,not_read_full_article,not_assigned,not_inferred_from_organizer_keyword,not_estimated,partial_archive_metadata_not_all_field_visits_or_training
https://unowas.unmissions.org/en/news/coronavirus-response-in-west-africa-and-the-sahel-human-rights-must-not-be-forgotten,UNOWAS,Coronavirus response in West Africa and the Sahel: Human rights must not be forgotten,not_verified_in_archive_card,https://unowas.unmissions.org/en/news?page=13,date_not_verified_requires_review,not_read_full_article,not_assigned,not_inferred_from_organizer_keyword,not_estimated,partial_archive_metadata_not_all_field_visits_or_training
https://unowas.unmissions.org/en/news/covid-19-un-chief-calls-for-global-ceasefire-to-focus-on-the-true-fight-of-our-lives,UNOWAS,COVID-19: UN chief calls for global ceasefire to focus on ‘the true fight of our lives’,not_verified_in_archive_card,https://unowas.unmissions.org/en/news?page=13,date_not_verified_requires_review,not_read_full_article,not_assigned,not_inferred_from_organizer_keyword,not_estimated,partial_archive_metadata_not_all_field_visits_or_training
https://unowas.unmissions.org/en/news/deputy-special-representative-barrie-freeman-concludes-visit-to-the-gambia-underscores,UNOWAS,"Deputy Special Representative Barrie Freeman Concludes Visit to The Gambia, Underscores Importance of Regional Cooperation and Good Governance",not_verified_in_archive_card,https://unowas.unmissions.org/en/news?page=0,date_not_verified_requires_review,not_read_full_article,not_assigned,not_inferred_from_organizer_keyword,not_estimated,partial_archive_metadata_not_all_field_visits_or_training
https://unowas.unmissions.org/en/news/despite-covid-19-the-implementation-of-resolutions-2250-and-2419-relating-to-youth,UNOWAS,"Despite COVID-19, the implementation of Resolutions 2250 and 2419 relating to youth, peace and security is on track in West Africa and the Sahel",not_verified_in_archive_card,https://unowas.unmissions.org/en/news?page=11,date_not_verified_requires_review,not_read_full_article,not_assigned,not_inferred_from_organizer_keyword,not_estimated,partial_archive_metadata_not_all_field_visits_or_training
https://unowas.unmissions.org/en/news/ecowas-unowas-commonwealth-international-moral-guarantors-joint-assessment-mission-to,UNOWAS,ECOWAS-UNOWAS-Commonwealth (International Moral Guarantors) Joint Assessment Mission to Sierra Leone on the Agreement for National Unity and Recommendations of the Tripartite Committee’s Report,not_verified_in_archive_card,https://unowas.unmissions.org/en/news?page=0,date_not_verified_requires_review,not_read_full_article,not_assigned,not_inferred_from_organizer_keyword,not_estimated,partial_archive_metadata_not_all_field_visits_or_training
https://unowas.unmissions.org/en/news/elections-in-west-africa-and-the-sahel-between-crisis-and-hope,UNOWAS,"Elections in West Africa and the Sahel, between crisis and hope",not_verified_in_archive_card,https://unowas.unmissions.org/en/news?page=12,date_not_verified_requires_review,not_read_full_article,not_assigned,not_inferred_from_organizer_keyword,not_estimated,partial_archive_metadata_not_all_field_visits_or_training
https://unowas.unmissions.org/en/news/empowering-peacebuilders-women-west-africa-and-colombia-lead-inter-regional-dialogue,UNOWAS,Empowering Peacebuilders: Women of West Africa and Colombia Lead Inter-Regional Dialogue to Strengthen South-South Cooperation,not_verified_in_archive_card,https://unowas.unmissions.org/en/news?page=0,date_not_verified_requires_review,not_read_full_article,not_assigned,not_inferred_from_organizer_keyword,not_estimated,partial_archive_metadata_not_all_field_visits_or_training
https://unowas.unmissions.org/en/news/en-mauritanie-le-representant-special-simao-reaffirme-lengagement-de-lonu-en-faveur-du,UNOWAS,"In Mauritania, Special Representative Simão Reaffirms UN Commitment To Dialogue, Stability And Resilience In The Sahel",not_verified_in_archive_card,https://unowas.unmissions.org/en/news?page=0,date_not_verified_requires_review,not_read_full_article,not_assigned,not_inferred_from_organizer_keyword,not_estimated,partial_archive_metadata_not_all_field_visits_or_training
https://unowas.unmissions.org/en/news/enhancing-the-freedom-of-expression-in-west-africa-and-the-sahel,UNOWAS,Enhancing the Freedom of Expression in West Africa and The Sahel,not_verified_in_archive_card,https://unowas.unmissions.org/en/news?page=8,date_not_verified_requires_review,not_read_full_article,not_assigned,not_inferred_from_organizer_keyword,not_estimated,partial_archive_metadata_not_all_field_visits_or_training
https://unowas.unmissions.org/en/news/extraordinary-session-of-ecowas-the-special-representative-assures-uns-unflinching,UNOWAS,Extraordinary Session of ECOWAS - The Special Representative assures UN’s unflinching support,not_verified_in_archive_card,https://unowas.unmissions.org/en/news?page=13,date_not_verified_requires_review,not_read_full_article,not_assigned,not_inferred_from_organizer_keyword,not_estimated,partial_archive_metadata_not_all_field_visits_or_training
https://unowas.unmissions.org/en/news/facing-sahel-challenges-special-representative-simao-commends-togos-commitment-to,UNOWAS,"Facing Sahel Challenges, Special Representative Simão Commends Togo’s Commitment to Regional Stability",not_verified_in_archive_card,https://unowas.unmissions.org/en/news?page=0,date_not_verified_requires_review,not_read_full_article,not_assigned,not_inferred_from_organizer_keyword,not_estimated,partial_archive_metadata_not_all_field_visits_or_training
https://unowas.unmissions.org/en/news/fight-against-boko-haram-special-representatives-lounceny-fall-and-mahamat-annadif,UNOWAS,FIGHT AGAINST BOKO HARAM: SPECIAL REPRESENTATIVES LOUNCENY FALL AND MAHAMAT ANNADIF BEGIN A JOINT HIGH-LEVEL VISIT TO CAMEROON AND CHAD,not_verified_in_archive_card,https://unowas.unmissions.org/en/news?page=7,date_not_verified_requires_review,not_read_full_article,not_assigned,not_inferred_from_organizer_keyword,not_estimated,partial_archive_metadata_not_all_field_visits_or_training
https://unowas.unmissions.org/en/news/human-rights-day-10-december-secretary-generals-message,UNOWAS,"Human Rights Day, 10 December - Secretary-General's Message",not_verified_in_archive_card,https://unowas.unmissions.org/en/news?page=3,date_not_verified_requires_review,not_read_full_article,not_assigned,not_inferred_from_organizer_keyword,not_estimated,partial_archive_metadata_not_all_field_visits_or_training
https://unowas.unmissions.org/en/news/in-abidjan-the-special-representative-annadif-welcomes-cote-divoires-commitment-towards,UNOWAS,"In Abidjan, the Special Representative ANNADIF welcomes Côte d'Ivoire’s commitment towards national reconciliation and consolidation of peace and democracy",not_verified_in_archive_card,https://unowas.unmissions.org/en/news?page=9,date_not_verified_requires_review,not_read_full_article,not_assigned,not_inferred_from_organizer_keyword,not_estimated,partial_archive_metadata_not_all_field_visits_or_training
https://unowas.unmissions.org/en/news/in-abuja-the-special-representative-annadif-reaffirms-the-united-nations-commitment-for,UNOWAS,"In Abuja, The Special Representative ANNADIF Reaffirms the United Nations Commitment For A Privileged Partnership With ECOWAS.",not_verified_in_archive_card,https://unowas.unmissions.org/en/news?page=8,date_not_verified_requires_review,not_read_full_article,not_assigned,not_inferred_from_organizer_keyword,not_estimated,partial_archive_metadata_not_all_field_visits_or_training
https://unowas.unmissions.org/en/news/in-banjul-special-representative-simao-reaffirms-united-nationss-support-to-the-gambia,UNOWAS,"In Banjul, Special Representative Simão reaffirms United Nations’s support to The Gambia to consolidate peace and democracy",not_verified_in_archive_card,https://unowas.unmissions.org/en/news?page=2,date_not_verified_requires_review,not_read_full_article,not_assigned,not_inferred_from_organizer_keyword,not_estimated,partial_archive_metadata_not_all_field_visits_or_training
https://unowas.unmissions.org/en/news/in-banjul-srsg-annadif-reaffirms-the-un-commitment-to-support-the-gambians-in-their,UNOWAS,"In Banjul, SRSG ANNADIF reaffirms the UN commitment to support the Gambians in their efforts towards shaping a prosperous future",not_verified_in_archive_card,https://unowas.unmissions.org/en/news?page=9,date_not_verified_requires_review,not_read_full_article,not_assigned,not_inferred_from_organizer_keyword,not_estimated,partial_archive_metadata_not_all_field_visits_or_training
https://unowas.unmissions.org/en/news/in-freetown-the-special-representative-annadif-reaffirmed-the-commitment-of-the-united,UNOWAS,"In Freetown, The Special Representative ANNADIF Reaffirmed the Commitment of the United Nations to Continue to Support Sierra Leone in Its tireless efforts to Consolidate National Reconciliation, Democracy And Development.",not_verified_in_archive_card,https://unowas.unmissions.org/en/news?page=8,date_not_verified_requires_review,not_read_full_article,not_assigned,not_inferred_from_organizer_keyword,not_estimated,partial_archive_metadata_not_all_field_visits_or_training
https://unowas.unmissions.org/en/news/in-niger-the-united-nations-and-the-government-launch-a-joint-initiative-to-strengthen,UNOWAS,"In Niger, the United Nations and the Government Launch a Joint Initiative To Strengthen Social Cohesion and National Dialogue",not_verified_in_archive_card,https://unowas.unmissions.org/en/news?page=7,date_not_verified_requires_review,not_read_full_article,not_assigned,not_inferred_from_organizer_keyword,not_estimated,partial_archive_metadata_not_all_field_visits_or_training
https://unowas.unmissions.org/en/news/in-nigeria-special-representatives-annadif-and-fall-stress-the-importance-of-a-regional,UNOWAS,"IN NIGERIA, SPECIAL REPRESENTATIVES ANNADIF AND FALL STRESS THE IMPORTANCE OF A REGIONAL APPROACH TO ADDRESS CHALLENGES IN THE LAKE CHAD BASIN",not_verified_in_archive_card,https://unowas.unmissions.org/en/news?page=7,date_not_verified_requires_review,not_read_full_article,not_assigned,not_inferred_from_organizer_keyword,not_estimated,partial_archive_metadata_not_all_field_visits_or_training
https://unowas.unmissions.org/en/news/in-partnership-with-iom-unfccc-and-unep-unowas-launches-un-regional-working-group-on,UNOWAS,"In Partnership with IOM, UNFCCC and UNEP, UNOWAS Launches UN Regional Working Group on Climate Change, Environment, Security and Development in West Africa",not_verified_in_archive_card,https://unowas.unmissions.org/en/news?page=9,date_not_verified_requires_review,not_read_full_article,not_assigned,not_inferred_from_organizer_keyword,not_estimated,partial_archive_metadata_not_all_field_visits_or_training
https://unowas.unmissions.org/en/news/in-the-face-of-covid-19-unowas-remains-in-solidarity-with-west-africa-and-the-sahel,UNOWAS,"In the face of COVID-19, UNOWAS remains in solidarity with West Africa and the Sahel countries",not_verified_in_archive_card,https://unowas.unmissions.org/en/news?page=13,date_not_verified_requires_review,not_read_full_article,not_assigned,not_inferred_from_organizer_keyword,not_estimated,partial_archive_metadata_not_all_field_visits_or_training
https://unowas.unmissions.org/en/news/international-conference-on-the-accra-initiative,UNOWAS,International Conference on the Accra Initiative,not_verified_in_archive_card,https://unowas.unmissions.org/en/news?page=5,date_not_verified_requires_review,not_read_full_article,not_assigned,not_inferred_from_organizer_keyword,not_estimated,partial_archive_metadata_not_all_field_visits_or_training
https://unowas.unmissions.org/en/news/international-peace-day,UNOWAS,International Peace Day,not_verified_in_archive_card,https://unowas.unmissions.org/en/news?page=3,date_not_verified_requires_review,not_read_full_article,not_assigned,not_inferred_from_organizer_keyword,not_estimated,partial_archive_metadata_not_all_field_visits_or_training
https://unowas.unmissions.org/en/news/it-has-been-a-privilege-and-an-honor-for-me-to-serve-the-united-nations,UNOWAS,“It has been a privilege and an honor for me to serve the United Nations”,not_verified_in_archive_card,https://unowas.unmissions.org/en/news?page=13,date_not_verified_requires_review,not_read_full_article,not_assigned,not_inferred_from_organizer_keyword,not_estimated,partial_archive_metadata_not_all_field_visits_or_training
https://unowas.unmissions.org/en/news/joint-declaration-of-ecowas-african-union-united-nations-on-the-political-situation-in,UNOWAS,Joint Declaration of ECOWAS-African Union-United Nations on the Political Situation in Côte d'Ivoire (FR),not_verified_in_archive_card,https://unowas.unmissions.org/en/news?page=11,date_not_verified_requires_review,not_read_full_article,not_assigned,not_inferred_from_organizer_keyword,not_estimated,partial_archive_metadata_not_all_field_visits_or_training
https://unowas.unmissions.org/en/news/joint-interregional-good-practice-visit-on-farmer-pastoralist-dynamics-in-west-and,UNOWAS,Joint interregional good practice visit on farmer-pastoralist dynamics in West and Central Africa,not_verified_in_archive_card,https://unowas.unmissions.org/en/news?page=5,date_not_verified_requires_review,not_read_full_article,not_assigned,not_inferred_from_organizer_keyword,not_estimated,partial_archive_metadata_not_all_field_visits_or_training
https://unowas.unmissions.org/en/news/joint-unowas-ecowas-mission-to-burkina-faso,UNOWAS,Joint UNOWAS-ECOWAS Mission To Burkina Faso,not_verified_in_archive_card,https://unowas.unmissions.org/en/news?page=6,date_not_verified_requires_review,not_read_full_article,not_assigned,not_inferred_from_organizer_keyword,not_estimated,partial_archive_metadata_not_all_field_visits_or_training
https://unowas.unmissions.org/en/news/lake-chad-basin-special-representatives-fall-and-annadif-conclude-a-five-day-visit-to,UNOWAS,LAKE CHAD BASIN - SPECIAL REPRESENTATIVES FALL AND ANNADIF CONCLUDE A FIVE-DAY VISIT TO CAMEROON AND CHAD,not_verified_in_archive_card,https://unowas.unmissions.org/en/news?page=7,date_not_verified_requires_review,not_read_full_article,not_assigned,not_inferred_from_organizer_keyword,not_estimated,partial_archive_metadata_not_all_field_visits_or_training
https://unowas.unmissions.org/en/news/le-representant-special-leonardo-santos-simao-acheve-une-mission-de-bons-offices-en,UNOWAS,Special Representative Leonardo Santos Simão Concludes a Good Offices Mission in Côte d'Ivoire Marked by a Broad-Based Political Dialogue and the Signing of a Partnership Agreement with the Conseil de l'Entente,not_verified_in_archive_card,https://unowas.unmissions.org/en/news?page=0,date_not_verified_requires_review,not_read_full_article,not_assigned,not_inferred_from_organizer_keyword,not_estimated,partial_archive_metadata_not_all_field_visits_or_training
https://unowas.unmissions.org/en/news/lemergence-de-nouvelles-drogues-au-senegal-une-mobilisation-collective-pour-proteger-la,UNOWAS,Emerging Drugs in Senegal: A Collective Response to Protect Young People,not_verified_in_archive_card,https://unowas.unmissions.org/en/news?page=0,date_not_verified_requires_review,not_read_full_article,not_assigned,not_inferred_from_organizer_keyword,not_estimated,partial_archive_metadata_not_all_field_visits_or_training
https://unowas.unmissions.org/en/news/liberia-is-greater-than-our-personal-interests,UNOWAS,“Liberia is greater than our personal interests.”,not_verified_in_archive_card,https://unowas.unmissions.org/en/news?page=4,date_not_verified_requires_review,not_read_full_article,not_assigned,not_inferred_from_organizer_keyword,not_estimated,partial_archive_metadata_not_all_field_visits_or_training
https://unowas.unmissions.org/en/news/meeting-of-unowas-and-resident-coordinators-of-the-mano-river-union,UNOWAS,Meeting of UNOWAS and Resident Coordinators of the Mano River Union,not_verified_in_archive_card,https://unowas.unmissions.org/en/news?page=6,date_not_verified_requires_review,not_read_full_article,not_assigned,not_inferred_from_organizer_keyword,not_estimated,partial_archive_metadata_not_all_field_visits_or_training
https://unowas.unmissions.org/en/news/moussa-faki-mahamat-and-mohamed-ibn-chambas-concluded-a-joint-visit-to-sierra-leone-and,UNOWAS,Moussa Faki Mahamat and Mohamed Ibn Chambas concluded a joint visit to Sierra Leone and Cabo Verde,not_verified_in_archive_card,https://unowas.unmissions.org/en/news?page=10,date_not_verified_requires_review,not_read_full_article,not_assigned,not_inferred_from_organizer_keyword,not_estimated,partial_archive_metadata_not_all_field_visits_or_training
https://unowas.unmissions.org/en/news/mr-leonardo-santos-simao-new-special-representative-of-the-secretary-general-for-west,UNOWAS,"Mr. Leonardo Santos Simão, new Special Representative of the Secretary-General for West Africa and the Sahel",not_verified_in_archive_card,https://unowas.unmissions.org/en/news?page=4,date_not_verified_requires_review,not_read_full_article,not_assigned,not_inferred_from_organizer_keyword,not_estimated,partial_archive_metadata_not_all_field_visits_or_training
https://unowas.unmissions.org/en/news/mru-un-high-level-planning-meeting-to-enhance-partnership,UNOWAS,MRU-UN high level planning meeting to enhance partnership,not_verified_in_archive_card,https://unowas.unmissions.org/en/news?page=11,date_not_verified_requires_review,not_read_full_article,not_assigned,not_inferred_from_organizer_keyword,not_estimated,partial_archive_metadata_not_all_field_visits_or_training
https://unowas.unmissions.org/en/news/ms-giovanie-biha-discusses-the-security-and-political-situation-in-west-africa-and-the,UNOWAS,Ms. Giovanie Biha discusses the security and political situation in West Africa and the Sahel,not_verified_in_archive_card,https://unowas.unmissions.org/en/news?page=5,date_not_verified_requires_review,not_read_full_article,not_assigned,not_inferred_from_organizer_keyword,not_estimated,partial_archive_metadata_not_all_field_visits_or_training
https://unowas.unmissions.org/en/news/new-unowas-study-rule-law-key-link-west-africas-climate-resilience,UNOWAS,New UNOWAS study: The rule of law as a key link in West Africa's climate resilience,not_verified_in_archive_card,https://unowas.unmissions.org/en/news?page=1,date_not_verified_requires_review,not_read_full_article,not_assigned,not_inferred_from_organizer_keyword,not_estimated,partial_archive_metadata_not_all_field_visits_or_training
https://unowas.unmissions.org/en/news/open-day-on-the-implementation-in-west-africa-and-the-sahel-of-the-united-nations,UNOWAS,"Open Day on the implementation, in West Africa and the Sahel, of the United Nations Security Council Resolutions 1325 (2000) and subsequent resolutions on women, peace and security",not_verified_in_archive_card,https://unowas.unmissions.org/en/news?page=7,date_not_verified_requires_review,not_read_full_article,not_assigned,not_inferred_from_organizer_keyword,not_estimated,partial_archive_metadata_not_all_field_visits_or_training
https://unowas.unmissions.org/en/news/regional-conference-on-climate-change-peace-and-security-in-west-africa-and-the-sahel,UNOWAS,"Regional Conference on Climate Change, Peace and Security in West Africa and the Sahel",not_verified_in_archive_card,https://unowas.unmissions.org/en/news?page=5,date_not_verified_requires_review,not_read_full_article,not_assigned,not_inferred_from_organizer_keyword,not_estimated,partial_archive_metadata_not_all_field_visits_or_training
https://unowas.unmissions.org/en/news/regional-dialogue-on-national-security-and-refugee-protection,UNOWAS,Regional dialogue on national security and refugee protection,not_verified_in_archive_card,https://unowas.unmissions.org/en/news?page=4,date_not_verified_requires_review,not_read_full_article,not_assigned,not_inferred_from_organizer_keyword,not_estimated,partial_archive_metadata_not_all_field_visits_or_training
https://unowas.unmissions.org/en/news/sahel-should-be-seen-as-region-of-opportunity-despite-multiple-crises,UNOWAS,Sahel should be seen as region of ‘opportunity’ despite ‘multiple crises’,not_verified_in_archive_card,https://unowas.unmissions.org/en/news?page=5,date_not_verified_requires_review,not_read_full_article,not_assigned,not_inferred_from_organizer_keyword,not_estimated,partial_archive_metadata_not_all_field_visits_or_training
https://unowas.unmissions.org/en/news/secretary-general-appoints-ms-giovanie-biha-of-burundi-as-deputy-special-representative,UNOWAS,SECRETARY-GENERAL APPOINTS MS. GIOVANIE BIHA OF BURUNDI AS DEPUTY SPECIAL REPRESENTATIVE FOR WEST AFRICA AND THE SAHEL,not_verified_in_archive_card,https://unowas.unmissions.org/en/news?page=13,date_not_verified_requires_review,not_read_full_article,not_assigned,not_inferred_from_organizer_keyword,not_estimated,partial_archive_metadata_not_all_field_visits_or_training
https://unowas.unmissions.org/en/news/semaine-regionale-de-haut-niveau-sur-les-femmes-les-jeunes-la-paix-la-securite-et-la,UNOWAS,"High-Level Regional Week on Women, Youth, Peace, Security, and Economic Resilience in West Africa and the Sahel",not_verified_in_archive_card,https://unowas.unmissions.org/en/news?page=0,date_not_verified_requires_review,not_read_full_article,not_assigned,not_inferred_from_organizer_keyword,not_estimated,partial_archive_metadata_not_all_field_visits_or_training
https://unowas.unmissions.org/en/news/seminar-on-the-contribution-of-religious-and-traditional-actors-to-peacebuilding,UNOWAS,"Seminar on the ""Contribution of religious and traditional actors to peacebuilding, conflict prevention and resolution in West Africa and the Sahel""",not_verified_in_archive_card,https://unowas.unmissions.org/en/news?page=6,date_not_verified_requires_review,not_read_full_article,not_assigned,not_inferred_from_organizer_keyword,not_estimated,partial_archive_metadata_not_all_field_visits_or_training
https://unowas.unmissions.org/en/news/special-representative-leonardo-santos-simao-calls-for-collective-mobilization-to,UNOWAS,Special Representative Leonardo Santos Simão calls for collective mobilization to strengthen information integrity in West Africa and the Sahel,not_verified_in_archive_card,https://unowas.unmissions.org/en/news?page=1,date_not_verified_requires_review,not_read_full_article,not_assigned,not_inferred_from_organizer_keyword,not_estimated,partial_archive_metadata_not_all_field_visits_or_training
https://unowas.unmissions.org/en/news/special-representative-leonardo-santos-simao-concludes-a-two-day-working-visit-to-ghana,UNOWAS,"Special Representative, Leonardo Santos Simão, concludes a two-day working visit to Ghana, reaffirmed United Nations’s support",not_verified_in_archive_card,https://unowas.unmissions.org/en/news?page=2,date_not_verified_requires_review,not_read_full_article,not_assigned,not_inferred_from_organizer_keyword,not_estimated,partial_archive_metadata_not_all_field_visits_or_training
https://unowas.unmissions.org/en/news/special-representative-leonardo-santos-simao-concludes-his-mission-in-cote-divoire,UNOWAS,"Special Representative Leonardo Santos Simão concludes his mission in Côte d’Ivoire, exhorts stakeholders to commit to peaceful elections",not_verified_in_archive_card,https://unowas.unmissions.org/en/news?page=1,date_not_verified_requires_review,not_read_full_article,not_assigned,not_inferred_from_organizer_keyword,not_estimated,partial_archive_metadata_not_all_field_visits_or_training
https://unowas.unmissions.org/en/news/special-representative-leonardo-santos-simao-concludes-his-visit-to-cote-divoire-calls,UNOWAS,"Special Representative Leonardo Santos Simão concludes his visit to Côte d'Ivoire, calls on all Ivorians to act together",not_verified_in_archive_card,https://unowas.unmissions.org/en/news?page=2,date_not_verified_requires_review,not_read_full_article,not_assigned,not_inferred_from_organizer_keyword,not_estimated,partial_archive_metadata_not_all_field_visits_or_training
https://unowas.unmissions.org/en/news/special-representative-leonardo-santos-simao-meets-president-macky-sall-salutes-the,UNOWAS,"Special Representative Leonardo Santos Simão, meets President Macky SALL, salutes the exemplary partnership between Senegal and the UN",not_verified_in_archive_card,https://unowas.unmissions.org/en/news?page=4,date_not_verified_requires_review,not_read_full_article,not_assigned,not_inferred_from_organizer_keyword,not_estimated,partial_archive_metadata_not_all_field_visits_or_training
https://unowas.unmissions.org/en/news/special-representative-of-the-secretary-general-for-west-africa-and-the-sahel-leonardo,UNOWAS,"Special Representative of the Secretary-General for West Africa and the Sahel, Leonardo Santos Simão, Expresses Deep Sadness over Deadly Explosion of Fuel Tanker In Jigawa State, Northern Nigeria",not_verified_in_archive_card,https://unowas.unmissions.org/en/news?page=3,date_not_verified_requires_review,not_read_full_article,not_assigned,not_inferred_from_organizer_keyword,not_estimated,partial_archive_metadata_not_all_field_visits_or_training
https://unowas.unmissions.org/en/news/special-representative-simao-concludes-four-day-visit-to-niger-reaffirms-united-nations,UNOWAS,"Special Representative Simão concludes four-day visit to Niger, reaffirms United Nations’ commitment to supporting stability, peace, and development",not_verified_in_archive_card,https://unowas.unmissions.org/en/news?page=2,date_not_verified_requires_review,not_read_full_article,not_assigned,not_inferred_from_organizer_keyword,not_estimated,partial_archive_metadata_not_all_field_visits_or_training
https://unowas.unmissions.org/en/news/special-representative-simao-concludes-his-visit-to-benin-he-highlights-the-importance,UNOWAS,"Special Representative Simão Concludes His Visit to Benin, He Highlights the Importance for Countries of the Sub-Region to Act Together to Curb Insecurity",not_verified_in_archive_card,https://unowas.unmissions.org/en/news?page=3,date_not_verified_requires_review,not_read_full_article,not_assigned,not_inferred_from_organizer_keyword,not_estimated,partial_archive_metadata_not_all_field_visits_or_training
https://unowas.unmissions.org/en/news/special-representative-simao-concludes-solidarity-visit-mali-calls-collective-and,UNOWAS,"Special Representative Simão concludes solidarity visit to Mali, calls for collective and coordinated response in the Sahel",not_verified_in_archive_card,https://unowas.unmissions.org/en/news?page=1,date_not_verified_requires_review,not_read_full_article,not_assigned,not_inferred_from_organizer_keyword,not_estimated,partial_archive_metadata_not_all_field_visits_or_training
https://unowas.unmissions.org/en/news/special-representative-simao-concludes-two-day-visit-to-mali,UNOWAS,Special Representative Simão concludes two-day visit to Mali,not_verified_in_archive_card,https://unowas.unmissions.org/en/news?page=2,date_not_verified_requires_review,not_read_full_article,not_assigned,not_inferred_from_organizer_keyword,not_estimated,partial_archive_metadata_not_all_field_visits_or_training
https://unowas.unmissions.org/en/news/special-representative-simao-concludes-visit-to-burkina-faso-expresses-solidarity-and,UNOWAS,"Special Representative Simão concludes visit to Burkina Faso, expresses solidarity and renews United Nations Support",not_verified_in_archive_card,https://unowas.unmissions.org/en/news?page=2,date_not_verified_requires_review,not_read_full_article,not_assigned,not_inferred_from_organizer_keyword,not_estimated,partial_archive_metadata_not_all_field_visits_or_training
https://unowas.unmissions.org/en/news/special-representative-simao-concludes-visit-to-guinea-reaffirms-united-nations,UNOWAS,"Special Representative Simão Concludes Visit to Guinea, Reaffirms United Nations Commitment to Supporting a Peaceful and Inclusive Transition",not_verified_in_archive_card,https://unowas.unmissions.org/en/news?page=2,date_not_verified_requires_review,not_read_full_article,not_assigned,not_inferred_from_organizer_keyword,not_estimated,partial_archive_metadata_not_all_field_visits_or_training
https://unowas.unmissions.org/en/news/special-representative-simao-congratulates-people-cote-divoire-peaceful-holding,UNOWAS,Special Representative Simão congratulates the people of Côte d'Ivoire on the peaceful holding of the presidential election,not_verified_in_archive_card,https://unowas.unmissions.org/en/news?page=1,date_not_verified_requires_review,not_read_full_article,not_assigned,not_inferred_from_organizer_keyword,not_estimated,partial_archive_metadata_not_all_field_visits_or_training
https://unowas.unmissions.org/en/news/special-representative-simao-congratulates-the-people-of-ghana-on-the-holding-of,UNOWAS,"Special Representative Simão congratulates the People of Ghana on the holding of peaceful, orderly, and successful Presidential and Parliamentary Elections",not_verified_in_archive_card,https://unowas.unmissions.org/en/news?page=3,date_not_verified_requires_review,not_read_full_article,not_assigned,not_inferred_from_organizer_keyword,not_estimated,partial_archive_metadata_not_all_field_visits_or_training
https://unowas.unmissions.org/en/news/special-representative-simao-praises-mauritanias-key-role-in-regional-stability,UNOWAS,Special Representative Simão praises Mauritania's key role in regional stability,not_verified_in_archive_card,https://unowas.unmissions.org/en/news?page=2,date_not_verified_requires_review,not_read_full_article,not_assigned,not_inferred_from_organizer_keyword,not_estimated,partial_archive_metadata_not_all_field_visits_or_training
https://unowas.unmissions.org/en/news/special-representative-simao-strongly-condemns-attempt-seize-power-force-benin,UNOWAS,Special Representative Simão strongly condemns the attempt to seize power by force in Benin,not_verified_in_archive_card,https://unowas.unmissions.org/en/news?page=1,date_not_verified_requires_review,not_read_full_article,not_assigned,not_inferred_from_organizer_keyword,not_estimated,partial_archive_metadata_not_all_field_visits_or_training
https://unowas.unmissions.org/en/news/special-representative-simao-welcomes-the-signing-of-the-presidential-elections-peace,UNOWAS,"Special Representative Simão welcomes the signing of the Presidential Elections Peace Pact, calls on all actors to uphold their commitments for peaceful elections In Ghana",not_verified_in_archive_card,https://unowas.unmissions.org/en/news?page=3,date_not_verified_requires_review,not_read_full_article,not_assigned,not_inferred_from_organizer_keyword,not_estimated,partial_archive_metadata_not_all_field_visits_or_training
https://unowas.unmissions.org/en/news/srsg-annadif-calls-on-all-stakeholders-in-sierra-leone-to-take-the-necessary-steps-to,UNOWAS,SRSG ANNADIF Calls On All Stakeholders In Sierra Leone To Take The Necessary Steps To Maintain An Inclusive Dialogue To Ensure Peaceful General Elections In 2023,not_verified_in_archive_card,https://unowas.unmissions.org/en/news?page=7,date_not_verified_requires_review,not_read_full_article,not_assigned,not_inferred_from_organizer_keyword,not_estimated,partial_archive_metadata_not_all_field_visits_or_training
https://unowas.unmissions.org/en/news/srsg-annadif-calls-on-bissau-guinean-actors-to-continue-their-mobilization-in-favor-of,UNOWAS,"SRSG ANNADIF Calls on Bissau-Guinean Actors to Continue their Mobilization in Favor of Dialogue, Peace Consolidation and Development",not_verified_in_archive_card,https://unowas.unmissions.org/en/news?page=8,date_not_verified_requires_review,not_read_full_article,not_assigned,not_inferred_from_organizer_keyword,not_estimated,partial_archive_metadata_not_all_field_visits_or_training
https://unowas.unmissions.org/en/news/srsg-annadif-reaffirms-the-un-commitment-to-work-closely-with-the-government-and-the,UNOWAS,SRSG ANNADIF reaffirms the UN commitment to work closely with the Government and the people of Nigeria to promote peace and stability in the country and in the sub-region,not_verified_in_archive_card,https://unowas.unmissions.org/en/news?page=9,date_not_verified_requires_review,not_read_full_article,not_assigned,not_inferred_from_organizer_keyword,not_estimated,partial_archive_metadata_not_all_field_visits_or_training
https://unowas.unmissions.org/en/news/srsg-annadif-visit-to-guinea-bissau,UNOWAS,SRSG ANNADIF visit to Guinea-Bissau,not_verified_in_archive_card,https://unowas.unmissions.org/en/news?page=9,date_not_verified_requires_review,not_read_full_article,not_assigned,not_inferred_from_organizer_keyword,not_estimated,partial_archive_metadata_not_all_field_visits_or_training
https://unowas.unmissions.org/en/news/srsg-ibn-chambas-concludes-his-visit-to-abidjan,UNOWAS,SRSG Ibn Chambas concludes his visit to Abidjan,not_verified_in_archive_card,https://unowas.unmissions.org/en/news?page=10,date_not_verified_requires_review,not_read_full_article,not_assigned,not_inferred_from_organizer_keyword,not_estimated,partial_archive_metadata_not_all_field_visits_or_training
https://unowas.unmissions.org/en/news/srsg-ibn-chambas-concludes-his-visit-to-burkina-faso-encourages-all-stakeholders-to,UNOWAS,"SRSG Ibn Chambas concludes his visit to Burkina Faso, encourages all stakeholders to remain mobilized for inclusive, transparent and peaceful elections (FR)",not_verified_in_archive_card,https://unowas.unmissions.org/en/news?page=12,date_not_verified_requires_review,not_read_full_article,not_assigned,not_inferred_from_organizer_keyword,not_estimated,partial_archive_metadata_not_all_field_visits_or_training
https://unowas.unmissions.org/en/news/srsg-leonardo-santos-simao-takes-up-post-at-unowas-dakar,UNOWAS,"SRSG Leonardo Santos Simão takes up post at UNOWAS, Dakar",not_verified_in_archive_card,https://unowas.unmissions.org/en/news?page=4,date_not_verified_requires_review,not_read_full_article,not_assigned,not_inferred_from_organizer_keyword,not_estimated,partial_archive_metadata_not_all_field_visits_or_training
https://unowas.unmissions.org/en/news/srsg-simao-at-the-ecowas-65th-ordinary-session,UNOWAS,SRSG Simão at the ECOWAS 65th Ordinary Session:,not_verified_in_archive_card,https://unowas.unmissions.org/en/news?page=3,date_not_verified_requires_review,not_read_full_article,not_assigned,not_inferred_from_organizer_keyword,not_estimated,partial_archive_metadata_not_all_field_visits_or_training
https://unowas.unmissions.org/en/news/srsg-simao-at-the-ecowas-65th-ordinary-session-the-united-nations-will-continue-to,UNOWAS,"SRSG Simão at the ECOWAS 65th Ordinary Session: “the United Nations will continue to support national and regional efforts to ensure peace and stability, enhance democracy and good governance including through inclusive political processes, and socio-econ",not_verified_in_archive_card,https://unowas.unmissions.org/en/news?page=3,date_not_verified_requires_review,not_read_full_article,not_assigned,not_inferred_from_organizer_keyword,not_estimated,partial_archive_metadata_not_all_field_visits_or_training
https://unowas.unmissions.org/en/news/srsg-simao-dialogues-with-young-people-on-the-8th-anniversary-of-un-security-council,UNOWAS,"SRSG Simao dialogues with young people on the 8th anniversary of UN Security Council Resolution 2250 (2015) on Youth, Peace and Security",not_verified_in_archive_card,https://unowas.unmissions.org/en/news?page=4,date_not_verified_requires_review,not_read_full_article,not_assigned,not_inferred_from_organizer_keyword,not_estimated,partial_archive_metadata_not_all_field_visits_or_training
https://unowas.unmissions.org/en/news/the-cameroon-nigeria-mixed-commission-cnmc-wins-the-2020-raymond-milefsky-prize,UNOWAS,The Cameroon - Nigeria Mixed Commission (CNMC) wins the 2020 Raymond Milefsky Prize,not_verified_in_archive_card,https://unowas.unmissions.org/en/news?page=12,date_not_verified_requires_review,not_read_full_article,not_assigned,not_inferred_from_organizer_keyword,not_estimated,partial_archive_metadata_not_all_field_visits_or_training
https://unowas.unmissions.org/en/news/the-deputy-special-representative-for-west-africa-and-the-sahel-giovanie-biha-concludes,UNOWAS,"The Deputy Special Representative for West Africa and the Sahel, Giovanie Biha, concludes an outreach mission to Guinea-Bissau in support of partnership and cooperation efforts towards peace and development",not_verified_in_archive_card,https://unowas.unmissions.org/en/news?page=7,date_not_verified_requires_review,not_read_full_article,not_assigned,not_inferred_from_organizer_keyword,not_estimated,partial_archive_metadata_not_all_field_visits_or_training
https://unowas.unmissions.org/en/news/the-ecowas-commission-has-made-considerable-efforts-to-ensure-that-women-are-at-the,UNOWAS,“The ECOWAS Commission has made considerable efforts to ensure that women are at the heart of socio-economic development in the region”,not_verified_in_archive_card,https://unowas.unmissions.org/en/news?page=11,date_not_verified_requires_review,not_read_full_article,not_assigned,not_inferred_from_organizer_keyword,not_estimated,partial_archive_metadata_not_all_field_visits_or_training
https://unowas.unmissions.org/en/news/the-second-annual-youth-forum-for-peace-and-security-in-west-africa-and-the-sahel-calls,UNOWAS,The second Annual Youth Forum for Peace and Security in West Africa and the Sahel calls for strengthening the role of youth in building peaceful and resilient societies,not_verified_in_archive_card,https://unowas.unmissions.org/en/news?page=6,date_not_verified_requires_review,not_read_full_article,not_assigned,not_inferred_from_organizer_keyword,not_estimated,partial_archive_metadata_not_all_field_visits_or_training
https://unowas.unmissions.org/en/news/the-secretary-generals-message-on-international-day-of-persons-with-disabilities,UNOWAS,THE SECRETARY-GENERAL'S MESSAGE ON  INTERNATIONAL DAY OF PERSONS  WITH  DISABILITIES,not_verified_in_archive_card,https://unowas.unmissions.org/en/news?page=6,date_not_verified_requires_review,not_read_full_article,not_assigned,not_inferred_from_organizer_keyword,not_estimated,partial_archive_metadata_not_all_field_visits_or_training
https://unowas.unmissions.org/en/news/the-special-representative-annadif-welcomes-the-resolve-of-the-government-of-liberia-to,UNOWAS,The Special Representative ANNADIF Welcomes the Resolve of the Government of Liberia to Strengthen National Reconciliation,not_verified_in_archive_card,https://unowas.unmissions.org/en/news?page=8,date_not_verified_requires_review,not_read_full_article,not_assigned,not_inferred_from_organizer_keyword,not_estimated,partial_archive_metadata_not_all_field_visits_or_training
https://unowas.unmissions.org/en/news/the-special-representative-briefed-the-un-peacebuilding-commission-in-a-virtual-meeting,UNOWAS,The Special Representative briefed the UN Peacebuilding Commission in a virtual Meeting on the impact of COVID-19 in West Africa and the Sahel,not_verified_in_archive_card,https://unowas.unmissions.org/en/news?page=13,date_not_verified_requires_review,not_read_full_article,not_assigned,not_inferred_from_organizer_keyword,not_estimated,partial_archive_metadata_not_all_field_visits_or_training
https://unowas.unmissions.org/en/news/the-special-representative-concludes-his-mission-in-burkina-faso-encourages-election,UNOWAS,"The Special Representative concludes his mission in Burkina Faso, encourages election stakeholders to await the official announcement of the results by the CENI and to resolve any disputes through established mechanisms (FR)",not_verified_in_archive_card,https://unowas.unmissions.org/en/news?page=11,date_not_verified_requires_review,not_read_full_article,not_assigned,not_inferred_from_organizer_keyword,not_estimated,partial_archive_metadata_not_all_field_visits_or_training
https://unowas.unmissions.org/en/news/the-special-representative-concludes-his-visit-to-burkina-faso-expresses-his-solidarity,UNOWAS,"The Special Representative concludes his visit to Burkina Faso, expresses his solidarity, and renews the support of the United Nations for Burkina Faso",not_verified_in_archive_card,https://unowas.unmissions.org/en/news?page=9,date_not_verified_requires_review,not_read_full_article,not_assigned,not_inferred_from_organizer_keyword,not_estimated,partial_archive_metadata_not_all_field_visits_or_training
https://unowas.unmissions.org/en/news/the-special-representative-discusses-with-united-nations-resident-coordinators-on-the,UNOWAS,The Special Representative discusses with United Nations Resident Coordinators on the impact of COVID-19 in the sub-region,not_verified_in_archive_card,https://unowas.unmissions.org/en/news?page=13,date_not_verified_requires_review,not_read_full_article,not_assigned,not_inferred_from_organizer_keyword,not_estimated,partial_archive_metadata_not_all_field_visits_or_training
https://unowas.unmissions.org/en/news/the-special-representative-for-west-africa-and-the-sahel-and-the-assistant-secretary,UNOWAS,"The Special Representative for West Africa and the Sahel and the Assistant Secretary-General for Africa visit the Gambia to support a peaceful, transparent and inclusive election.",not_verified_in_archive_card,https://unowas.unmissions.org/en/news?page=6,date_not_verified_requires_review,not_read_full_article,not_assigned,not_inferred_from_organizer_keyword,not_estimated,partial_archive_metadata_not_all_field_visits_or_training
https://unowas.unmissions.org/en/news/the-special-representative-for-west-africa-and-the-sahel-concluded-his-pre-electoral,UNOWAS,"The Special Representative for West Africa and the Sahel concluded his pre-electoral mission to Ghana, called for a peaceful, transparent, credible and inclusive process",not_verified_in_archive_card,https://unowas.unmissions.org/en/news?page=11,date_not_verified_requires_review,not_read_full_article,not_assigned,not_inferred_from_organizer_keyword,not_estimated,partial_archive_metadata_not_all_field_visits_or_training
https://unowas.unmissions.org/en/news/the-special-representative-for-west-africa-and-the-sahel-concludes-his-visit-to-benin,UNOWAS,The Special Representative for West Africa and the Sahel concludes his visit to Benin,not_verified_in_archive_card,https://unowas.unmissions.org/en/news?page=10,date_not_verified_requires_review,not_read_full_article,not_assigned,not_inferred_from_organizer_keyword,not_estimated,partial_archive_metadata_not_all_field_visits_or_training
https://unowas.unmissions.org/en/news/the-special-representative-for-west-africa-and-the-sahel-congratulates-national-actors,UNOWAS,"The Special Representative for West Africa and the Sahel congratulates national actors for signing the Good Conduct path for peaceful, inclusive, and transparent elections in Burkina Faso (FR)",not_verified_in_archive_card,https://unowas.unmissions.org/en/news?page=11,date_not_verified_requires_review,not_read_full_article,not_assigned,not_inferred_from_organizer_keyword,not_estimated,partial_archive_metadata_not_all_field_visits_or_training
https://unowas.unmissions.org/en/news/the-special-representative-for-west-africa-and-the-sahel-encourages-national,UNOWAS,"The Special Representative for West Africa and the Sahel Encourages National Stakeholders of The Gambia To Redouble Their Efforts Towards The Holding of Peaceful, Credible, and Inclusive Elections In December",not_verified_in_archive_card,https://unowas.unmissions.org/en/news?page=7,date_not_verified_requires_review,not_read_full_article,not_assigned,not_inferred_from_organizer_keyword,not_estimated,partial_archive_metadata_not_all_field_visits_or_training
https://unowas.unmissions.org/en/news/the-special-representative-for-west-africa-and-the-sahel-mohamed-ibn-chambas-begins-an,UNOWAS,"The Special Representative for West Africa and the Sahel, Mohamed Ibn Chambas, begins an official visit to Cote d’Ivoire",not_verified_in_archive_card,https://unowas.unmissions.org/en/news?page=12,date_not_verified_requires_review,not_read_full_article,not_assigned,not_inferred_from_organizer_keyword,not_estimated,partial_archive_metadata_not_all_field_visits_or_training
https://unowas.unmissions.org/en/news/the-special-representative-of-the-secretary-general-concludes-a-working-visit-to-niger,UNOWAS,The Special Representative of The Secretary-General Concludes a Working Visit to Niger to Strengthen Peace and Security,not_verified_in_archive_card,https://unowas.unmissions.org/en/news?page=0,date_not_verified_requires_review,not_read_full_article,not_assigned,not_inferred_from_organizer_keyword,not_estimated,partial_archive_metadata_not_all_field_visits_or_training
https://unowas.unmissions.org/en/news/the-un-is-celebrating-its-75th-anniversary-and-you-have-your-say,UNOWAS,The UN is celebrating its 75th Anniversary and you have your say,not_verified_in_archive_card,https://unowas.unmissions.org/en/news?page=13,date_not_verified_requires_review,not_read_full_article,not_assigned,not_inferred_from_organizer_keyword,not_estimated,partial_archive_metadata_not_all_field_visits_or_training
https://unowas.unmissions.org/en/news/the-un-secretary-general-antonio-guterres-visits-senegal-niger-and-nigeria,UNOWAS,"The UN Secretary-General, Antonio Guterres, visits Senegal, Niger, and Nigeria",not_verified_in_archive_card,https://unowas.unmissions.org/en/news?page=5,date_not_verified_requires_review,not_read_full_article,not_assigned,not_inferred_from_organizer_keyword,not_estimated,partial_archive_metadata_not_all_field_visits_or_training
https://unowas.unmissions.org/en/news/together-we-will-defeat-covid-19,UNOWAS,"TOGETHER, WE WILL DEFEAT COVID-19",not_verified_in_archive_card,https://unowas.unmissions.org/en/news?page=13,date_not_verified_requires_review,not_read_full_article,not_assigned,not_inferred_from_organizer_keyword,not_estimated,partial_archive_metadata_not_all_field_visits_or_training
https://unowas.unmissions.org/en/news/town-hall-dialogue-with-women-and-youth-in-the-context-of-the-upcoming-2023-general,UNOWAS,Town hall dialogue with Women and Youth in the context of the upcoming 2023 General Election in Nigeria,not_verified_in_archive_card,https://unowas.unmissions.org/en/news?page=5,date_not_verified_requires_review,not_read_full_article,not_assigned,not_inferred_from_organizer_keyword,not_estimated,partial_archive_metadata_not_all_field_visits_or_training
https://unowas.unmissions.org/en/news/un-west-africa-and-sahel-learning-forum-youth-peace-and-security,UNOWAS,"UN West Africa and Sahel Learning Forum on Youth, Peace, and Security",not_verified_in_archive_card,https://unowas.unmissions.org/en/news?page=1,date_not_verified_requires_review,not_read_full_article,not_assigned,not_inferred_from_organizer_keyword,not_estimated,partial_archive_metadata_not_all_field_visits_or_training
https://unowas.unmissions.org/en/news/united-nations-in-partnership-with-transitional-authorities-launches-the-initiative,UNOWAS,"United Nations In Partnership With Transitional Authorities Launches The Initiative ""Promote Inclusiveness and Social Cohesion in Guinea”",not_verified_in_archive_card,https://unowas.unmissions.org/en/news?page=7,date_not_verified_requires_review,not_read_full_article,not_assigned,not_inferred_from_organizer_keyword,not_estimated,partial_archive_metadata_not_all_field_visits_or_training
https://unowas.unmissions.org/en/news/unoca-and-unowas-renew-their-joint-commitment-to-support-stabilization-and,UNOWAS,UNOCA and UNOWAS renew their joint commitment to support stabilization and peacebuilding efforts in the Lake Chad Basin,not_verified_in_archive_card,https://unowas.unmissions.org/en/news?page=3,date_not_verified_requires_review,not_read_full_article,not_assigned,not_inferred_from_organizer_keyword,not_estimated,partial_archive_metadata_not_all_field_visits_or_training
https://unowas.unmissions.org/en/news/unowas-and-ecowas-carry-out-a-joint-mission-to-burkina-faso-after-the-coup-detat,UNOWAS,UNOWAS and ECOWAS carry out a joint mission to Burkina Faso after the coup d'état,not_verified_in_archive_card,https://unowas.unmissions.org/en/news?page=6,date_not_verified_requires_review,not_read_full_article,not_assigned,not_inferred_from_organizer_keyword,not_estimated,partial_archive_metadata_not_all_field_visits_or_training
https://unowas.unmissions.org/en/news/unowas-and-ecowas-concluded-their-annual-desk-to-desk-meeting,UNOWAS,UNOWAS and ECOWAS concluded their annual Desk - to - Desk meeting,not_verified_in_archive_card,https://unowas.unmissions.org/en/news?page=6,date_not_verified_requires_review,not_read_full_article,not_assigned,not_inferred_from_organizer_keyword,not_estimated,partial_archive_metadata_not_all_field_visits_or_training
https://unowas.unmissions.org/en/news/unowas-and-ecowas-in-seminar-to-finalize-a-joint-manual-on-good-practices-for-resolving,UNOWAS,UNOWAS and ECOWAS in seminar to finalize a joint manual on good practices for resolving farmer-herder conflicts in West Africa,not_verified_in_archive_card,https://unowas.unmissions.org/en/news?page=6,date_not_verified_requires_review,not_read_full_article,not_assigned,not_inferred_from_organizer_keyword,not_estimated,partial_archive_metadata_not_all_field_visits_or_training
https://unowas.unmissions.org/en/news/unowas-and-ecowas-strengthen-coordination-regional-security-and-integration-efforts,UNOWAS,"UNOWAS and ECOWAS Strengthen Coordination on Regional Security, and Integration Efforts in West Africa",not_verified_in_archive_card,https://unowas.unmissions.org/en/news?page=1,date_not_verified_requires_review,not_read_full_article,not_assigned,not_inferred_from_organizer_keyword,not_estimated,partial_archive_metadata_not_all_field_visits_or_training
https://unowas.unmissions.org/en/news/unowas-and-its-partners-call-for-concrete-action-to-tackle-the-challenges-of-climate,UNOWAS,UNOWAS and its partners call for concrete action to tackle the challenges of climate change,not_verified_in_archive_card,https://unowas.unmissions.org/en/news?page=5,date_not_verified_requires_review,not_read_full_article,not_assigned,not_inferred_from_organizer_keyword,not_estimated,partial_archive_metadata_not_all_field_visits_or_training
https://unowas.unmissions.org/en/news/unowas-and-unesco-celebrate-30-years-of-world-press-freedom-day,UNOWAS,UNOWAS and UNESCO celebrate 30 years of World Press Freedom Day,not_verified_in_archive_card,https://unowas.unmissions.org/en/news?page=4,date_not_verified_requires_review,not_read_full_article,not_assigned,not_inferred_from_organizer_keyword,not_estimated,partial_archive_metadata_not_all_field_visits_or_training
https://unowas.unmissions.org/en/news/unowas-and-unesco-regional-office-for-west-africa-engage-resident-coordinators-on,UNOWAS,UNOWAS and UNESCO Regional Office for West Africa Engage Resident Coordinators On Advancing Information Integrity In West Africa And The Sahel,not_verified_in_archive_card,https://unowas.unmissions.org/en/news?page=0,date_not_verified_requires_review,not_read_full_article,not_assigned,not_inferred_from_organizer_keyword,not_estimated,partial_archive_metadata_not_all_field_visits_or_training
https://unowas.unmissions.org/en/news/unowas-congratulates-the-stakeholders-on-the-signing-of-the-code-of-good-conduct-for,UNOWAS,UNOWAS congratulates the stakeholders on the signing of the code of good conduct for the media and the joint declaration for peaceful and inclusive elections in Niger (FR),not_verified_in_archive_card,https://unowas.unmissions.org/en/news?page=11,date_not_verified_requires_review,not_read_full_article,not_assigned,not_inferred_from_organizer_keyword,not_estimated,partial_archive_metadata_not_all_field_visits_or_training
https://unowas.unmissions.org/en/news/unowas-organized-a-regional-seminar-on-the-contribution-of-religious-and-traditional,UNOWAS,"UNOWAS Organized a Regional Seminar on the Contribution of Religious and Traditional Leaders to Peacebuilding, Conflict Prevention and Resolution in West Africa and the Sahel",not_verified_in_archive_card,https://unowas.unmissions.org/en/news?page=6,date_not_verified_requires_review,not_read_full_article,not_assigned,not_inferred_from_organizer_keyword,not_estimated,partial_archive_metadata_not_all_field_visits_or_training
https://unowas.unmissions.org/en/news/unowas-promotes-the-participation-of-women-in-peace-processes,UNOWAS,UNOWAS promotes the participation of women in peace processes,not_verified_in_archive_card,https://unowas.unmissions.org/en/news?page=11,date_not_verified_requires_review,not_read_full_article,not_assigned,not_inferred_from_organizer_keyword,not_estimated,partial_archive_metadata_not_all_field_visits_or_training
https://unowas.unmissions.org/en/news/unowas-supports-the-west-african-bar-association-to-revise-its-constitution-and,UNOWAS,"UNOWAS supports the West African Bar Association to revise its constitution and strengthen its efforts to promote democratic governance, the Rule of Law and Human Rights in the sub-region",not_verified_in_archive_card,https://unowas.unmissions.org/en/news?page=4,date_not_verified_requires_review,not_read_full_article,not_assigned,not_inferred_from_organizer_keyword,not_estimated,partial_archive_metadata_not_all_field_visits_or_training
https://unowas.unmissions.org/en/news/unowas-will-continue-to-engage-national-authorities-to-ensure-a-holistic-approach-and,UNOWAS,"“UNOWAS will continue to engage national authorities to ensure a holistic approach and work towards broadening social support, inclusivity and national cohesion”  SRSG Ibn Chambas",not_verified_in_archive_card,https://unowas.unmissions.org/en/news?page=12,date_not_verified_requires_review,not_read_full_article,not_assigned,not_inferred_from_organizer_keyword,not_estimated,partial_archive_metadata_not_all_field_visits_or_training
https://unowas.unmissions.org/en/news/unowascnmc-celebrate-20-years,UNOWAS,UNOWAS/CNMC celebrate 20 years,not_verified_in_archive_card,https://unowas.unmissions.org/en/news?page=5,date_not_verified_requires_review,not_read_full_article,not_assigned,not_inferred_from_organizer_keyword,not_estimated,partial_archive_metadata_not_all_field_visits_or_training
https://unowas.unmissions.org/en/news/unsc-dsrsg-freeman-warns-persistent-fragility-west-africa-and-sahel-and-calls-increased,UNOWAS,"At the UNSC, DSRSG Freeman warns of the persistent fragility of West Africa and the Sahel and calls for increased regional and international support",not_verified_in_archive_card,https://unowas.unmissions.org/en/news?page=1,date_not_verified_requires_review,not_read_full_article,not_assigned,not_inferred_from_organizer_keyword,not_estimated,partial_archive_metadata_not_all_field_visits_or_training
https://unowas.unmissions.org/en/news/visiting-guinea-srsg-annadif-emphasizes-the-importance-of-safeguarding-guineas,UNOWAS,"Visiting Guinea, SRSG ANNADIF Emphasizes the Importance of Safeguarding Guinea's Stability, Ensuring Citizen Security and Respect for the Rule of Law and Human Rights.",not_verified_in_archive_card,https://unowas.unmissions.org/en/news?page=8,date_not_verified_requires_review,not_read_full_article,not_assigned,not_inferred_from_organizer_keyword,not_estimated,partial_archive_metadata_not_all_field_visits_or_training
https://unowas.unmissions.org/en/news/west-and-central-africa-unowas-and-unoca-pool-their-efforts-to-strengthen-peaceful,UNOWAS,West and Central Africa: UNOWAS and UNOCA pool their efforts to strengthen peaceful coexistence between farmers and herders and ensure the sustainable management of transhumance,not_verified_in_archive_card,https://unowas.unmissions.org/en/news?page=2,date_not_verified_requires_review,not_read_full_article,not_assigned,not_inferred_from_organizer_keyword,not_estimated,partial_archive_metadata_not_all_field_visits_or_training
https://unowas.unmissions.org/en/news/women-a-centerpiece-in-the-fight-against-covid-19-and-its-effects,UNOWAS,"Women, a centerpiece in the fight against COVID-19 and its effects",not_verified_in_archive_card,https://unowas.unmissions.org/en/news?page=12,date_not_verified_requires_review,not_read_full_article,not_assigned,not_inferred_from_organizer_keyword,not_estimated,partial_archive_metadata_not_all_field_visits_or_training
https://unowas.unmissions.org/en/news/women-and-young-people-are-essential-to-any-development-policy,UNOWAS,“Women and young people are essential to any development policy”,not_verified_in_archive_card,https://unowas.unmissions.org/en/news?page=11,date_not_verified_requires_review,not_read_full_article,not_assigned,not_inferred_from_organizer_keyword,not_estimated,partial_archive_metadata_not_all_field_visits_or_training
https://unowas.unmissions.org/en/news/women-in-west-africa-and-the-sahel-assess-the-implementation-level-of-un-resolution,UNOWAS,Women in West Africa and the Sahel assess the implementation level of UN Resolution 1325 (2000),not_verified_in_archive_card,https://unowas.unmissions.org/en/news?page=10,date_not_verified_requires_review,not_read_full_article,not_assigned,not_inferred_from_organizer_keyword,not_estimated,partial_archive_metadata_not_all_field_visits_or_training
https://unowas.unmissions.org/en/news/young-people-in-west-africa-and-the-sahel-advocate-for-decent-work-and-equitable-access,UNOWAS,Young people in West Africa and the Sahel advocate for decent work and equitable access to education in emergencies,not_verified_in_archive_card,https://unowas.unmissions.org/en/news?page=2,date_not_verified_requires_review,not_read_full_article,not_assigned,not_inferred_from_organizer_keyword,not_estimated,partial_archive_metadata_not_all_field_visits_or_training
