"item_id","stream","year","date","mandate_family","official_symbol","base_meeting_id","canonical_event_id","source_page","source_record_uri","identification_level","output_ownership","cross_entity_shared_work","date_or_completeness_warning","duplicate_payment","net_savings"
"R_S_2025_6","Council_SG_report","2025","2025-01-03","UNFICYP_CYPRUS","S/2025/6","not_applicable","not_applicable","https://main.un.org/securitycouncil/en/content/reports-submitted-transmitted-secretary-general-security-council-2025","https://undocs.org/en/s/2025/6","annual_index_report_title_and_symbol","distinct_SG_report_document","not_tested","2026_index_asof_snapshot_for_2026","not_estimated","not_estimated"
"R_S_2025_28","Council_SG_report","2025","2025-01-13","BINUH","S/2025/28","not_applicable","not_applicable","https://main.un.org/securitycouncil/en/content/reports-submitted-transmitted-secretary-general-security-council-2025","https://documents.un.org/api/symbol/access?j=N2500407&t=pdf","annual_index_report_title_and_symbol","distinct_SG_report_document","not_tested","2026_index_asof_snapshot_for_2026","not_estimated","not_estimated"
"R_S_2025_7","Council_SG_report","2025","2025-01-14","UNFICYP_CYPRUS","S/2025/7","not_applicable","not_applicable","https://main.un.org/securitycouncil/en/content/reports-submitted-transmitted-secretary-general-security-council-2025","https://documents.un.org/api/symbol/access?j=N2500838&t=pdf&i=S/2025/7/REV.1_1736963702379","annual_index_report_title_and_symbol","distinct_SG_report_document","not_tested","2026_index_asof_snapshot_for_2026","not_estimated","not_estimated"
"R_S_2025_54","Council_SG_report","2025","2025-01-24","UNMISS","S/2025/54","not_applicable","not_applicable","https://main.un.org/securitycouncil/en/content/reports-submitted-transmitted-secretary-general-security-council-2025","https://documents.un.org/api/symbol/access?j=N2500756&t=pdf&i=S/2025/54_1738703461808","annual_index_report_title_and_symbol","distinct_SG_report_document","not_tested","2026_index_asof_snapshot_for_2026","not_estimated","not_estimated"
"R_S_2025_72","Council_SG_report","2025","2025-01-31","COUNTERTERRORISM","S/2025/72","not_applicable","not_applicable","https://main.un.org/securitycouncil/en/content/reports-submitted-transmitted-secretary-general-security-council-2025","https://documents.un.org/api/symbol/access?j=N2501359&t=pdf&i=S/2025/72_1739464982063","annual_index_report_title_and_symbol","distinct_SG_report_document","not_tested","2026_index_asof_snapshot_for_2026","not_estimated","not_estimated"
"R_S_2025_97","Council_SG_report","2025","2025-02-14","MINUSCA","S/2025/97","not_applicable","not_applicable","https://main.un.org/securitycouncil/en/content/reports-submitted-transmitted-secretary-general-security-council-2025","https://undocs.org/en/s/2025/97","annual_index_report_title_and_symbol","distinct_SG_report_document","not_tested","2026_index_asof_snapshot_for_2026","not_estimated","not_estimated"
"R_S_2025_109","Council_SG_report","2025","2025-02-21","UNAMA","S/2025/109","not_applicable","not_applicable","https://main.un.org/securitycouncil/en/content/reports-submitted-transmitted-secretary-general-security-council-2025","https://documents.un.org/api/symbol/access?j=N2503559&t=pdf&i=A/79/797_1741206602193","annual_index_report_title_and_symbol","distinct_SG_report_document","not_tested","2026_index_asof_snapshot_for_2026","not_estimated","not_estimated"
"R_S_2025_153","Council_SG_report","2025","2025-03-12","UNSCOL_UNIFIL","S/2025/153","not_applicable","not_applicable","https://main.un.org/securitycouncil/en/content/reports-submitted-transmitted-secretary-general-security-council-2025","https://documents.un.org/api/symbol/access?j=N2505668&t=pdf&i=S/2025/153_1742929322129","annual_index_report_title_and_symbol","distinct_SG_report_document","not_tested","2026_index_asof_snapshot_for_2026","not_estimated","not_estimated"
"R_S_2025_154","Council_SG_report","2025","2025-03-12","UNDOF","S/2025/154","not_applicable","not_applicable","https://main.un.org/securitycouncil/en/content/reports-submitted-transmitted-secretary-general-security-council-2025","https://documents.un.org/api/symbol/access?j=N2506586&t=pdf&i=S/2025/154_1743193681992","annual_index_report_title_and_symbol","distinct_SG_report_document","not_tested","2026_index_asof_snapshot_for_2026","not_estimated","not_estimated"
"R_S_2025_81","Council_SG_report","2025","2025-03-12","OTHER_COUNCIL_AGENDA","S/2025/81","not_applicable","not_applicable","https://main.un.org/securitycouncil/en/content/reports-submitted-transmitted-secretary-general-security-council-2025","https://documents.un.org/api/symbol/access?j=N2506635&t=pdf&i=S/2025/81_1744228321352","annual_index_report_title_and_symbol","distinct_SG_report_document","not_tested","2026_index_asof_snapshot_for_2026","not_estimated","not_estimated"
"R_S_2025_101","Council_SG_report","2025","2025-03-19","OTHER_COUNCIL_AGENDA","S/2025/101","not_applicable","not_applicable","https://main.un.org/securitycouncil/en/content/reports-submitted-transmitted-secretary-general-security-council-2025","https://documents.un.org/api/symbol/access?j=N2507209&t=pdf&i=S/2025/101_1744652223658","annual_index_report_title_and_symbol","distinct_SG_report_document","not_tested","2026_index_asof_snapshot_for_2026","not_estimated","not_estimated"
"R_S_2025_176","Council_SG_report","2025","2025-03-20","MONUSCO","S/2025/176","not_applicable","not_applicable","https://main.un.org/securitycouncil/en/content/reports-submitted-transmitted-secretary-general-security-council-2025","https://documents.un.org/api/symbol/access?j=N2506487&t=pdf&i=S/2025/176_1743020882197","annual_index_report_title_and_symbol","distinct_SG_report_document","not_tested","2026_index_asof_snapshot_for_2026","not_estimated","not_estimated"
"R_S_2025_113","Council_SG_report","2025","2025-03-21","YEMEN","S/2025/113","not_applicable","not_applicable","https://main.un.org/securitycouncil/en/content/reports-submitted-transmitted-secretary-general-security-council-2025","https://documents.un.org/api/symbol/access?j=N2507453&t=pdf&i=S/2025/113_1746217621977","annual_index_report_title_and_symbol","distinct_SG_report_document","not_tested","2026_index_asof_snapshot_for_2026","not_estimated","not_estimated"
"R_S_2025_187","Council_SG_report","2025","2025-03-26","UNOWAS","S/2025/187","not_applicable","not_applicable","https://main.un.org/securitycouncil/en/content/reports-submitted-transmitted-secretary-general-security-council-2025","https://documents.un.org/api/symbol/access?j=N2506305&t=pdf&i=S/2025/187_1743627601713","annual_index_report_title_and_symbol","distinct_SG_report_document","not_tested","2026_index_asof_snapshot_for_2026","not_estimated","not_estimated"
"R_S_2025_188","Council_SG_report","2025","2025-03-27","COLOMBIA","S/2025/188","not_applicable","not_applicable","https://main.un.org/securitycouncil/en/content/reports-submitted-transmitted-secretary-general-security-council-2025","https://documents.un.org/api/symbol/access?j=N2506609&t=pdf&i=S/2025/188_1744057562340","annual_index_report_title_and_symbol","distinct_SG_report_document","not_tested","2026_index_asof_snapshot_for_2026","not_estimated","not_estimated"
"R_S_2025_194","Council_SG_report","2025","2025-03-28","UNSOS_SOMALIA","S/2025/194","not_applicable","not_applicable","https://main.un.org/securitycouncil/en/content/reports-submitted-transmitted-secretary-general-security-council-2025","https://documents.un.org/api/symbol/access?j=N2506871&t=pdf&i=S/2025/194_1744143721890","annual_index_report_title_and_symbol","distinct_SG_report_document","not_tested","2026_index_asof_snapshot_for_2026","not_estimated","not_estimated"
"R_S_2025_200","Council_SG_report","2025","2025-04-01","UNMIK","S/2025/200","not_applicable","not_applicable","https://main.un.org/securitycouncil/en/content/reports-submitted-transmitted-secretary-general-security-council-2025","https://documents.un.org/api/symbol/access?j=N2507858&t=pdf&i=S/2025/200_1745269502357","annual_index_report_title_and_symbol","distinct_SG_report_document","not_tested","2026_index_asof_snapshot_for_2026","not_estimated","not_estimated"
"R_S_2025_202","Council_SG_report","2025","2025-04-01","MONUSCO","S/2025/202","not_applicable","not_applicable","https://main.un.org/securitycouncil/en/content/reports-submitted-transmitted-secretary-general-security-council-2025","https://documents.un.org/api/symbol/access?j=N2507092&t=pdf&i=S/2025/202_1744669801669","annual_index_report_title_and_symbol","distinct_SG_report_document","not_tested","2026_index_asof_snapshot_for_2026","not_estimated","not_estimated"
"R_S_2025_211","Council_SG_report","2025","2025-04-07","UNMISS","S/2025/211","not_applicable","not_applicable","https://main.un.org/securitycouncil/en/content/reports-submitted-transmitted-secretary-general-security-council-2025","https://documents.un.org/api/symbol/access?j=N2507777&t=pdf&i=S/2025/211_1744752121913","annual_index_report_title_and_symbol","distinct_SG_report_document","not_tested","2026_index_asof_snapshot_for_2026","not_estimated","not_estimated"
"R_S_2025_223","Council_SG_report","2025","2025-04-11","UNSMIL","S/2025/223","not_applicable","not_applicable","https://main.un.org/securitycouncil/en/content/reports-submitted-transmitted-secretary-general-security-council-2025","https://documents.un.org/api/symbol/access?j=N2507883&t=pdf&i=S/2025/223_1744846081577","annual_index_report_title_and_symbol","distinct_SG_report_document","not_tested","2026_index_asof_snapshot_for_2026","not_estimated","not_estimated"
"R_S_2025_226","Council_SG_report","2025","2025-04-14","BINUH","S/2025/226","not_applicable","not_applicable","https://main.un.org/securitycouncil/en/content/reports-submitted-transmitted-secretary-general-security-council-2025","https://documents.un.org/api/symbol/access?j=N2508664&t=pdf&i=S/2025/226_1745532542142","annual_index_report_title_and_symbol","distinct_SG_report_document","not_tested","2026_index_asof_snapshot_for_2026","not_estimated","not_estimated"
"R_S_2025_231","Council_SG_report","2025","2025-04-15","OTHER_COUNCIL_AGENDA","S/2025/231","not_applicable","not_applicable","https://main.un.org/securitycouncil/en/content/reports-submitted-transmitted-secretary-general-security-council-2025","https://documents.un.org/api/symbol/access?j=N2509173&t=pdf&i=S/2025/231_1746136021689","annual_index_report_title_and_symbol","distinct_SG_report_document","not_tested","2026_index_asof_snapshot_for_2026","not_estimated","not_estimated"
"R_S_2025_248","Council_SG_report","2025","2025-04-22","OTHER_COUNCIL_AGENDA","S/2025/248","not_applicable","not_applicable","https://main.un.org/securitycouncil/en/content/reports-submitted-transmitted-secretary-general-security-council-2025","https://documents.un.org/api/symbol/access?j=N2510471&t=pdf&i=A/79/875_1747691402414","annual_index_report_title_and_symbol","distinct_SG_report_document","not_tested","2026_index_asof_snapshot_for_2026","not_estimated","not_estimated"
"R_S_2025_254","Council_SG_report","2025","2025-04-25","OTHER_COUNCIL_AGENDA","S/2025/254","not_applicable","not_applicable","https://main.un.org/securitycouncil/en/content/reports-submitted-transmitted-secretary-general-security-council-2025","https://documents.un.org/api/symbol/access?j=N2510685&t=pdf&i=S/2025/254_1747330381747","annual_index_report_title_and_symbol","distinct_SG_report_document","not_tested","2026_index_asof_snapshot_for_2026","not_estimated","not_estimated"
"R_S_2025_257","Council_SG_report","2025","2025-04-25","OTHER_COUNCIL_AGENDA","S/2025/257","not_applicable","not_applicable","https://main.un.org/securitycouncil/en/content/reports-submitted-transmitted-secretary-general-security-council-2025","https://documents.un.org/api/symbol/access?j=N2508643&t=pdf&i=S/2025/257_1746048302344","annual_index_report_title_and_symbol","distinct_SG_report_document","not_tested","2026_index_asof_snapshot_for_2026","not_estimated","not_estimated"
"R_S_2025_269","Council_SG_report","2025","2025-05-01","UNISFA","S/2025/269","not_applicable","not_applicable","https://main.un.org/securitycouncil/en/content/reports-submitted-transmitted-secretary-general-security-council-2025","https://documents.un.org/api/symbol/access?j=N2510130&t=pdf&i=S/2025/269_1747081381369","annual_index_report_title_and_symbol","distinct_SG_report_document","not_tested","2026_index_asof_snapshot_for_2026","not_estimated","not_estimated"
"R_S_2025_295","Council_SG_report","2025","2025-05-08","OTHER_COUNCIL_AGENDA","S/2025/295","not_applicable","not_applicable","https://main.un.org/securitycouncil/en/content/reports-submitted-transmitted-secretary-general-security-council-2025","https://documents.un.org/api/symbol/access?j=N2511845&t=pdf&i=S/2025/295_1747257844862","annual_index_report_title_and_symbol","distinct_SG_report_document","not_tested","2026_index_asof_snapshot_for_2026","not_estimated","not_estimated"
"R_S_2025_271","Council_SG_report","2025","2025-05-15","OTHER_COUNCIL_AGENDA","S/2025/271","not_applicable","not_applicable","https://main.un.org/securitycouncil/en/content/reports-submitted-transmitted-secretary-general-security-council-2025","https://documents.un.org/api/symbol/access?j=N2509559&t=pdf&i=S/2025/271_1747774862127","annual_index_report_title_and_symbol","distinct_SG_report_document","not_tested","2026_index_asof_snapshot_for_2026","not_estimated","not_estimated"
"R_S_2025_320","Council_SG_report","2025","2025-05-23","OTHER_COUNCIL_AGENDA","S/2025/320","not_applicable","not_applicable","https://main.un.org/securitycouncil/en/content/reports-submitted-transmitted-secretary-general-security-council-2025","https://documents.un.org/api/symbol/access?j=N2511903&t=pdf&i=S/2025/320_1749057121751","annual_index_report_title_and_symbol","distinct_SG_report_document","not_tested","2026_index_asof_snapshot_for_2026","not_estimated","not_estimated"
"R_S_2025_317","Council_SG_report","2025","2025-05-27","UNMISS","S/2025/317","not_applicable","not_applicable","https://main.un.org/securitycouncil/en/content/reports-submitted-transmitted-secretary-general-security-council-2025","https://documents.un.org/api/symbol/access?j=N2513621&t=pdf&i=S/2025/317_1750270982304","annual_index_report_title_and_symbol","distinct_SG_report_document","not_tested","2026_index_asof_snapshot_for_2026","not_estimated","not_estimated"
"R_S_2025_323","Council_SG_report","2025","2025-05-30","OTHER_COUNCIL_AGENDA","S/2025/323","not_applicable","not_applicable","https://main.un.org/securitycouncil/en/content/reports-submitted-transmitted-secretary-general-security-council-2025","https://documents.un.org/api/symbol/access?j=N2512042&t=pdf&i=S/2025/323_1749505981958","annual_index_report_title_and_symbol","distinct_SG_report_document","not_tested","2026_index_asof_snapshot_for_2026","not_estimated","not_estimated"
"R_S_2025_342","Council_SG_report","2025","2025-05-30","UNOCA","S/2025/342","not_applicable","not_applicable","https://main.un.org/securitycouncil/en/content/reports-submitted-transmitted-secretary-general-security-council-2025","https://documents.un.org/api/symbol/access?j=N2512625&t=pdf&i=S/2025/342_1749157683410","annual_index_report_title_and_symbol","distinct_SG_report_document","not_tested","2026_index_asof_snapshot_for_2026","not_estimated","not_estimated"
"R_S_2025_350","Council_SG_report","2025","2025-06-03","UNDOF","S/2025/350","not_applicable","not_applicable","https://main.un.org/securitycouncil/en/content/reports-submitted-transmitted-secretary-general-security-council-2025","https://documents.un.org/api/symbol/access?j=N2514406&t=pdf&i=S/2025/350_1750440855846","annual_index_report_title_and_symbol","distinct_SG_report_document","not_tested","2026_index_asof_snapshot_for_2026","not_estimated","not_estimated"
"R_S_2025_372","Council_SG_report","2025","2025-06-11","UNAMA","S/2025/372","not_applicable","not_applicable","https://main.un.org/securitycouncil/en/content/reports-submitted-transmitted-secretary-general-security-council-2025","https://documents.un.org/api/symbol/access?j=N2513359&t=pdf&i=A/79/947_1750194084110","annual_index_report_title_and_symbol","distinct_SG_report_document","not_tested","2026_index_asof_snapshot_for_2026","not_estimated","not_estimated"
"R_S_2025_383","Council_SG_report","2025","2025-06-13","MINUSCA","S/2025/383","not_applicable","not_applicable","https://main.un.org/securitycouncil/en/content/reports-submitted-transmitted-secretary-general-security-council-2025","https://documents.un.org/api/symbol/access?j=N2514695&t=pdf&i=S/2025/383_1750890425543","annual_index_report_title_and_symbol","distinct_SG_report_document","not_tested","2026_index_asof_snapshot_for_2026","not_estimated","not_estimated"
"R_S_2025_397","Council_SG_report","2025","2025-06-19","OTHER_COUNCIL_AGENDA","S/2025/397","not_applicable","not_applicable","https://main.un.org/securitycouncil/en/content/reports-submitted-transmitted-secretary-general-security-council-2025","https://documents.un.org/api/symbol/access?j=N2516288&t=pdf&i=S/2025/397_1750701002418","annual_index_report_title_and_symbol","distinct_SG_report_document","not_tested","2026_index_asof_snapshot_for_2026","not_estimated","not_estimated"
"R_S_2025_403","Council_SG_report","2025","2025-06-23","MONUSCO","S/2025/403","not_applicable","not_applicable","https://main.un.org/securitycouncil/en/content/reports-submitted-transmitted-secretary-general-security-council-2025","https://documents.un.org/api/symbol/access?j=N2515145&t=pdf&i=S/2025/403_1751404804055","annual_index_report_title_and_symbol","distinct_SG_report_document","not_tested","2026_index_asof_snapshot_for_2026","not_estimated","not_estimated"
"R_S_2025_415","Council_SG_report","2025","2025-06-25","OTHER_COUNCIL_AGENDA","S/2025/415","not_applicable","not_applicable","https://main.un.org/securitycouncil/en/content/reports-submitted-transmitted-secretary-general-security-council-2025","https://docs.un.org/en/S/2025/415","annual_index_report_title_and_symbol","distinct_SG_report_document","not_tested","2026_index_asof_snapshot_for_2026","not_estimated","not_estimated"
"R_S_2025_418","Council_SG_report","2025","2025-06-27","BINUH","S/2025/418","not_applicable","not_applicable","https://main.un.org/securitycouncil/en/content/reports-submitted-transmitted-secretary-general-security-council-2025","https://documents.un.org/api/symbol/access?j=N2515986&t=pdf&i=S/2025/418_1751567221456","annual_index_report_title_and_symbol","distinct_SG_report_document","not_tested","2026_index_asof_snapshot_for_2026","not_estimated","not_estimated"
"R_S_2025_419","Council_SG_report","2025","2025-06-27","COLOMBIA","S/2025/419","not_applicable","not_applicable","https://main.un.org/securitycouncil/en/content/reports-submitted-transmitted-secretary-general-security-council-2025","https://documents.un.org/api/symbol/access?j=N2516153&t=pdf&i=S/2025/419_1752528005157","annual_index_report_title_and_symbol","distinct_SG_report_document","not_tested","2026_index_asof_snapshot_for_2026","not_estimated","not_estimated"
"R_S_2025_447","Council_SG_report","2025","2025-07-03","UNFICYP_CYPRUS","S/2025/447","not_applicable","not_applicable","https://main.un.org/securitycouncil/en/content/reports-submitted-transmitted-secretary-general-security-council-2025","https://documents.un.org/api/symbol/access?j=N2516900&t=pdf&i=S/2025/447_1752173462162","annual_index_report_title_and_symbol","distinct_SG_report_document","not_tested","2026_index_asof_snapshot_for_2026","not_estimated","not_estimated"
"R_S_2025_448","Council_SG_report","2025","2025-07-03","UNFICYP_CYPRUS","S/2025/448","not_applicable","not_applicable","https://main.un.org/securitycouncil/en/content/reports-submitted-transmitted-secretary-general-security-council-2025","https://documents.un.org/api/symbol/access?j=N2516820&t=pdf&i=S/2025/448_1752182588325","annual_index_report_title_and_symbol","distinct_SG_report_document","not_tested","2026_index_asof_snapshot_for_2026","not_estimated","not_estimated"
"R_S_2025_460","Council_SG_report","2025","2025-07-11","UNSCOL_UNIFIL","S/2025/460","not_applicable","not_applicable","https://main.un.org/securitycouncil/en/content/reports-submitted-transmitted-secretary-general-security-council-2025","https://documents.un.org/api/symbol/access?j=N2517575&t=pdf&i=S/2025/460_1752697923712","annual_index_report_title_and_symbol","distinct_SG_report_document","not_tested","2026_index_asof_snapshot_for_2026","not_estimated","not_estimated"
"R_S_2025_468","Council_SG_report","2025","2025-07-16","OTHER_COUNCIL_AGENDA","S/2025/468","not_applicable","not_applicable","https://main.un.org/securitycouncil/en/content/reports-submitted-transmitted-secretary-general-security-council-2025","https://documents.un.org/api/symbol/access?j=N2519153&t=pdf&i=A/80/179_1755715386872","annual_index_report_title_and_symbol","distinct_SG_report_document","not_tested","2026_index_asof_snapshot_for_2026","not_estimated","not_estimated"
"R_S_2025_495","Council_SG_report","2025","2025-07-31","UNOWAS","S/2025/495","not_applicable","not_applicable","https://main.un.org/securitycouncil/en/content/reports-submitted-transmitted-secretary-general-security-council-2025","https://documents.un.org/api/symbol/access?j=N2519038&t=pdf&i=S/2025/495_1754515141281","annual_index_report_title_and_symbol","distinct_SG_report_document","not_tested","2026_index_asof_snapshot_for_2026","not_estimated","not_estimated"
"R_S_2025_496","Council_SG_report","2025","2025-08-01","COUNTERTERRORISM","S/2025/496","not_applicable","not_applicable","https://main.un.org/securitycouncil/en/content/reports-submitted-transmitted-secretary-general-security-council-2025","https://documents.un.org/api/symbol/access?j=N2519921&t=pdf&i=S/2025/496_1755548882241","annual_index_report_title_and_symbol","distinct_SG_report_document","not_tested","2026_index_asof_snapshot_for_2026","not_estimated","not_estimated"
"R_S_2025_504","Council_SG_report","2025","2025-08-07","UNMISS","S/2025/504","not_applicable","not_applicable","https://main.un.org/securitycouncil/en/content/reports-submitted-transmitted-secretary-general-security-council-2025","https://documents.un.org/api/symbol/access?j=N2519690&t=pdf&i=S/2025/504_1755210481928","annual_index_report_title_and_symbol","distinct_SG_report_document","not_tested","2026_index_asof_snapshot_for_2026","not_estimated","not_estimated"
"R_S_2025_509","Council_SG_report","2025","2025-08-08","UNSMIL","S/2025/509","not_applicable","not_applicable","https://main.un.org/securitycouncil/en/content/reports-submitted-transmitted-secretary-general-security-council-2025","https://documents.un.org/api/symbol/access?j=N2519850&t=pdf&i=S/2025/509_1755634202814","annual_index_report_title_and_symbol","distinct_SG_report_document","not_tested","2026_index_asof_snapshot_for_2026","not_estimated","not_estimated"
"R_S_2025_532","Council_SG_report","2025","2025-08-25","OTHER_COUNCIL_AGENDA","S/2025/532","not_applicable","not_applicable","https://main.un.org/securitycouncil/en/content/reports-submitted-transmitted-secretary-general-security-council-2025","https://documents.un.org/api/symbol/access?j=N2520908&t=pdf&i=S/2025/532_1756845782085","annual_index_report_title_and_symbol","distinct_SG_report_document","not_tested","2026_index_asof_snapshot_for_2026","not_estimated","not_estimated"
"R_S_2025_535","Council_SG_report","2025","2025-08-28","OTHER_COUNCIL_AGENDA","S/2025/535","not_applicable","not_applicable","https://main.un.org/securitycouncil/en/content/reports-submitted-transmitted-secretary-general-security-council-2025","https://documents.un.org/api/symbol/access?j=N2523075&t=pdf&i=S/2025/535_1758734342667","annual_index_report_title_and_symbol","distinct_SG_report_document","not_tested","2026_index_asof_snapshot_for_2026","not_estimated","not_estimated"
"R_S_2025_554","Council_SG_report","2025","2025-09-05","UNAMA","S/2025/554","not_applicable","not_applicable","https://main.un.org/securitycouncil/en/content/reports-submitted-transmitted-secretary-general-security-council-2025","https://documents.un.org/api/symbol/access?j=N2522699&t=pdf&i=A/80/366_1758055742170","annual_index_report_title_and_symbol","distinct_SG_report_document","not_tested","2026_index_asof_snapshot_for_2026","not_estimated","not_estimated"
"R_S_2025_556","Council_SG_report","2025","2025-09-05","WPS","S/2025/556","not_applicable","not_applicable","https://main.un.org/securitycouncil/en/content/reports-submitted-transmitted-secretary-general-security-council-2025","https://documents.un.org/api/symbol/access?j=N2523645&t=pdf&i=S/2025/556_1760468281525","annual_index_report_title_and_symbol","distinct_SG_report_document","not_tested","2026_index_asof_snapshot_for_2026","not_estimated","not_estimated"
"R_S_2025_588","Council_SG_report","2025","2025-09-18","OTHER_COUNCIL_AGENDA","S/2025/588","not_applicable","not_applicable","https://main.un.org/securitycouncil/en/content/reports-submitted-transmitted-secretary-general-security-council-2025","https://documents.un.org/api/symbol/access?j=N2523485&t=pdf&i=S/2025/588_1758664682126","annual_index_report_title_and_symbol","distinct_SG_report_document","not_tested","2026_index_asof_snapshot_for_2026","not_estimated","not_estimated"
"R_S_2025_590","Council_SG_report","2025","2025-09-19","MONUSCO","S/2025/590","not_applicable","not_applicable","https://main.un.org/securitycouncil/en/content/reports-submitted-transmitted-secretary-general-security-council-2025","https://documents.un.org/api/symbol/access?j=N2523999&t=pdf&i=S/2025/590_1759185181242","annual_index_report_title_and_symbol","distinct_SG_report_document","not_tested","2026_index_asof_snapshot_for_2026","not_estimated","not_estimated"
"R_S_2025_595","Council_SG_report","2025","2025-09-26","COLOMBIA","S/2025/595","not_applicable","not_applicable","https://main.un.org/securitycouncil/en/content/reports-submitted-transmitted-secretary-general-security-council-2025","https://documents.un.org/api/symbol/access?j=N2524243&t=pdf&i=S/2025/595_1759434721979","annual_index_report_title_and_symbol","distinct_SG_report_document","not_tested","2026_index_asof_snapshot_for_2026","not_estimated","not_estimated"
"R_S_2025_599","Council_SG_report","2025","2025-09-26","UNDOF","S/2025/599","not_applicable","not_applicable","https://main.un.org/securitycouncil/en/content/reports-submitted-transmitted-secretary-general-security-council-2025","https://documents.un.org/api/symbol/access?j=N2524469&t=pdf&i=S/2025/599_1759530722090","annual_index_report_title_and_symbol","distinct_SG_report_document","not_tested","2026_index_asof_snapshot_for_2026","not_estimated","not_estimated"
"R_S_2025_611","Council_SG_report","2025","2025-09-30","UNSMIL","S/2025/611","not_applicable","not_applicable","https://main.un.org/securitycouncil/en/content/reports-submitted-transmitted-secretary-general-security-council-2025","https://documents.un.org/api/symbol/access?j=N2523778&t=pdf&i=S/2025/611_1760122022190","annual_index_report_title_and_symbol","distinct_SG_report_document","not_tested","2026_index_asof_snapshot_for_2026","not_estimated","not_estimated"
"R_S_2025_612","Council_SG_report","2025","2025-09-30","MINURSO_SAHARA","S/2025/612","not_applicable","not_applicable","https://main.un.org/securitycouncil/en/content/reports-submitted-transmitted-secretary-general-security-council-2025","https://documents.un.org/api/symbol/access?j=N2525337&t=pdf&i=S/2025/612_1760989442340","annual_index_report_title_and_symbol","distinct_SG_report_document","not_tested","2026_index_asof_snapshot_for_2026","not_estimated","not_estimated"
"R_S_2025_613","Council_SG_report","2025","2025-09-30","UNSOS_SOMALIA","S/2025/613","not_applicable","not_applicable","https://main.un.org/securitycouncil/en/content/reports-submitted-transmitted-secretary-general-security-council-2025","https://documents.un.org/api/symbol/access?j=N2524224&t=pdf&i=S/2025/613_1759872541764","annual_index_report_title_and_symbol","distinct_SG_report_document","not_tested","2026_index_asof_snapshot_for_2026","not_estimated","not_estimated"
"R_S_2025_615","Council_SG_report","2025","2025-10-01","MONUSCO","S/2025/615","not_applicable","not_applicable","https://main.un.org/securitycouncil/en/content/reports-submitted-transmitted-secretary-general-security-council-2025","https://documents.un.org/api/symbol/access?j=N2524888&t=pdf&i=S/2025/615_1760132461400","annual_index_report_title_and_symbol","distinct_SG_report_document","not_tested","2026_index_asof_snapshot_for_2026","not_estimated","not_estimated"
"R_S_2025_625","Council_SG_report","2025","2025-10-07","OTHER_COUNCIL_AGENDA","S/2025/625","not_applicable","not_applicable","https://main.un.org/securitycouncil/en/content/reports-submitted-transmitted-secretary-general-security-council-2025","https://documents.un.org/api/symbol/access?j=N2525987&t=pdf&i=S/2025/625_1760995685086","annual_index_report_title_and_symbol","distinct_SG_report_document","not_tested","2026_index_asof_snapshot_for_2026","not_estimated","not_estimated"
"R_S_2025_634","Council_SG_report","2025","2025-10-10","UNMIK","S/2025/634","not_applicable","not_applicable","https://main.un.org/securitycouncil/en/content/reports-submitted-transmitted-secretary-general-security-council-2025","https://documents.un.org/api/symbol/access?j=N2525849&t=pdf&i=S/2025/634_1761167642085","annual_index_report_title_and_symbol","distinct_SG_report_document","not_tested","2026_index_asof_snapshot_for_2026","not_estimated","not_estimated"
"R_S_2025_638","Council_SG_report","2025","2025-10-10","MINUSCA","S/2025/638","not_applicable","not_applicable","https://main.un.org/securitycouncil/en/content/reports-submitted-transmitted-secretary-general-security-council-2025","https://documents.un.org/api/symbol/access?j=N2526605&t=pdf&i=S/2025/638_1761862262577","annual_index_report_title_and_symbol","distinct_SG_report_document","not_tested","2026_index_asof_snapshot_for_2026","not_estimated","not_estimated"
"R_S_2025_641","Council_SG_report","2025","2025-10-14","BINUH","S/2025/641","not_applicable","not_applicable","https://main.un.org/securitycouncil/en/content/reports-submitted-transmitted-secretary-general-security-council-2025","https://documents.un.org/api/symbol/access?j=N2525607&t=pdf&i=S/2025/641_1760995922311","annual_index_report_title_and_symbol","distinct_SG_report_document","not_tested","2026_index_asof_snapshot_for_2026","not_estimated","not_estimated"
"R_S_2025_649","Council_SG_report","2025","2025-10-15","UNISFA","S/2025/649","not_applicable","not_applicable","https://main.un.org/securitycouncil/en/content/reports-submitted-transmitted-secretary-general-security-council-2025","https://documents.un.org/api/symbol/access?j=N2525688&t=pdf&i=S/2025/649_1761686102069","annual_index_report_title_and_symbol","distinct_SG_report_document","not_tested","2026_index_asof_snapshot_for_2026","not_estimated","not_estimated"
"R_S_2025_670","Council_SG_report","2025","2025-10-23","OTHER_COUNCIL_AGENDA","S/2025/670","not_applicable","not_applicable","https://main.un.org/securitycouncil/en/content/reports-submitted-transmitted-secretary-general-security-council-2025","https://documents.un.org/api/symbol/access?j=N2526295&t=pdf&i=S/2025/670_1762465806233","annual_index_report_title_and_symbol","distinct_SG_report_document","not_tested","2026_index_asof_snapshot_for_2026","not_estimated","not_estimated"
"R_S_2025_675","Council_SG_report","2025","2025-10-27","OTHER_COUNCIL_AGENDA","S/2025/675","not_applicable","not_applicable","https://main.un.org/securitycouncil/en/content/reports-submitted-transmitted-secretary-general-security-council-2025","https://documents.un.org/api/symbol/access?j=N2528476&t=pdf&i=S/2025/675_1761770412281","annual_index_report_title_and_symbol","distinct_SG_report_document","not_tested","2026_index_asof_snapshot_for_2026","not_estimated","not_estimated"
"R_S_2025_706","Council_SG_report","2025","2025-11-04","UNMISS","S/2025/706","not_applicable","not_applicable","https://main.un.org/securitycouncil/en/content/reports-submitted-transmitted-secretary-general-security-council-2025","https://documents.un.org/api/symbol/access?j=N2528627&t=pdf&i=S/2025/706_1762810504689","annual_index_report_title_and_symbol","distinct_SG_report_document","not_tested","2026_index_asof_snapshot_for_2026","not_estimated","not_estimated"
"R_S_2025_738","Council_SG_report","2025","2025-11-11","UNSCOL_UNIFIL","S/2025/738","not_applicable","not_applicable","https://main.un.org/securitycouncil/en/content/reports-submitted-transmitted-secretary-general-security-council-2025","https://documents.un.org/api/symbol/access?j=N2529705&t=pdf&i=S/2025/738_1763588881997","annual_index_report_title_and_symbol","distinct_SG_report_document","not_tested","2026_index_asof_snapshot_for_2026","not_estimated","not_estimated"
"R_S_2025_735","Council_SG_report","2025","2025-11-12","UNSOS_SOMALIA","S/2025/735","not_applicable","not_applicable","https://main.un.org/securitycouncil/en/content/reports-submitted-transmitted-secretary-general-security-council-2025","https://documents.un.org/api/symbol/access?j=N2531234&t=pdf&i=S/2025/735_1764866883564","annual_index_report_title_and_symbol","distinct_SG_report_document","not_tested","2026_index_asof_snapshot_for_2026","not_estimated","not_estimated"
"R_S_2025_756","Council_SG_report","2025","2025-11-19","OTHER_COUNCIL_AGENDA","S/2025/756","not_applicable","not_applicable","https://main.un.org/securitycouncil/en/content/reports-submitted-transmitted-secretary-general-security-council-2025","https://documents.un.org/api/symbol/access?j=N2529549&t=pdf&i=S/2025/756_1764086221825","annual_index_report_title_and_symbol","distinct_SG_report_document","not_tested","2026_index_asof_snapshot_for_2026","not_estimated","not_estimated"
"R_S_2025_757","Council_SG_report","2025","2025-11-20","OTHER_COUNCIL_AGENDA","S/2025/757","not_applicable","not_applicable","https://main.un.org/securitycouncil/en/content/reports-submitted-transmitted-secretary-general-security-council-2025","https://documents.un.org/api/symbol/access?j=N2530067&t=pdf&i=S/2025/757_1764354961938","annual_index_report_title_and_symbol","distinct_SG_report_document","not_tested","2026_index_asof_snapshot_for_2026","not_estimated","not_estimated"
"R_S_2025_771","Council_SG_report","2025","2025-11-28","UNOWAS","S/2025/771","not_applicable","not_applicable","https://main.un.org/securitycouncil/en/content/reports-submitted-transmitted-secretary-general-security-council-2025","https://documents.un.org/api/symbol/access?j=N2531915&t=pdf&i=S/2025/771_1765557125435","annual_index_report_title_and_symbol","distinct_SG_report_document","not_tested","2026_index_asof_snapshot_for_2026","not_estimated","not_estimated"
"R_S_2025_772","Council_SG_report","2025","2025-11-28","UNOCA","S/2025/772","not_applicable","not_applicable","https://main.un.org/securitycouncil/en/content/reports-submitted-transmitted-secretary-general-security-council-2025","https://documents.un.org/api/symbol/access?j=N2531203&t=pdf&i=S/2025/772_1765225580651","annual_index_report_title_and_symbol","distinct_SG_report_document","not_tested","2026_index_asof_snapshot_for_2026","not_estimated","not_estimated"
"R_S_2025_779","Council_SG_report","2025","2025-12-01","MONUSCO","S/2025/779","not_applicable","not_applicable","https://main.un.org/securitycouncil/en/content/reports-submitted-transmitted-secretary-general-security-council-2025","https://documents.un.org/api/symbol/access?j=N2532317&t=pdf&i=S/2025/779_1765406228341","annual_index_report_title_and_symbol","distinct_SG_report_document","not_tested","2026_index_asof_snapshot_for_2026","not_estimated","not_estimated"
"R_S_2025_785","Council_SG_report","2025","2025-12-01","OTHER_COUNCIL_AGENDA","S/2025/785","not_applicable","not_applicable","https://main.un.org/securitycouncil/en/content/reports-submitted-transmitted-secretary-general-security-council-2025","https://documents.un.org/api/symbol/access?j=N2533499&t=pdf&i=S/2025/785_1767112682134","annual_index_report_title_and_symbol","distinct_SG_report_document","not_tested","2026_index_asof_snapshot_for_2026","not_estimated","not_estimated"
"R_S_2025_786","Council_SG_report","2025","2025-12-01","OTHER_COUNCIL_AGENDA","S/2025/786","not_applicable","not_applicable","https://main.un.org/securitycouncil/en/content/reports-submitted-transmitted-secretary-general-security-council-2025","https://documents.un.org/api/symbol/access?j=N2533517&t=pdf&i=S/2025/786_1767369602354","annual_index_report_title_and_symbol","distinct_SG_report_document","not_tested","2026_index_asof_snapshot_for_2026","not_estimated","not_estimated"
"R_S_2025_784","Council_SG_report","2025","2025-12-02","UNDOF","S/2025/784","not_applicable","not_applicable","https://main.un.org/securitycouncil/en/content/reports-submitted-transmitted-secretary-general-security-council-2025","https://documents.un.org/api/symbol/access?j=N2532396&t=pdf&i=S/2025/784_1765395001729","annual_index_report_title_and_symbol","distinct_SG_report_document","not_tested","2026_index_asof_snapshot_for_2026","not_estimated","not_estimated"
"R_S_2025_789","Council_SG_report","2025","2025-12-03","UNAMA","S/2025/789","not_applicable","not_applicable","https://main.un.org/securitycouncil/en/content/reports-submitted-transmitted-secretary-general-security-council-2025","https://documents.un.org/api/symbol/access?j=N2531861&t=pdf&i=A/80/556_1765317842236","annual_index_report_title_and_symbol","distinct_SG_report_document","not_tested","2026_index_asof_snapshot_for_2026","not_estimated","not_estimated"
"R_S_2025_792","Council_SG_report","2025","2025-12-05","UNSMIL","S/2025/792","not_applicable","not_applicable","https://main.un.org/securitycouncil/en/content/reports-submitted-transmitted-secretary-general-security-council-2025","https://documents.un.org/api/symbol/access?j=N2531616&t=pdf&i=S/2025/792_1765575668346","annual_index_report_title_and_symbol","distinct_SG_report_document","not_tested","2026_index_asof_snapshot_for_2026","not_estimated","not_estimated"
"R_S_2025_807","Council_SG_report","2025","2025-12-11","OTHER_COUNCIL_AGENDA","S/2025/807","not_applicable","not_applicable","https://main.un.org/securitycouncil/en/content/reports-submitted-transmitted-secretary-general-security-council-2025","https://documents.un.org/api/symbol/access?j=N2534925&t=pdf&i=S/2025/807_1767030121845","annual_index_report_title_and_symbol","distinct_SG_report_document","not_tested","2026_index_asof_snapshot_for_2026","not_estimated","not_estimated"
"R_S_2025_814","Council_SG_report","2025","2025-12-15","OTHER_COUNCIL_AGENDA","S/2025/814","not_applicable","not_applicable","https://main.un.org/securitycouncil/en/content/reports-submitted-transmitted-secretary-general-security-council-2025","https://documents.un.org/api/symbol/access?j=N2534285&t=pdf&i=S/2025/814_1766182621688","annual_index_report_title_and_symbol","distinct_SG_report_document","not_tested","2026_index_asof_snapshot_for_2026","not_estimated","not_estimated"
"R_S_2025_849","Council_SG_report","2025","2025-12-26","COLOMBIA","S/2025/849","not_applicable","not_applicable","https://main.un.org/securitycouncil/en/content/reports-submitted-transmitted-secretary-general-security-council-2025","https://documents.un.org/api/symbol/access?j=N2535418&t=pdf&i=S/2025/849_1768847821796","annual_index_report_title_and_symbol","distinct_SG_report_document","not_tested","2026_index_asof_snapshot_for_2026","not_estimated","not_estimated"
"R_S_2025_856","Council_SG_report","2025","2025-12-30","OTHER_COUNCIL_AGENDA","S/2025/856","not_applicable","not_applicable","https://main.un.org/securitycouncil/en/content/reports-submitted-transmitted-secretary-general-security-council-2025","https://docs.un.org/en/S/2025/856","annual_index_report_title_and_symbol","distinct_SG_report_document","not_tested","2026_index_asof_snapshot_for_2026","not_estimated","not_estimated"
"R_S_2026_513","Council_SG_report","2026","2025-06-23","OTHER_COUNCIL_AGENDA","S/2026/513","not_applicable","not_applicable","https://main.un.org/securitycouncil/en/content/reports-submitted-transmitted-secretary-general-security-council-2026","https://docs.un.org/en/S/2026/513","annual_index_report_title_and_symbol","distinct_SG_report_document","not_tested","source_date_year_conflict_quarantine","not_estimated","not_estimated"
"R_S_2026_8","Council_SG_report","2026","2026-01-05","UNFICYP_CYPRUS","S/2026/8","not_applicable","not_applicable","https://main.un.org/securitycouncil/en/content/reports-submitted-transmitted-secretary-general-security-council-2026","https://documents.un.org/api/symbol/access?j=N2535979&t=pdf&i=S/2026/8_1768323421416","annual_index_report_title_and_symbol","distinct_SG_report_document","not_tested","2026_index_asof_snapshot_for_2026","not_estimated","not_estimated"
"R_S_2026_9","Council_SG_report","2026","2026-01-05","UNFICYP_CYPRUS","S/2026/9","not_applicable","not_applicable","https://main.un.org/securitycouncil/en/content/reports-submitted-transmitted-secretary-general-security-council-2026","https://documents.un.org/api/symbol/access?j=N2536009&t=pdf&i=S/2026/9_1768322702079","annual_index_report_title_and_symbol","distinct_SG_report_document","not_tested","2026_index_asof_snapshot_for_2026","not_estimated","not_estimated"
"R_S_2026_31","Council_SG_report","2026","2026-01-15","BINUH","S/2026/31","not_applicable","not_applicable","https://main.un.org/securitycouncil/en/content/reports-submitted-transmitted-secretary-general-security-council-2026","https://documents.un.org/api/symbol/access?j=N2537035&t=pdf&i=S/2026/31_1768947661349","annual_index_report_title_and_symbol","distinct_SG_report_document","not_tested","2026_index_asof_snapshot_for_2026","not_estimated","not_estimated"
"R_S_2026_57","Council_SG_report","2026","2026-02-02","COUNTERTERRORISM","S/2026/57","not_applicable","not_applicable","https://main.un.org/securitycouncil/en/content/reports-submitted-transmitted-secretary-general-security-council-2026","https://documents.un.org/api/symbol/access?j=N2600981&t=pdf&i=S/2026/57_1770663248760","annual_index_report_title_and_symbol","distinct_SG_report_document","not_tested","2026_index_asof_snapshot_for_2026","not_estimated","not_estimated"
"R_S_2026_58","Council_SG_report","2026","2026-02-02","UNMISS","S/2026/58","not_applicable","not_applicable","https://main.un.org/securitycouncil/en/content/reports-submitted-transmitted-secretary-general-security-council-2026","https://documents.un.org/api/symbol/access?j=N2600800&t=pdf&i=S/2026/58_1770670741839","annual_index_report_title_and_symbol","distinct_SG_report_document","not_tested","2026_index_asof_snapshot_for_2026","not_estimated","not_estimated"
"R_S_2026_71","Council_SG_report","2026","2026-02-13","MINUSCA","S/2026/71","not_applicable","not_applicable","https://main.un.org/securitycouncil/en/content/reports-submitted-transmitted-secretary-general-security-council-2026","https://documents.un.org/api/symbol/access?j=N2602183&t=pdf&i=S/2026/71_1771622886916","annual_index_report_title_and_symbol","distinct_SG_report_document","not_tested","2026_index_asof_snapshot_for_2026","not_estimated","not_estimated"
"R_S_2026_99","Council_SG_report","2026","2026-02-27","UNAMA","S/2026/99","not_applicable","not_applicable","https://main.un.org/securitycouncil/en/content/reports-submitted-transmitted-secretary-general-security-council-2026","https://docs.un.org/en/S/2026/99","annual_index_report_title_and_symbol","distinct_SG_report_document","not_tested","2026_index_asof_snapshot_for_2026","not_estimated","not_estimated"
"R_S_2026_157","Council_SG_report","2026","2026-03-10","UNDOF","S/2026/157","not_applicable","not_applicable","https://main.un.org/securitycouncil/en/content/reports-submitted-transmitted-secretary-general-security-council-2026","https://docs.un.org/en/S/2026/157","annual_index_report_title_and_symbol","distinct_SG_report_document","not_tested","2026_index_asof_snapshot_for_2026","not_estimated","not_estimated"
"R_S_2026_160","Council_SG_report","2026","2026-03-11","OTHER_COUNCIL_AGENDA","S/2026/160","not_applicable","not_applicable","https://main.un.org/securitycouncil/en/content/reports-submitted-transmitted-secretary-general-security-council-2026","https://docs.un.org/en/S/2026/160","annual_index_report_title_and_symbol","distinct_SG_report_document","not_tested","2026_index_asof_snapshot_for_2026","not_estimated","not_estimated"
"R_S_2026_208","Council_SG_report","2026","2026-03-19","MONUSCO","S/2026/208","not_applicable","not_applicable","https://main.un.org/securitycouncil/en/content/reports-submitted-transmitted-secretary-general-security-council-2026","https://docs.un.org/en/S/2026/208","annual_index_report_title_and_symbol","distinct_SG_report_document","not_tested","2026_index_asof_snapshot_for_2026","not_estimated","not_estimated"
"R_S_2026_229","Council_SG_report","2026","2026-03-26","COLOMBIA","S/2026/229","not_applicable","not_applicable","https://main.un.org/securitycouncil/en/content/reports-submitted-transmitted-secretary-general-security-council-2026","https://docs.un.org/en/S/2026/229","annual_index_report_title_and_symbol","distinct_SG_report_document","not_tested","2026_index_asof_snapshot_for_2026","not_estimated","not_estimated"
"R_S_2026_256","Council_SG_report","2026","2026-03-31","MONUSCO","S/2026/256","not_applicable","not_applicable","https://main.un.org/securitycouncil/en/content/reports-submitted-transmitted-secretary-general-security-council-2026","https://docs.un.org/en/S/2026/256","annual_index_report_title_and_symbol","distinct_SG_report_document","not_tested","2026_index_asof_snapshot_for_2026","not_estimated","not_estimated"
"R_S_2026_264","Council_SG_report","2026","2026-03-31","UNMIK","S/2026/264","not_applicable","not_applicable","https://main.un.org/securitycouncil/en/content/reports-submitted-transmitted-secretary-general-security-council-2026","https://docs.un.org/en/S/2026/264","annual_index_report_title_and_symbol","distinct_SG_report_document","not_tested","2026_index_asof_snapshot_for_2026","not_estimated","not_estimated"
"R_S_2026_281","Council_SG_report","2026","2026-04-06","UNSMIL","S/2026/281","not_applicable","not_applicable","https://main.un.org/securitycouncil/en/content/reports-submitted-transmitted-secretary-general-security-council-2026","https://docs.un.org/en/S/2026/281","annual_index_report_title_and_symbol","distinct_SG_report_document","not_tested","2026_index_asof_snapshot_for_2026","not_estimated","not_estimated"
"R_S_2026_316","Council_SG_report","2026","2026-04-13","UNMISS","S/2026/316","not_applicable","not_applicable","https://main.un.org/securitycouncil/en/content/reports-submitted-transmitted-secretary-general-security-council-2026","https://docs.un.org/en/S/2026/316","annual_index_report_title_and_symbol","distinct_SG_report_document","not_tested","2026_index_asof_snapshot_for_2026","not_estimated","not_estimated"
"R_S_2026_325","Council_SG_report","2026","2026-04-14","BINUH","S/2026/325","not_applicable","not_applicable","https://main.un.org/securitycouncil/en/content/reports-submitted-transmitted-secretary-general-security-council-2026","https://docs.un.org/en/S/2026/325","annual_index_report_title_and_symbol","distinct_SG_report_document","not_tested","2026_index_asof_snapshot_for_2026","not_estimated","not_estimated"
"R_S_2026_330","Council_SG_report","2026","2026-04-15","OTHER_COUNCIL_AGENDA","S/2026/330","not_applicable","not_applicable","https://main.un.org/securitycouncil/en/content/reports-submitted-transmitted-secretary-general-security-council-2026","https://docs.un.org/en/S/2026/330","annual_index_report_title_and_symbol","distinct_SG_report_document","not_tested","2026_index_asof_snapshot_for_2026","not_estimated","not_estimated"
"R_S_2026_354","Council_SG_report","2026","2026-04-22","OTHER_COUNCIL_AGENDA","S/2026/354","not_applicable","not_applicable","https://main.un.org/securitycouncil/en/content/reports-submitted-transmitted-secretary-general-security-council-2026","https://docs.un.org/en/S/2026/354","annual_index_report_title_and_symbol","distinct_SG_report_document","not_tested","2026_index_asof_snapshot_for_2026","not_estimated","not_estimated"
"R_S_2026_366","Council_SG_report","2026","2026-04-24","OTHER_COUNCIL_AGENDA","S/2026/366","not_applicable","not_applicable","https://main.un.org/securitycouncil/en/content/reports-submitted-transmitted-secretary-general-security-council-2026","https://docs.un.org/en/S/2026/366","annual_index_report_title_and_symbol","distinct_SG_report_document","not_tested","2026_index_asof_snapshot_for_2026","not_estimated","not_estimated"
"R_S_2026_378","Council_SG_report","2026","2026-05-01","UNISFA","S/2026/378","not_applicable","not_applicable","https://main.un.org/securitycouncil/en/content/reports-submitted-transmitted-secretary-general-security-council-2026","https://docs.un.org/en/S/2026/378","annual_index_report_title_and_symbol","distinct_SG_report_document","not_tested","2026_index_asof_snapshot_for_2026","not_estimated","not_estimated"
"R_S_2026_390","Council_SG_report","2026","2026-05-07","OTHER_COUNCIL_AGENDA","S/2026/390","not_applicable","not_applicable","https://main.un.org/securitycouncil/en/content/reports-submitted-transmitted-secretary-general-security-council-2026","https://docs.un.org/en/S/2026/390","annual_index_report_title_and_symbol","distinct_SG_report_document","not_tested","2026_index_asof_snapshot_for_2026","not_estimated","not_estimated"
"R_S_2026_431","Council_SG_report","2026","2026-05-22","UNAMA","S/2026/431","not_applicable","not_applicable","https://main.un.org/securitycouncil/en/content/reports-submitted-transmitted-secretary-general-security-council-2026","https://docs.un.org/en/S/2026/431","annual_index_report_title_and_symbol","distinct_SG_report_document","not_tested","2026_index_asof_snapshot_for_2026","not_estimated","not_estimated"
"R_S_2026_445","Council_SG_report","2026","2026-05-29","UNOCA","S/2026/445","not_applicable","not_applicable","https://main.un.org/securitycouncil/en/content/reports-submitted-transmitted-secretary-general-security-council-2026","https://docs.un.org/en/S/2026/445","annual_index_report_title_and_symbol","distinct_SG_report_document","not_tested","2026_index_asof_snapshot_for_2026","not_estimated","not_estimated"
"R_S_2026_446","Council_SG_report","2026","2026-05-29","UNSOS_SOMALIA","S/2026/446","not_applicable","not_applicable","https://main.un.org/securitycouncil/en/content/reports-submitted-transmitted-secretary-general-security-council-2026","https://docs.un.org/en/S/2026/446","annual_index_report_title_and_symbol","distinct_SG_report_document","not_tested","2026_index_asof_snapshot_for_2026","not_estimated","not_estimated"
"R_S_2026_458","Council_SG_report","2026","2026-06-02","UNDOF","S/2026/458","not_applicable","not_applicable","https://main.un.org/securitycouncil/en/content/reports-submitted-transmitted-secretary-general-security-council-2026","https://docs.un.org/en/S/2026/458","annual_index_report_title_and_symbol","distinct_SG_report_document","not_tested","2026_index_asof_snapshot_for_2026","not_estimated","not_estimated"
"R_S_2026_494","Council_SG_report","2026","2026-06-15","MINUSCA","S/2026/494","not_applicable","not_applicable","https://main.un.org/securitycouncil/en/content/reports-submitted-transmitted-secretary-general-security-council-2026","https://docs.un.org/en/S/2026/494","annual_index_report_title_and_symbol","distinct_SG_report_document","not_tested","2026_index_asof_snapshot_for_2026","not_estimated","not_estimated"
"R_S_2026_506","Council_SG_report","2026","2026-06-19","OTHER_COUNCIL_AGENDA","S/2026/506","not_applicable","not_applicable","https://main.un.org/securitycouncil/en/content/reports-submitted-transmitted-secretary-general-security-council-2026","https://docs.un.org/en/S/2026/506","annual_index_report_title_and_symbol","distinct_SG_report_document","not_tested","2026_index_asof_snapshot_for_2026","not_estimated","not_estimated"
"R_S_2026_507","Council_SG_report","2026","2026-06-19","MONUSCO","S/2026/507","not_applicable","not_applicable","https://main.un.org/securitycouncil/en/content/reports-submitted-transmitted-secretary-general-security-council-2026","https://docs.un.org/en/S/2026/507","annual_index_report_title_and_symbol","distinct_SG_report_document","not_tested","2026_index_asof_snapshot_for_2026","not_estimated","not_estimated"
"R_S_2026_528","Council_SG_report","2026","2026-06-26","COLOMBIA","S/2026/528","not_applicable","not_applicable","https://main.un.org/securitycouncil/en/content/reports-submitted-transmitted-secretary-general-security-council-2026","https://docs.un.org/en/S/2026/528","annual_index_report_title_and_symbol","distinct_SG_report_document","not_tested","2026_index_asof_snapshot_for_2026","not_estimated","not_estimated"
"R_S_2026_537","Council_SG_report","2026","2026-06-30","UNOWAS","S/2026/537","not_applicable","not_applicable","https://main.un.org/securitycouncil/en/content/reports-submitted-transmitted-secretary-general-security-council-2026","https://docs.un.org/en/S/2026/537","annual_index_report_title_and_symbol","distinct_SG_report_document","not_tested","2026_index_asof_snapshot_for_2026","not_estimated","not_estimated"
"R_S_2026_550","Council_SG_report","2026","2026-07-06","UNFICYP_CYPRUS","S/2026/550","not_applicable","not_applicable","https://main.un.org/securitycouncil/en/content/reports-submitted-transmitted-secretary-general-security-council-2026","https://docs.un.org/en/S/2026/550","annual_index_report_title_and_symbol","distinct_SG_report_document","not_tested","2026_index_asof_snapshot_for_2026","not_estimated","not_estimated"
"R_S_2026_551","Council_SG_report","2026","2026-07-06","UNFICYP_CYPRUS","S/2026/551","not_applicable","not_applicable","https://main.un.org/securitycouncil/en/content/reports-submitted-transmitted-secretary-general-security-council-2026","https://docs.un.org/en/S/2026/551","annual_index_report_title_and_symbol","distinct_SG_report_document","not_tested","2026_index_asof_snapshot_for_2026","not_estimated","not_estimated"
"R_S_2026_566","Council_SG_report","2026","2026-07-09","OTHER_COUNCIL_AGENDA","S/2026/566","not_applicable","not_applicable","https://main.un.org/securitycouncil/en/content/reports-submitted-transmitted-secretary-general-security-council-2026","https://docs.un.org/en/S/2026/566","annual_index_report_title_and_symbol","distinct_SG_report_document","not_tested","2026_index_asof_snapshot_for_2026","not_estimated","not_estimated"
"R_S_2026_574","Council_SG_report","2026","2026-07-14","BINUH","S/2026/574","not_applicable","not_applicable","https://main.un.org/securitycouncil/en/content/reports-submitted-transmitted-secretary-general-security-council-2026","https://docs.un.org/en/S/2026/574","annual_index_report_title_and_symbol","distinct_SG_report_document","not_tested","2026_index_asof_snapshot_for_2026","not_estimated","not_estimated"
"R_S_2026_638","Council_SG_report","2026","2026-07-31","COUNTERTERRORISM","S/2026/638","not_applicable","not_applicable","https://main.un.org/securitycouncil/en/content/reports-submitted-transmitted-secretary-general-security-council-2026","https://docs.un.org/en/S/2026/638","annual_index_report_title_and_symbol","distinct_SG_report_document","not_tested","2026_index_asof_snapshot_for_2026","not_estimated","not_estimated"
"R_S_2026_640","Council_SG_report","2026","2026-07-31","UNMISS","S/2026/640","not_applicable","not_applicable","https://main.un.org/securitycouncil/en/content/reports-submitted-transmitted-secretary-general-security-council-2026","https://docs.un.org/en/S/2026/640","annual_index_report_title_and_symbol","distinct_SG_report_document","not_tested","2026_index_asof_snapshot_for_2026","not_estimated","not_estimated"
"R_S_2026_661","Council_SG_report","2026","2026-08-10","UNSMIL","S/2026/661","not_applicable","not_applicable","https://main.un.org/securitycouncil/en/content/reports-submitted-transmitted-secretary-general-security-council-2026","https://docs.un.org/en/S/2026/661","annual_index_report_title_and_symbol","distinct_SG_report_document","not_tested","2026_index_asof_snapshot_for_2026","not_estimated","not_estimated"
"R_S_2026_682","Council_SG_report","2026","2026-08-17","OTHER_COUNCIL_AGENDA","S/2026/682","not_applicable","not_applicable","https://main.un.org/securitycouncil/en/content/reports-submitted-transmitted-secretary-general-security-council-2026","https://docs.un.org/en/S/2026/682","annual_index_report_title_and_symbol","distinct_SG_report_document","not_tested","2026_index_asof_snapshot_for_2026","not_estimated","not_estimated"
"R_S_2026_706","Council_SG_report","2026","2026-09-02","BINUH","S/2026/706","not_applicable","not_applicable","https://main.un.org/securitycouncil/en/content/reports-submitted-transmitted-secretary-general-security-council-2026","https://docs.un.org/en/S/2026/706","annual_index_report_title_and_symbol","distinct_SG_report_document","not_tested","2026_index_asof_snapshot_for_2026","not_estimated","not_estimated"
"R_S_2026_724","Council_SG_report","2026","2026-09-09","UNAMA","S/2026/724","not_applicable","not_applicable","https://main.un.org/securitycouncil/en/content/reports-submitted-transmitted-secretary-general-security-council-2026","https://docs.un.org/en/S/2026/724","annual_index_report_title_and_symbol","distinct_SG_report_document","not_tested","2026_index_asof_snapshot_for_2026","not_estimated","not_estimated"
"R_S_2026_748","Council_SG_report","2026","2026-09-21","MONUSCO","S/2026/748","not_applicable","not_applicable","https://main.un.org/securitycouncil/en/content/reports-submitted-transmitted-secretary-general-security-council-2026","https://docs.un.org/en/S/2026/748","annual_index_report_title_and_symbol","distinct_SG_report_document","not_tested","2026_index_asof_snapshot_for_2026","not_estimated","not_estimated"
"R_S_2026_756","Council_SG_report","2026","2026-09-23","UNDOF","S/2026/756","not_applicable","not_applicable","https://main.un.org/securitycouncil/en/content/reports-submitted-transmitted-secretary-general-security-council-2026","https://docs.un.org/en/S/2026/756","annual_index_report_title_and_symbol","distinct_SG_report_document","not_tested","2026_index_asof_snapshot_for_2026","not_estimated","not_estimated"
"R_S_2026_758","Council_SG_report","2026","2026-09-25","WPS","S/2026/758","not_applicable","not_applicable","https://main.un.org/securitycouncil/en/content/reports-submitted-transmitted-secretary-general-security-council-2026","https://docs.un.org/en/S/2026/758","annual_index_report_title_and_symbol","distinct_SG_report_document","not_tested","2026_index_asof_snapshot_for_2026","not_estimated","not_estimated"
"R_S_2026_759","Council_SG_report","2026","2026-09-25","COLOMBIA","S/2026/759","not_applicable","not_applicable","https://main.un.org/securitycouncil/en/content/reports-submitted-transmitted-secretary-general-security-council-2026","https://docs.un.org/en/S/2026/759","annual_index_report_title_and_symbol","distinct_SG_report_document","not_tested","2026_index_asof_snapshot_for_2026","not_estimated","not_estimated"
"R_S_2026_779","Council_SG_report","2026","2026-09-30","UNMIK","S/2026/779","not_applicable","not_applicable","https://main.un.org/securitycouncil/en/content/reports-submitted-transmitted-secretary-general-security-council-2026","https://docs.un.org/en/S/2026/779","annual_index_report_title_and_symbol","distinct_SG_report_document","not_tested","2026_index_asof_snapshot_for_2026","not_estimated","not_estimated"
"R_S_2026_781","Council_SG_report","2026","2026-10-01","MINURSO_SAHARA","S/2026/781","not_applicable","not_applicable","https://main.un.org/securitycouncil/en/content/reports-submitted-transmitted-secretary-general-security-council-2026","https://docs.un.org/en/S/2026/781","annual_index_report_title_and_symbol","distinct_SG_report_document","not_tested","2026_index_asof_snapshot_for_2026","not_estimated","not_estimated"
"R_S_2026_782","Council_SG_report","2026","2026-10-01","MONUSCO","S/2026/782","not_applicable","not_applicable","https://main.un.org/securitycouncil/en/content/reports-submitted-transmitted-secretary-general-security-council-2026","https://docs.un.org/en/S/2026/782","annual_index_report_title_and_symbol","distinct_SG_report_document","not_tested","2026_index_asof_snapshot_for_2026","not_estimated","not_estimated"
"M_S_PV.9830","Council_meeting_record_variant","2025","2025-01-03","OTHER_COUNCIL_AGENDA","S/PV.9830","S/PV.9830","not_applicable","https://ydsftksff8.execute-api.us-east-1.amazonaws.com/dev/render_meeting/scmeetings_2025/EN","https://docs.un.org/S/PV.9830","official_meeting_index_entry","Council_meeting_legal_record","not_inferred","2026_index_asof_snapshot_for_2026","not_estimated","not_estimated"
"M_S_PV.9831","Council_meeting_record_variant","2025","2025-01-06","OTHER_COUNCIL_AGENDA","S/PV.9831","S/PV.9831","not_applicable","https://ydsftksff8.execute-api.us-east-1.amazonaws.com/dev/render_meeting/scmeetings_2025/EN","https://docs.un.org/S/PV.9831","official_meeting_index_entry","Council_meeting_legal_record","not_inferred","2026_index_asof_snapshot_for_2026","not_estimated","not_estimated"
"M_S_PV.9832","Council_meeting_record_variant","2025","2025-01-08","OTHER_COUNCIL_AGENDA","S/PV.9832","S/PV.9832","not_applicable","https://ydsftksff8.execute-api.us-east-1.amazonaws.com/dev/render_meeting/scmeetings_2025/EN","https://docs.un.org/S/PV.9832","official_meeting_index_entry","Council_meeting_legal_record","not_inferred","2026_index_asof_snapshot_for_2026","not_estimated","not_estimated"
"M_S_PV.9833","Council_meeting_record_variant","2025","2025-01-08","OTHER_COUNCIL_AGENDA","S/PV.9833","S/PV.9833","not_applicable","https://ydsftksff8.execute-api.us-east-1.amazonaws.com/dev/render_meeting/scmeetings_2025/EN","https://docs.un.org/S/PV.9833","official_meeting_index_entry","Council_meeting_legal_record","not_inferred","2026_index_asof_snapshot_for_2026","not_estimated","not_estimated"
"M_S_PV.9834","Council_meeting_record_variant","2025","2025-01-14","OTHER_COUNCIL_AGENDA","S/PV.9834","S/PV.9834","not_applicable","https://ydsftksff8.execute-api.us-east-1.amazonaws.com/dev/render_meeting/scmeetings_2025/EN","https://docs.un.org/S/PV.9834","official_meeting_index_entry","Council_meeting_legal_record","not_inferred","2026_index_asof_snapshot_for_2026","not_estimated","not_estimated"
"M_S_PV.9835","Council_meeting_record_variant","2025","2025-01-15","OTHER_COUNCIL_AGENDA","S/PV.9835","S/PV.9835","not_applicable","https://ydsftksff8.execute-api.us-east-1.amazonaws.com/dev/render_meeting/scmeetings_2025/EN","https://docs.un.org/S/PV.9835","official_meeting_index_entry","Council_meeting_legal_record","not_inferred","2026_index_asof_snapshot_for_2026","not_estimated","not_estimated"
"M_S_PV.9836","Council_meeting_record_variant","2025","2025-01-15","OTHER_COUNCIL_AGENDA","S/PV.9836","S/PV.9836","not_applicable","https://ydsftksff8.execute-api.us-east-1.amazonaws.com/dev/render_meeting/scmeetings_2025/EN","https://docs.un.org/S/PV.9836","official_meeting_index_entry","Council_meeting_legal_record","not_inferred","2026_index_asof_snapshot_for_2026","not_estimated","not_estimated"
"M_S_PV.9837","Council_meeting_record_variant","2025","2025-01-16","OTHER_COUNCIL_AGENDA","S/PV.9837","S/PV.9837","not_applicable","https://ydsftksff8.execute-api.us-east-1.amazonaws.com/dev/render_meeting/scmeetings_2025/EN","https://docs.un.org/S/PV.9837","official_meeting_index_entry","Council_meeting_legal_record","not_inferred","2026_index_asof_snapshot_for_2026","not_estimated","not_estimated"
"M_S_PV.9838","Council_meeting_record_variant","2025","2025-01-16","UNSMIL","S/PV.9838","S/PV.9838","not_applicable","https://ydsftksff8.execute-api.us-east-1.amazonaws.com/dev/render_meeting/scmeetings_2025/EN","https://docs.un.org/S/PV.9838","official_meeting_index_entry","Council_meeting_legal_record","not_inferred","2026_index_asof_snapshot_for_2026","not_estimated","not_estimated"
"M_S_PV.9839","Council_meeting_record_variant","2025","2025-01-16","OTHER_COUNCIL_AGENDA","S/PV.9839","S/PV.9839","not_applicable","https://ydsftksff8.execute-api.us-east-1.amazonaws.com/dev/render_meeting/scmeetings_2025/EN","https://docs.un.org/S/PV.9839","official_meeting_index_entry","Council_meeting_legal_record","not_inferred","2026_index_asof_snapshot_for_2026","not_estimated","not_estimated"
"M_S_PV.9840","Council_meeting_record_variant","2025","2025-01-17","OTHER_COUNCIL_AGENDA","S/PV.9840","S/PV.9840","not_applicable","https://ydsftksff8.execute-api.us-east-1.amazonaws.com/dev/render_meeting/scmeetings_2025/EN","https://docs.un.org/S/PV.9840","official_meeting_index_entry","Council_meeting_legal_record","not_inferred","2026_index_asof_snapshot_for_2026","not_estimated","not_estimated"
"M_S_PV.9841","Council_meeting_record_variant","2025","2025-01-20","OTHER_COUNCIL_AGENDA","S/PV.9841","S/PV.9841","not_applicable","https://ydsftksff8.execute-api.us-east-1.amazonaws.com/dev/render_meeting/scmeetings_2025/EN","https://docs.un.org/S/PV.9841","official_meeting_index_entry","Council_meeting_legal_record","not_inferred","2026_index_asof_snapshot_for_2026","not_estimated","not_estimated"
"M_S_PV.9841_Resumption_1","Council_meeting_record_variant","2025","2025-01-20","OTHER_COUNCIL_AGENDA","S/PV.9841/Resumption_1","S/PV.9841","not_applicable","https://ydsftksff8.execute-api.us-east-1.amazonaws.com/dev/render_meeting/scmeetings_2025/EN","https://undocs.org/en/S/PV.9841 (Resumption 1)","official_meeting_index_entry","Council_meeting_legal_record","not_inferred","resumption_same_base_meeting_not_extra","not_estimated","not_estimated"
"M_S_PV.9842","Council_meeting_record_variant","2025","2025-01-21","OTHER_COUNCIL_AGENDA","S/PV.9842","S/PV.9842","not_applicable","https://ydsftksff8.execute-api.us-east-1.amazonaws.com/dev/render_meeting/scmeetings_2025/EN","https://docs.un.org/S/PV.9842","official_meeting_index_entry","Council_meeting_legal_record","not_inferred","2026_index_asof_snapshot_for_2026","not_estimated","not_estimated"
"M_S_PV.9842_Resumption_1","Council_meeting_record_variant","2025","2025-01-21","OTHER_COUNCIL_AGENDA","S/PV.9842/Resumption_1","S/PV.9842","not_applicable","https://ydsftksff8.execute-api.us-east-1.amazonaws.com/dev/render_meeting/scmeetings_2025/EN","https://undocs.org/en/S/PV.9842 (Resumption 1)","official_meeting_index_entry","Council_meeting_legal_record","not_inferred","resumption_same_base_meeting_not_extra","not_estimated","not_estimated"
"M_S_PV.9843","Council_meeting_record_variant","2025","2025-01-22","COLOMBIA","S/PV.9843","S/PV.9843","not_applicable","https://ydsftksff8.execute-api.us-east-1.amazonaws.com/dev/render_meeting/scmeetings_2025/EN","https://docs.un.org/S/PV.9843","official_meeting_index_entry","Council_meeting_legal_record","not_inferred","2026_index_asof_snapshot_for_2026","not_estimated","not_estimated"
"M_S_PV.9844","Council_meeting_record_variant","2025","2025-01-22","BINUH","S/PV.9844","S/PV.9844","not_applicable","https://ydsftksff8.execute-api.us-east-1.amazonaws.com/dev/render_meeting/scmeetings_2025/EN","https://docs.un.org/S/PV.9844","official_meeting_index_entry","Council_meeting_legal_record","not_inferred","2026_index_asof_snapshot_for_2026","not_estimated","not_estimated"
"M_S_PV.9845","Council_meeting_record_variant","2025","2025-01-23","OTHER_COUNCIL_AGENDA","S/PV.9845","S/PV.9845","not_applicable","https://ydsftksff8.execute-api.us-east-1.amazonaws.com/dev/render_meeting/scmeetings_2025/EN","https://docs.un.org/S/PV.9845","official_meeting_index_entry","Council_meeting_legal_record","not_inferred","2026_index_asof_snapshot_for_2026","not_estimated","not_estimated"
"M_S_PV.9846","Council_meeting_record_variant","2025","2025-01-23","OTHER_COUNCIL_AGENDA","S/PV.9846","S/PV.9846","not_applicable","https://ydsftksff8.execute-api.us-east-1.amazonaws.com/dev/render_meeting/scmeetings_2025/EN","https://docs.un.org/S/PV.9846","official_meeting_index_entry","Council_meeting_legal_record","not_inferred","2026_index_asof_snapshot_for_2026","not_estimated","not_estimated"
"M_S_PV.9841_Resumption_2","Council_meeting_record_variant","2025","2025-01-24","OTHER_COUNCIL_AGENDA","S/PV.9841/Resumption_2","S/PV.9841","not_applicable","https://ydsftksff8.execute-api.us-east-1.amazonaws.com/dev/render_meeting/scmeetings_2025/EN","https://undocs.org/en/S/PV.9841 (Resumption 2)","official_meeting_index_entry","Council_meeting_legal_record","not_inferred","resumption_same_base_meeting_not_extra","not_estimated","not_estimated"
"M_S_PV.9842_Resumption_2","Council_meeting_record_variant","2025","2025-01-24","OTHER_COUNCIL_AGENDA","S/PV.9842/Resumption_2","S/PV.9842","not_applicable","https://ydsftksff8.execute-api.us-east-1.amazonaws.com/dev/render_meeting/scmeetings_2025/EN","https://undocs.org/en/S/PV.9842 (Resumption 2)","official_meeting_index_entry","Council_meeting_legal_record","not_inferred","resumption_same_base_meeting_not_extra","not_estimated","not_estimated"
"M_S_PV.9847","Council_meeting_record_variant","2025","2025-01-24","OTHER_COUNCIL_AGENDA","S/PV.9847","S/PV.9847","not_applicable","https://ydsftksff8.execute-api.us-east-1.amazonaws.com/dev/render_meeting/scmeetings_2025/EN","https://docs.un.org/S/PV.9847","official_meeting_index_entry","Council_meeting_legal_record","not_inferred","2026_index_asof_snapshot_for_2026","not_estimated","not_estimated"
"M_S_PV.9848","Council_meeting_record_variant","2025","2025-01-24","OTHER_COUNCIL_AGENDA","S/PV.9848","S/PV.9848","not_applicable","https://ydsftksff8.execute-api.us-east-1.amazonaws.com/dev/render_meeting/scmeetings_2025/EN","https://docs.un.org/S/PV.9848","official_meeting_index_entry","Council_meeting_legal_record","not_inferred","2026_index_asof_snapshot_for_2026","not_estimated","not_estimated"
"M_S_PV.9849","Council_meeting_record_variant","2025","2025-01-26","MONUSCO","S/PV.9849","S/PV.9849","not_applicable","https://ydsftksff8.execute-api.us-east-1.amazonaws.com/dev/render_meeting/scmeetings_2025/EN","https://docs.un.org/S/PV.9849","official_meeting_index_entry","Council_meeting_legal_record","not_inferred","2026_index_asof_snapshot_for_2026","not_estimated","not_estimated"
"M_S_PV.9850","Council_meeting_record_variant","2025","2025-01-27","OTHER_COUNCIL_AGENDA","S/PV.9850","S/PV.9850","not_applicable","https://ydsftksff8.execute-api.us-east-1.amazonaws.com/dev/render_meeting/scmeetings_2025/EN","https://docs.un.org/S/PV.9850","official_meeting_index_entry","Council_meeting_legal_record","not_inferred","2026_index_asof_snapshot_for_2026","not_estimated","not_estimated"
"M_S_PV.9851","Council_meeting_record_variant","2025","2025-01-27","UNMISS","S/PV.9851","S/PV.9851","not_applicable","https://ydsftksff8.execute-api.us-east-1.amazonaws.com/dev/render_meeting/scmeetings_2025/EN","https://docs.un.org/S/PV.9851","official_meeting_index_entry","Council_meeting_legal_record","not_inferred","2026_index_asof_snapshot_for_2026","not_estimated","not_estimated"
"M_S_PV.9852","Council_meeting_record_variant","2025","2025-01-28","OTHER_COUNCIL_AGENDA","S/PV.9852","S/PV.9852","not_applicable","https://ydsftksff8.execute-api.us-east-1.amazonaws.com/dev/render_meeting/scmeetings_2025/EN","https://docs.un.org/S/PV.9852","official_meeting_index_entry","Council_meeting_legal_record","not_inferred","2026_index_asof_snapshot_for_2026","not_estimated","not_estimated"
"M_S_PV.9852_Resumption_1","Council_meeting_record_variant","2025","2025-01-28","OTHER_COUNCIL_AGENDA","S/PV.9852/Resumption_1","S/PV.9852","not_applicable","https://ydsftksff8.execute-api.us-east-1.amazonaws.com/dev/render_meeting/scmeetings_2025/EN","https://undocs.org/en/S/PV.9852 (Resumption 1)","official_meeting_index_entry","Council_meeting_legal_record","not_inferred","resumption_same_base_meeting_not_extra","not_estimated","not_estimated"
"M_S_PV.9853","Council_meeting_record_variant","2025","2025-01-28","MONUSCO","S/PV.9853","S/PV.9853","not_applicable","https://ydsftksff8.execute-api.us-east-1.amazonaws.com/dev/render_meeting/scmeetings_2025/EN","https://docs.un.org/S/PV.9853","official_meeting_index_entry","Council_meeting_legal_record","not_inferred","2026_index_asof_snapshot_for_2026","not_estimated","not_estimated"
"M_S_PV.9854","Council_meeting_record_variant","2025","2025-01-31","UNFICYP_CYPRUS","S/PV.9854","S/PV.9854","not_applicable","https://ydsftksff8.execute-api.us-east-1.amazonaws.com/dev/render_meeting/scmeetings_2025/EN","https://docs.un.org/S/PV.9854","official_meeting_index_entry","Council_meeting_legal_record","not_inferred","2026_index_asof_snapshot_for_2026","not_estimated","not_estimated"
"M_S_PV.9855","Council_meeting_record_variant","2025","2025-02-05","UNMISS","S/PV.9855","S/PV.9855","not_applicable","https://ydsftksff8.execute-api.us-east-1.amazonaws.com/dev/render_meeting/scmeetings_2025/EN","https://docs.un.org/S/PV.9855","official_meeting_index_entry","Council_meeting_legal_record","not_inferred","2026_index_asof_snapshot_for_2026","not_estimated","not_estimated"
"M_S_PV.9856","Council_meeting_record_variant","2025","2025-02-10","COUNTERTERRORISM","S/PV.9856","S/PV.9856","not_applicable","https://ydsftksff8.execute-api.us-east-1.amazonaws.com/dev/render_meeting/scmeetings_2025/EN","https://docs.un.org/S/PV.9856","official_meeting_index_entry","Council_meeting_legal_record","not_inferred","2026_index_asof_snapshot_for_2026","not_estimated","not_estimated"
"M_S_PV.9857","Council_meeting_record_variant","2025","2025-02-12","OTHER_COUNCIL_AGENDA","S/PV.9857","S/PV.9857","not_applicable","https://ydsftksff8.execute-api.us-east-1.amazonaws.com/dev/render_meeting/scmeetings_2025/EN","https://docs.un.org/S/PV.9857","official_meeting_index_entry","Council_meeting_legal_record","not_inferred","2026_index_asof_snapshot_for_2026","not_estimated","not_estimated"
"M_S_PV.9858","Council_meeting_record_variant","2025","2025-02-13","OTHER_COUNCIL_AGENDA","S/PV.9858","S/PV.9858","not_applicable","https://ydsftksff8.execute-api.us-east-1.amazonaws.com/dev/render_meeting/scmeetings_2025/EN","https://docs.un.org/S/PV.9858","official_meeting_index_entry","Council_meeting_legal_record","not_inferred","2026_index_asof_snapshot_for_2026","not_estimated","not_estimated"
"M_S_PV.9859","Council_meeting_record_variant","2025","2025-02-17","OTHER_COUNCIL_AGENDA","S/PV.9859","S/PV.9859","not_applicable","https://ydsftksff8.execute-api.us-east-1.amazonaws.com/dev/render_meeting/scmeetings_2025/EN","https://docs.un.org/S/PV.9859","official_meeting_index_entry","Council_meeting_legal_record","not_inferred","2026_index_asof_snapshot_for_2026","not_estimated","not_estimated"
"M_S_PV.9860","Council_meeting_record_variant","2025","2025-02-17","UNMISS","S/PV.9860","S/PV.9860","not_applicable","https://ydsftksff8.execute-api.us-east-1.amazonaws.com/dev/render_meeting/scmeetings_2025/EN","https://docs.un.org/S/PV.9860","official_meeting_index_entry","Council_meeting_legal_record","not_inferred","2026_index_asof_snapshot_for_2026","not_estimated","not_estimated"
"M_S_PV.9861","Council_meeting_record_variant","2025","2025-02-18","OTHER_COUNCIL_AGENDA","S/PV.9861","S/PV.9861","not_applicable","https://ydsftksff8.execute-api.us-east-1.amazonaws.com/dev/render_meeting/scmeetings_2025/EN","https://docs.un.org/S/PV.9861","official_meeting_index_entry","Council_meeting_legal_record","not_inferred","2026_index_asof_snapshot_for_2026","not_estimated","not_estimated"
"M_S_PV.9861_Resumption_1","Council_meeting_record_variant","2025","2025-02-18","OTHER_COUNCIL_AGENDA","S/PV.9861/Resumption_1","S/PV.9861","not_applicable","https://ydsftksff8.execute-api.us-east-1.amazonaws.com/dev/render_meeting/scmeetings_2025/EN","https://undocs.org/en/S/PV.9861 (Resumption 1)","official_meeting_index_entry","Council_meeting_legal_record","not_inferred","resumption_same_base_meeting_not_extra","not_estimated","not_estimated"
"M_S_PV.9862","Council_meeting_record_variant","2025","2025-02-19","UNSMIL","S/PV.9862","S/PV.9862","not_applicable","https://ydsftksff8.execute-api.us-east-1.amazonaws.com/dev/render_meeting/scmeetings_2025/EN","https://docs.un.org/S/PV.9862","official_meeting_index_entry","Council_meeting_legal_record","not_inferred","2026_index_asof_snapshot_for_2026","not_estimated","not_estimated"
"M_S_PV.9863","Council_meeting_record_variant","2025","2025-02-19","MONUSCO","S/PV.9863","S/PV.9863","not_applicable","https://ydsftksff8.execute-api.us-east-1.amazonaws.com/dev/render_meeting/scmeetings_2025/EN","https://docs.un.org/S/PV.9863","official_meeting_index_entry","Council_meeting_legal_record","not_inferred","2026_index_asof_snapshot_for_2026","not_estimated","not_estimated"
"M_S_PV.9861_Resumption_2","Council_meeting_record_variant","2025","2025-02-20","OTHER_COUNCIL_AGENDA","S/PV.9861/Resumption_2","S/PV.9861","not_applicable","https://ydsftksff8.execute-api.us-east-1.amazonaws.com/dev/render_meeting/scmeetings_2025/EN","https://undocs.org/en/S/PV.9861 (Resumption 2)","official_meeting_index_entry","Council_meeting_legal_record","not_inferred","resumption_same_base_meeting_not_extra","not_estimated","not_estimated"
"M_S_PV.9864","Council_meeting_record_variant","2025","2025-02-20","MINUSCA","S/PV.9864","S/PV.9864","not_applicable","https://ydsftksff8.execute-api.us-east-1.amazonaws.com/dev/render_meeting/scmeetings_2025/EN","https://docs.un.org/S/PV.9864","official_meeting_index_entry","Council_meeting_legal_record","not_inferred","2026_index_asof_snapshot_for_2026","not_estimated","not_estimated"
"M_S_PV.9865","Council_meeting_record_variant","2025","2025-02-21","MONUSCO","S/PV.9865","S/PV.9865","not_applicable","https://ydsftksff8.execute-api.us-east-1.amazonaws.com/dev/render_meeting/scmeetings_2025/EN","https://docs.un.org/S/PV.9865","official_meeting_index_entry","Council_meeting_legal_record","not_inferred","2026_index_asof_snapshot_for_2026","not_estimated","not_estimated"
"M_S_PV.9866","Council_meeting_record_variant","2025","2025-02-24","OTHER_COUNCIL_AGENDA","S/PV.9866","S/PV.9866","not_applicable","https://ydsftksff8.execute-api.us-east-1.amazonaws.com/dev/render_meeting/scmeetings_2025/EN","https://docs.un.org/S/PV.9866","official_meeting_index_entry","Council_meeting_legal_record","not_inferred","2026_index_asof_snapshot_for_2026","not_estimated","not_estimated"
"M_S_PV.9867","Council_meeting_record_variant","2025","2025-02-24","OTHER_COUNCIL_AGENDA","S/PV.9867","S/PV.9867","not_applicable","https://ydsftksff8.execute-api.us-east-1.amazonaws.com/dev/render_meeting/scmeetings_2025/EN","https://docs.un.org/S/PV.9867","official_meeting_index_entry","Council_meeting_legal_record","not_inferred","2026_index_asof_snapshot_for_2026","not_estimated","not_estimated"
"M_S_PV.9868","Council_meeting_record_variant","2025","2025-02-25","OTHER_COUNCIL_AGENDA","S/PV.9868","S/PV.9868","not_applicable","https://ydsftksff8.execute-api.us-east-1.amazonaws.com/dev/render_meeting/scmeetings_2025/EN","https://docs.un.org/S/PV.9868","official_meeting_index_entry","Council_meeting_legal_record","not_inferred","2026_index_asof_snapshot_for_2026","not_estimated","not_estimated"
"M_S_PV.9869","Council_meeting_record_variant","2025","2025-02-26","UNMISS","S/PV.9869","S/PV.9869","not_applicable","https://ydsftksff8.execute-api.us-east-1.amazonaws.com/dev/render_meeting/scmeetings_2025/EN","https://docs.un.org/S/PV.9869","official_meeting_index_entry","Council_meeting_legal_record","not_inferred","2026_index_asof_snapshot_for_2026","not_estimated","not_estimated"
"M_S_PV.9870","Council_meeting_record_variant","2025","2025-02-27","CROSS_CUTTING_PEACE_OPERATIONS","S/PV.9870","S/PV.9870","not_applicable","https://ydsftksff8.execute-api.us-east-1.amazonaws.com/dev/render_meeting/scmeetings_2025/EN","https://docs.un.org/S/PV.9870","official_meeting_index_entry","Council_meeting_legal_record","not_inferred","2026_index_asof_snapshot_for_2026","not_estimated","not_estimated"
"M_S_PV.9871","Council_meeting_record_variant","2025","2025-02-28","OTHER_COUNCIL_AGENDA","S/PV.9871","S/PV.9871","not_applicable","https://ydsftksff8.execute-api.us-east-1.amazonaws.com/dev/render_meeting/scmeetings_2025/EN","https://docs.un.org/S/PV.9871","official_meeting_index_entry","Council_meeting_legal_record","not_inferred","2026_index_asof_snapshot_for_2026","not_estimated","not_estimated"
"M_S_PV.9872","Council_meeting_record_variant","2025","2025-03-03","OTHER_COUNCIL_AGENDA","S/PV.9872","S/PV.9872","not_applicable","https://ydsftksff8.execute-api.us-east-1.amazonaws.com/dev/render_meeting/scmeetings_2025/EN","https://docs.un.org/S/PV.9872","official_meeting_index_entry","Council_meeting_legal_record","not_inferred","2026_index_asof_snapshot_for_2026","not_estimated","not_estimated"
"M_S_PV.9873","Council_meeting_record_variant","2025","2025-03-06","OTHER_COUNCIL_AGENDA","S/PV.9873","S/PV.9873","not_applicable","https://ydsftksff8.execute-api.us-east-1.amazonaws.com/dev/render_meeting/scmeetings_2025/EN","https://docs.un.org/S/PV.9873","official_meeting_index_entry","Council_meeting_legal_record","not_inferred","2026_index_asof_snapshot_for_2026","not_estimated","not_estimated"
"M_S_PV.9874","Council_meeting_record_variant","2025","2025-03-07","OTHER_COUNCIL_AGENDA","S/PV.9874","S/PV.9874","not_applicable","https://ydsftksff8.execute-api.us-east-1.amazonaws.com/dev/render_meeting/scmeetings_2025/EN","https://docs.un.org/S/PV.9874","official_meeting_index_entry","Council_meeting_legal_record","not_inferred","2026_index_asof_snapshot_for_2026","not_estimated","not_estimated"
"M_S_PV.9875","Council_meeting_record_variant","2025","2025-03-10","UNAMA","S/PV.9875","S/PV.9875","not_applicable","https://ydsftksff8.execute-api.us-east-1.amazonaws.com/dev/render_meeting/scmeetings_2025/EN","https://docs.un.org/S/PV.9875","official_meeting_index_entry","Council_meeting_legal_record","not_inferred","2026_index_asof_snapshot_for_2026","not_estimated","not_estimated"
"M_S_PV.9876","Council_meeting_record_variant","2025","2025-03-11","OTHER_COUNCIL_AGENDA","S/PV.9876","S/PV.9876","not_applicable","https://ydsftksff8.execute-api.us-east-1.amazonaws.com/dev/render_meeting/scmeetings_2025/EN","https://docs.un.org/S/PV.9876","official_meeting_index_entry","Council_meeting_legal_record","not_inferred","2026_index_asof_snapshot_for_2026","not_estimated","not_estimated"
"M_S_PV.9877","Council_meeting_record_variant","2025","2025-03-12","OTHER_COUNCIL_AGENDA","S/PV.9877","S/PV.9877","not_applicable","https://ydsftksff8.execute-api.us-east-1.amazonaws.com/dev/render_meeting/scmeetings_2025/EN","https://undocs.org/en/S/PV.9877","official_meeting_index_entry","Council_meeting_legal_record","not_inferred","2026_index_asof_snapshot_for_2026","not_estimated","not_estimated"
"M_S_PV.9878","Council_meeting_record_variant","2025","2025-03-13","UNMISS","S/PV.9878","S/PV.9878","not_applicable","https://ydsftksff8.execute-api.us-east-1.amazonaws.com/dev/render_meeting/scmeetings_2025/EN","https://docs.un.org/S/PV.9878","official_meeting_index_entry","Council_meeting_legal_record","not_inferred","2026_index_asof_snapshot_for_2026","not_estimated","not_estimated"
"M_S_PV.9879","Council_meeting_record_variant","2025","2025-03-14","OTHER_COUNCIL_AGENDA","S/PV.9879","S/PV.9879","not_applicable","https://ydsftksff8.execute-api.us-east-1.amazonaws.com/dev/render_meeting/scmeetings_2025/EN","https://docs.un.org/S/PV.9879","official_meeting_index_entry","Council_meeting_legal_record","not_inferred","2026_index_asof_snapshot_for_2026","not_estimated","not_estimated"
"M_S_PV.9880","Council_meeting_record_variant","2025","2025-03-17","UNAMA","S/PV.9880","S/PV.9880","not_applicable","https://ydsftksff8.execute-api.us-east-1.amazonaws.com/dev/render_meeting/scmeetings_2025/EN","https://docs.un.org/S/PV.9880","official_meeting_index_entry","Council_meeting_legal_record","not_inferred","2026_index_asof_snapshot_for_2026","not_estimated","not_estimated"
"M_S_PV.9881","Council_meeting_record_variant","2025","2025-03-18","OTHER_COUNCIL_AGENDA","S/PV.9881","S/PV.9881","not_applicable","https://ydsftksff8.execute-api.us-east-1.amazonaws.com/dev/render_meeting/scmeetings_2025/EN","https://docs.un.org/S/PV.9881","official_meeting_index_entry","Council_meeting_legal_record","not_inferred","2026_index_asof_snapshot_for_2026","not_estimated","not_estimated"
"M_S_PV.9882","Council_meeting_record_variant","2025","2025-03-20","OTHER_COUNCIL_AGENDA","S/PV.9882","S/PV.9882","not_applicable","https://ydsftksff8.execute-api.us-east-1.amazonaws.com/dev/render_meeting/scmeetings_2025/EN","https://docs.un.org/S/PV.9882","official_meeting_index_entry","Council_meeting_legal_record","not_inferred","2026_index_asof_snapshot_for_2026","not_estimated","not_estimated"
"M_S_PV.9883","Council_meeting_record_variant","2025","2025-03-21","OTHER_COUNCIL_AGENDA","S/PV.9883","S/PV.9883","not_applicable","https://ydsftksff8.execute-api.us-east-1.amazonaws.com/dev/render_meeting/scmeetings_2025/EN","https://docs.un.org/S/PV.9883","official_meeting_index_entry","Council_meeting_legal_record","not_inferred","2026_index_asof_snapshot_for_2026","not_estimated","not_estimated"
"M_S_PV.9884","Council_meeting_record_variant","2025","2025-03-24","OTHER_COUNCIL_AGENDA","S/PV.9884","S/PV.9884","not_applicable","https://ydsftksff8.execute-api.us-east-1.amazonaws.com/dev/render_meeting/scmeetings_2025/EN","https://docs.un.org/S/PV.9884","official_meeting_index_entry","Council_meeting_legal_record","not_inferred","2026_index_asof_snapshot_for_2026","not_estimated","not_estimated"
"M_S_PV.9884_Resumption_1","Council_meeting_record_variant","2025","2025-03-24","OTHER_COUNCIL_AGENDA","S/PV.9884/Resumption_1","S/PV.9884","not_applicable","https://ydsftksff8.execute-api.us-east-1.amazonaws.com/dev/render_meeting/scmeetings_2025/EN","https://undocs.org/en/S/PV.9884 (Resumption 1)","official_meeting_index_entry","Council_meeting_legal_record","not_inferred","resumption_same_base_meeting_not_extra","not_estimated","not_estimated"
"M_S_PV.9884_Resumption_2","Council_meeting_record_variant","2025","2025-03-25","OTHER_COUNCIL_AGENDA","S/PV.9884/Resumption_2","S/PV.9884","not_applicable","https://ydsftksff8.execute-api.us-east-1.amazonaws.com/dev/render_meeting/scmeetings_2025/EN","https://undocs.org/en/S/PV.9884 (Resumption 2)","official_meeting_index_entry","Council_meeting_legal_record","not_inferred","resumption_same_base_meeting_not_extra","not_estimated","not_estimated"
"M_S_PV.9885","Council_meeting_record_variant","2025","2025-03-25","OTHER_COUNCIL_AGENDA","S/PV.9885","S/PV.9885","not_applicable","https://ydsftksff8.execute-api.us-east-1.amazonaws.com/dev/render_meeting/scmeetings_2025/EN","https://docs.un.org/S/PV.9885","official_meeting_index_entry","Council_meeting_legal_record","not_inferred","2026_index_asof_snapshot_for_2026","not_estimated","not_estimated"
"M_S_PV.9886","Council_meeting_record_variant","2025","2025-03-26","OTHER_COUNCIL_AGENDA","S/PV.9886","S/PV.9886","not_applicable","https://ydsftksff8.execute-api.us-east-1.amazonaws.com/dev/render_meeting/scmeetings_2025/EN","https://docs.un.org/S/PV.9886","official_meeting_index_entry","Council_meeting_legal_record","not_inferred","2026_index_asof_snapshot_for_2026","not_estimated","not_estimated"
"M_S_PV.9887","Council_meeting_record_variant","2025","2025-03-27","MONUSCO","S/PV.9887","S/PV.9887","not_applicable","https://ydsftksff8.execute-api.us-east-1.amazonaws.com/dev/render_meeting/scmeetings_2025/EN","https://docs.un.org/S/PV.9887","official_meeting_index_entry","Council_meeting_legal_record","not_inferred","2026_index_asof_snapshot_for_2026","not_estimated","not_estimated"
"M_S_PV.9888","Council_meeting_record_variant","2025","2025-03-28","OTHER_COUNCIL_AGENDA","S/PV.9888","S/PV.9888","not_applicable","https://ydsftksff8.execute-api.us-east-1.amazonaws.com/dev/render_meeting/scmeetings_2025/EN","https://undocs.org/en/S/PV.9888","official_meeting_index_entry","Council_meeting_legal_record","not_inferred","2026_index_asof_snapshot_for_2026","not_estimated","not_estimated"
"M_S_PV.9889","Council_meeting_record_variant","2025","2025-04-02","OTHER_COUNCIL_AGENDA","S/PV.9889","S/PV.9889","not_applicable","https://ydsftksff8.execute-api.us-east-1.amazonaws.com/dev/render_meeting/scmeetings_2025/EN","https://docs.un.org/S/PV.9889","official_meeting_index_entry","Council_meeting_legal_record","not_inferred","2026_index_asof_snapshot_for_2026","not_estimated","not_estimated"
"M_S_PV.9890","Council_meeting_record_variant","2025","2025-04-03","UNOWAS","S/PV.9890","S/PV.9890","not_applicable","https://ydsftksff8.execute-api.us-east-1.amazonaws.com/dev/render_meeting/scmeetings_2025/EN","https://docs.un.org/S/PV.9890","official_meeting_index_entry","Council_meeting_legal_record","not_inferred","2026_index_asof_snapshot_for_2026","not_estimated","not_estimated"
"M_S_PV.9891","Council_meeting_record_variant","2025","2025-04-03","OTHER_COUNCIL_AGENDA","S/PV.9891","S/PV.9891","not_applicable","https://ydsftksff8.execute-api.us-east-1.amazonaws.com/dev/render_meeting/scmeetings_2025/EN","https://docs.un.org/S/PV.9891","official_meeting_index_entry","Council_meeting_legal_record","not_inferred","2026_index_asof_snapshot_for_2026","not_estimated","not_estimated"
"M_S_PV.9892","Council_meeting_record_variant","2025","2025-04-07","CROSS_CUTTING_PEACE_OPERATIONS","S/PV.9892","S/PV.9892","not_applicable","https://ydsftksff8.execute-api.us-east-1.amazonaws.com/dev/render_meeting/scmeetings_2025/EN","https://docs.un.org/S/PV.9892","official_meeting_index_entry","Council_meeting_legal_record","not_inferred","2026_index_asof_snapshot_for_2026","not_estimated","not_estimated"
"M_S_PV.9893","Council_meeting_record_variant","2025","2025-04-08","OTHER_COUNCIL_AGENDA","S/PV.9893","S/PV.9893","not_applicable","https://ydsftksff8.execute-api.us-east-1.amazonaws.com/dev/render_meeting/scmeetings_2025/EN","https://docs.un.org/S/PV.9893","official_meeting_index_entry","Council_meeting_legal_record","not_inferred","2026_index_asof_snapshot_for_2026","not_estimated","not_estimated"
"M_S_PV.9894","Council_meeting_record_variant","2025","2025-04-08","OTHER_COUNCIL_AGENDA","S/PV.9894","S/PV.9894","not_applicable","https://ydsftksff8.execute-api.us-east-1.amazonaws.com/dev/render_meeting/scmeetings_2025/EN","https://docs.un.org/S/PV.9894","official_meeting_index_entry","Council_meeting_legal_record","not_inferred","2026_index_asof_snapshot_for_2026","not_estimated","not_estimated"
"M_S_PV.9895","Council_meeting_record_variant","2025","2025-04-09","UNSOS_SOMALIA","S/PV.9895","S/PV.9895","not_applicable","https://ydsftksff8.execute-api.us-east-1.amazonaws.com/dev/render_meeting/scmeetings_2025/EN","https://undocs.org/en/S/PV.9895","official_meeting_index_entry","Council_meeting_legal_record","not_inferred","2026_index_asof_snapshot_for_2026","not_estimated","not_estimated"
"M_S_PV.9896","Council_meeting_record_variant","2025","2025-04-10","OTHER_COUNCIL_AGENDA","S/PV.9896","S/PV.9896","not_applicable","https://ydsftksff8.execute-api.us-east-1.amazonaws.com/dev/render_meeting/scmeetings_2025/EN","https://docs.un.org/S/PV.9896","official_meeting_index_entry","Council_meeting_legal_record","not_inferred","2026_index_asof_snapshot_for_2026","not_estimated","not_estimated"
"M_S_PV.9897","Council_meeting_record_variant","2025","2025-04-14","OTHER_COUNCIL_AGENDA","S/PV.9897","S/PV.9897","not_applicable","https://ydsftksff8.execute-api.us-east-1.amazonaws.com/dev/render_meeting/scmeetings_2025/EN","https://docs.un.org/S/PV.9897","official_meeting_index_entry","Council_meeting_legal_record","not_inferred","2026_index_asof_snapshot_for_2026","not_estimated","not_estimated"
"M_S_PV.9898","Council_meeting_record_variant","2025","2025-04-16","UNMISS","S/PV.9898","S/PV.9898","not_applicable","https://ydsftksff8.execute-api.us-east-1.amazonaws.com/dev/render_meeting/scmeetings_2025/EN","https://docs.un.org/S/PV.9898","official_meeting_index_entry","Council_meeting_legal_record","not_inferred","2026_index_asof_snapshot_for_2026","not_estimated","not_estimated"
"M_S_PV.9899","Council_meeting_record_variant","2025","2025-04-16","OTHER_COUNCIL_AGENDA","S/PV.9899","S/PV.9899","not_applicable","https://ydsftksff8.execute-api.us-east-1.amazonaws.com/dev/render_meeting/scmeetings_2025/EN","https://docs.un.org/S/PV.9899","official_meeting_index_entry","Council_meeting_legal_record","not_inferred","2026_index_asof_snapshot_for_2026","not_estimated","not_estimated"
"M_S_PV.9900","Council_meeting_record_variant","2025","2025-04-17","UNSMIL","S/PV.9900","S/PV.9900","not_applicable","https://ydsftksff8.execute-api.us-east-1.amazonaws.com/dev/render_meeting/scmeetings_2025/EN","https://docs.un.org/S/PV.9900","official_meeting_index_entry","Council_meeting_legal_record","not_inferred","2026_index_asof_snapshot_for_2026","not_estimated","not_estimated"
"M_S_PV.9901","Council_meeting_record_variant","2025","2025-04-17","OTHER_COUNCIL_AGENDA","S/PV.9901","S/PV.9901","not_applicable","https://ydsftksff8.execute-api.us-east-1.amazonaws.com/dev/render_meeting/scmeetings_2025/EN","https://docs.un.org/S/PV.9901","official_meeting_index_entry","Council_meeting_legal_record","not_inferred","2026_index_asof_snapshot_for_2026","not_estimated","not_estimated"
"M_S_PV.9902","Council_meeting_record_variant","2025","2025-04-21","BINUH","S/PV.9902","S/PV.9902","not_applicable","https://ydsftksff8.execute-api.us-east-1.amazonaws.com/dev/render_meeting/scmeetings_2025/EN","https://docs.un.org/S/PV.9902","official_meeting_index_entry","Council_meeting_legal_record","not_inferred","2026_index_asof_snapshot_for_2026","not_estimated","not_estimated"
"M_S_PV.9903","Council_meeting_record_variant","2025","2025-04-22","COLOMBIA","S/PV.9903","S/PV.9903","not_applicable","https://ydsftksff8.execute-api.us-east-1.amazonaws.com/dev/render_meeting/scmeetings_2025/EN","https://docs.un.org/S/PV.9903","official_meeting_index_entry","Council_meeting_legal_record","not_inferred","2026_index_asof_snapshot_for_2026","not_estimated","not_estimated"
"M_S_PV.9904","Council_meeting_record_variant","2025","2025-04-25","OTHER_COUNCIL_AGENDA","S/PV.9904","S/PV.9904","not_applicable","https://ydsftksff8.execute-api.us-east-1.amazonaws.com/dev/render_meeting/scmeetings_2025/EN","https://docs.un.org/S/PV.9904","official_meeting_index_entry","Council_meeting_legal_record","not_inferred","2026_index_asof_snapshot_for_2026","not_estimated","not_estimated"
"M_S_PV.9905","Council_meeting_record_variant","2025","2025-04-28","OTHER_COUNCIL_AGENDA","S/PV.9905","S/PV.9905","not_applicable","https://ydsftksff8.execute-api.us-east-1.amazonaws.com/dev/render_meeting/scmeetings_2025/EN","https://docs.un.org/S/PV.9905","official_meeting_index_entry","Council_meeting_legal_record","not_inferred","2026_index_asof_snapshot_for_2026","not_estimated","not_estimated"
"M_S_PV.9906","Council_meeting_record_variant","2025","2025-04-28","OTHER_COUNCIL_AGENDA","S/PV.9906","S/PV.9906","not_applicable","https://ydsftksff8.execute-api.us-east-1.amazonaws.com/dev/render_meeting/scmeetings_2025/EN","https://docs.un.org/S/PV.9906","official_meeting_index_entry","Council_meeting_legal_record","not_inferred","2026_index_asof_snapshot_for_2026","not_estimated","not_estimated"
"M_S_PV.9907","Council_meeting_record_variant","2025","2025-04-29","OTHER_COUNCIL_AGENDA","S/PV.9907","S/PV.9907","not_applicable","https://ydsftksff8.execute-api.us-east-1.amazonaws.com/dev/render_meeting/scmeetings_2025/EN","https://docs.un.org/S/PV.9907","official_meeting_index_entry","Council_meeting_legal_record","not_inferred","2026_index_asof_snapshot_for_2026","not_estimated","not_estimated"
"M_S_PV.9907_Resumption_1","Council_meeting_record_variant","2025","2025-04-29","OTHER_COUNCIL_AGENDA","S/PV.9907/Resumption_1","S/PV.9907","not_applicable","https://ydsftksff8.execute-api.us-east-1.amazonaws.com/dev/render_meeting/scmeetings_2025/EN","https://undocs.org/en/S/PV.9907 (Resumption 1)","official_meeting_index_entry","Council_meeting_legal_record","not_inferred","resumption_same_base_meeting_not_extra","not_estimated","not_estimated"
"M_S_PV.9908","Council_meeting_record_variant","2025","2025-04-29","OTHER_COUNCIL_AGENDA","S/PV.9908","S/PV.9908","not_applicable","https://ydsftksff8.execute-api.us-east-1.amazonaws.com/dev/render_meeting/scmeetings_2025/EN","https://docs.un.org/S/PV.9908","official_meeting_index_entry","Council_meeting_legal_record","not_inferred","2026_index_asof_snapshot_for_2026","not_estimated","not_estimated"
"M_S_PV.9907_Resumption_2","Council_meeting_record_variant","2025","2025-04-30","OTHER_COUNCIL_AGENDA","S/PV.9907/Resumption_2","S/PV.9907","not_applicable","https://ydsftksff8.execute-api.us-east-1.amazonaws.com/dev/render_meeting/scmeetings_2025/EN","https://undocs.org/en/S/PV.9907 (Resumption 2)","official_meeting_index_entry","Council_meeting_legal_record","not_inferred","resumption_same_base_meeting_not_extra","not_estimated","not_estimated"
"M_S_PV.9908_Resumption_1","Council_meeting_record_variant","2025","2025-04-30","OTHER_COUNCIL_AGENDA","S/PV.9908/Resumption_1","S/PV.9908","not_applicable","https://ydsftksff8.execute-api.us-east-1.amazonaws.com/dev/render_meeting/scmeetings_2025/EN","https://undocs.org/en/S/PV.9908 (Resumption 1)","official_meeting_index_entry","Council_meeting_legal_record","not_inferred","resumption_same_base_meeting_not_extra","not_estimated","not_estimated"
"M_S_PV.9909","Council_meeting_record_variant","2025","2025-04-30","UNMISS","S/PV.9909","S/PV.9909","not_applicable","https://ydsftksff8.execute-api.us-east-1.amazonaws.com/dev/render_meeting/scmeetings_2025/EN","https://docs.un.org/S/PV.9909","official_meeting_index_entry","Council_meeting_legal_record","not_inferred","2026_index_asof_snapshot_for_2026","not_estimated","not_estimated"
"M_S_PV.9910","Council_meeting_record_variant","2025","2025-04-30","OTHER_COUNCIL_AGENDA","S/PV.9910","S/PV.9910","not_applicable","https://ydsftksff8.execute-api.us-east-1.amazonaws.com/dev/render_meeting/scmeetings_2025/EN","https://docs.un.org/S/PV.9910","official_meeting_index_entry","Council_meeting_legal_record","not_inferred","2026_index_asof_snapshot_for_2026","not_estimated","not_estimated"
"M_S_PV.9911","Council_meeting_record_variant","2025","2025-05-06","OTHER_COUNCIL_AGENDA","S/PV.9911","S/PV.9911","not_applicable","https://ydsftksff8.execute-api.us-east-1.amazonaws.com/dev/render_meeting/scmeetings_2025/EN","https://docs.un.org/S/PV.9911","official_meeting_index_entry","Council_meeting_legal_record","not_inferred","2026_index_asof_snapshot_for_2026","not_estimated","not_estimated"
"M_S_PV.9912","Council_meeting_record_variant","2025","2025-05-07","OTHER_COUNCIL_AGENDA","S/PV.9912","S/PV.9912","not_applicable","https://ydsftksff8.execute-api.us-east-1.amazonaws.com/dev/render_meeting/scmeetings_2025/EN","https://docs.un.org/S/PV.9912","official_meeting_index_entry","Council_meeting_legal_record","not_inferred","2026_index_asof_snapshot_for_2026","not_estimated","not_estimated"
"M_S_PV.9913","Council_meeting_record_variant","2025","2025-05-08","UNMISS","S/PV.9913","S/PV.9913","not_applicable","https://ydsftksff8.execute-api.us-east-1.amazonaws.com/dev/render_meeting/scmeetings_2025/EN","https://docs.un.org/S/PV.9913","official_meeting_index_entry","Council_meeting_legal_record","not_inferred","2026_index_asof_snapshot_for_2026","not_estimated","not_estimated"
"M_S_PV.9914","Council_meeting_record_variant","2025","2025-05-13","OTHER_COUNCIL_AGENDA","S/PV.9914","S/PV.9914","not_applicable","https://ydsftksff8.execute-api.us-east-1.amazonaws.com/dev/render_meeting/scmeetings_2025/EN","https://docs.un.org/S/PV.9914","official_meeting_index_entry","Council_meeting_legal_record","not_inferred","2026_index_asof_snapshot_for_2026","not_estimated","not_estimated"
"M_S_PV.9915","Council_meeting_record_variant","2025","2025-05-14","OTHER_COUNCIL_AGENDA","S/PV.9915","S/PV.9915","not_applicable","https://ydsftksff8.execute-api.us-east-1.amazonaws.com/dev/render_meeting/scmeetings_2025/EN","https://docs.un.org/S/PV.9915","official_meeting_index_entry","Council_meeting_legal_record","not_inferred","2026_index_asof_snapshot_for_2026","not_estimated","not_estimated"
"M_S_PV.9916","Council_meeting_record_variant","2025","2025-05-15","UNSMIL","S/PV.9916","S/PV.9916","not_applicable","https://ydsftksff8.execute-api.us-east-1.amazonaws.com/dev/render_meeting/scmeetings_2025/EN","https://docs.un.org/S/PV.9916","official_meeting_index_entry","Council_meeting_legal_record","not_inferred","2026_index_asof_snapshot_for_2026","not_estimated","not_estimated"
"M_S_PV.9917","Council_meeting_record_variant","2025","2025-05-15","OTHER_COUNCIL_AGENDA","S/PV.9917","S/PV.9917","not_applicable","https://ydsftksff8.execute-api.us-east-1.amazonaws.com/dev/render_meeting/scmeetings_2025/EN","https://docs.un.org/S/PV.9917","official_meeting_index_entry","Council_meeting_legal_record","not_inferred","2026_index_asof_snapshot_for_2026","not_estimated","not_estimated"
"M_S_PV.9918","Council_meeting_record_variant","2025","2025-05-19","UNMISS","S/PV.9918","S/PV.9918","not_applicable","https://ydsftksff8.execute-api.us-east-1.amazonaws.com/dev/render_meeting/scmeetings_2025/EN","https://docs.un.org/S/PV.9918","official_meeting_index_entry","Council_meeting_legal_record","not_inferred","2026_index_asof_snapshot_for_2026","not_estimated","not_estimated"
"M_S_PV.9919","Council_meeting_record_variant","2025","2025-05-20","OTHER_COUNCIL_AGENDA","S/PV.9919","S/PV.9919","not_applicable","https://ydsftksff8.execute-api.us-east-1.amazonaws.com/dev/render_meeting/scmeetings_2025/EN","https://docs.un.org/S/PV.9919","official_meeting_index_entry","Council_meeting_legal_record","not_inferred","2026_index_asof_snapshot_for_2026","not_estimated","not_estimated"
"M_S_PV.9919_Resumption_1","Council_meeting_record_variant","2025","2025-05-20","OTHER_COUNCIL_AGENDA","S/PV.9919/Resumption_1","S/PV.9919","not_applicable","https://ydsftksff8.execute-api.us-east-1.amazonaws.com/dev/render_meeting/scmeetings_2025/EN","https://undocs.org/en/S/PV.9919 (Resumption 1)","official_meeting_index_entry","Council_meeting_legal_record","not_inferred","resumption_same_base_meeting_not_extra","not_estimated","not_estimated"
"M_S_PV.9919_Resumption_2","Council_meeting_record_variant","2025","2025-05-21","OTHER_COUNCIL_AGENDA","S/PV.9919/Resumption_2","S/PV.9919","not_applicable","https://ydsftksff8.execute-api.us-east-1.amazonaws.com/dev/render_meeting/scmeetings_2025/EN","https://undocs.org/en/S/PV.9919 (Resumption 2)","official_meeting_index_entry","Council_meeting_legal_record","not_inferred","resumption_same_base_meeting_not_extra","not_estimated","not_estimated"
"M_S_PV.9920","Council_meeting_record_variant","2025","2025-05-21","OTHER_COUNCIL_AGENDA","S/PV.9920","S/PV.9920","not_applicable","https://ydsftksff8.execute-api.us-east-1.amazonaws.com/dev/render_meeting/scmeetings_2025/EN","https://docs.un.org/S/PV.9920","official_meeting_index_entry","Council_meeting_legal_record","not_inferred","2026_index_asof_snapshot_for_2026","not_estimated","not_estimated"
"M_S_PV.9921","Council_meeting_record_variant","2025","2025-05-22","OTHER_COUNCIL_AGENDA","S/PV.9921","S/PV.9921","not_applicable","https://ydsftksff8.execute-api.us-east-1.amazonaws.com/dev/render_meeting/scmeetings_2025/EN","https://docs.un.org/S/PV.9921","official_meeting_index_entry","Council_meeting_legal_record","not_inferred","2026_index_asof_snapshot_for_2026","not_estimated","not_estimated"
"M_S_PV.9921_Resumption_1","Council_meeting_record_variant","2025","2025-05-22","OTHER_COUNCIL_AGENDA","S/PV.9921/Resumption_1","S/PV.9921","not_applicable","https://ydsftksff8.execute-api.us-east-1.amazonaws.com/dev/render_meeting/scmeetings_2025/EN","https://undocs.org/en/S/PV.9921 (Resumption 1)","official_meeting_index_entry","Council_meeting_legal_record","not_inferred","resumption_same_base_meeting_not_extra","not_estimated","not_estimated"
"M_S_PV.9921_Resumption_2","Council_meeting_record_variant","2025","2025-05-23","OTHER_COUNCIL_AGENDA","S/PV.9921/Resumption_2","S/PV.9921","not_applicable","https://ydsftksff8.execute-api.us-east-1.amazonaws.com/dev/render_meeting/scmeetings_2025/EN","https://undocs.org/en/S/PV.9921 (Resumption 2)","official_meeting_index_entry","Council_meeting_legal_record","not_inferred","resumption_same_base_meeting_not_extra","not_estimated","not_estimated"
"M_S_PV.9922","Council_meeting_record_variant","2025","2025-05-27","OTHER_COUNCIL_AGENDA","S/PV.9922","S/PV.9922","not_applicable","https://ydsftksff8.execute-api.us-east-1.amazonaws.com/dev/render_meeting/scmeetings_2025/EN","https://docs.un.org/S/PV.9922","official_meeting_index_entry","Council_meeting_legal_record","not_inferred","2026_index_asof_snapshot_for_2026","not_estimated","not_estimated"
"M_S_PV.9923","Council_meeting_record_variant","2025","2025-05-28","OTHER_COUNCIL_AGENDA","S/PV.9923","S/PV.9923","not_applicable","https://ydsftksff8.execute-api.us-east-1.amazonaws.com/dev/render_meeting/scmeetings_2025/EN","https://docs.un.org/S/PV.9923","official_meeting_index_entry","Council_meeting_legal_record","not_inferred","2026_index_asof_snapshot_for_2026","not_estimated","not_estimated"
"M_S_PV.9924","Council_meeting_record_variant","2025","2025-05-29","OTHER_COUNCIL_AGENDA","S/PV.9924","S/PV.9924","not_applicable","https://ydsftksff8.execute-api.us-east-1.amazonaws.com/dev/render_meeting/scmeetings_2025/EN","https://docs.un.org/S/PV.9924","official_meeting_index_entry","Council_meeting_legal_record","not_inferred","2026_index_asof_snapshot_for_2026","not_estimated","not_estimated"
"M_S_PV.9925","Council_meeting_record_variant","2025","2025-05-29","UNSMIL","S/PV.9925","S/PV.9925","not_applicable","https://ydsftksff8.execute-api.us-east-1.amazonaws.com/dev/render_meeting/scmeetings_2025/EN","https://docs.un.org/S/PV.9925","official_meeting_index_entry","Council_meeting_legal_record","not_inferred","2026_index_asof_snapshot_for_2026","not_estimated","not_estimated"
"M_S_PV.9926","Council_meeting_record_variant","2025","2025-05-30","OTHER_COUNCIL_AGENDA","S/PV.9926","S/PV.9926","not_applicable","https://ydsftksff8.execute-api.us-east-1.amazonaws.com/dev/render_meeting/scmeetings_2025/EN","https://docs.un.org/S/PV.9926","official_meeting_index_entry","Council_meeting_legal_record","not_inferred","2026_index_asof_snapshot_for_2026","not_estimated","not_estimated"
"M_S_PV.9927","Council_meeting_record_variant","2025","2025-05-30","OTHER_COUNCIL_AGENDA","S/PV.9927","S/PV.9927","not_applicable","https://ydsftksff8.execute-api.us-east-1.amazonaws.com/dev/render_meeting/scmeetings_2025/EN","https://docs.un.org/S/PV.9927","official_meeting_index_entry","Council_meeting_legal_record","not_inferred","2026_index_asof_snapshot_for_2026","not_estimated","not_estimated"
"M_S_PV.9928","Council_meeting_record_variant","2025","2025-05-30","UNMISS","S/PV.9928","S/PV.9928","not_applicable","https://ydsftksff8.execute-api.us-east-1.amazonaws.com/dev/render_meeting/scmeetings_2025/EN","https://docs.un.org/S/PV.9928","official_meeting_index_entry","Council_meeting_legal_record","not_inferred","2026_index_asof_snapshot_for_2026","not_estimated","not_estimated"
"M_S_PV.9929","Council_meeting_record_variant","2025","2025-06-04","OTHER_COUNCIL_AGENDA","S/PV.9929","S/PV.9929","not_applicable","https://ydsftksff8.execute-api.us-east-1.amazonaws.com/dev/render_meeting/scmeetings_2025/EN","https://undocs.org/en/S/PV.9929","official_meeting_index_entry","Council_meeting_legal_record","not_inferred","2026_index_asof_snapshot_for_2026","not_estimated","not_estimated"
"M_S_PV.9930","Council_meeting_record_variant","2025","2025-06-05","OTHER_COUNCIL_AGENDA","S/PV.9930","S/PV.9930","not_applicable","https://ydsftksff8.execute-api.us-east-1.amazonaws.com/dev/render_meeting/scmeetings_2025/EN","https://docs.un.org/S/PV.9930","official_meeting_index_entry","Council_meeting_legal_record","not_inferred","2026_index_asof_snapshot_for_2026","not_estimated","not_estimated"
"M_S_PV.9931","Council_meeting_record_variant","2025","2025-06-09","UNOCA","S/PV.9931","S/PV.9931","not_applicable","https://ydsftksff8.execute-api.us-east-1.amazonaws.com/dev/render_meeting/scmeetings_2025/EN","https://docs.un.org/S/PV.9931","official_meeting_index_entry","Council_meeting_legal_record","not_inferred","2026_index_asof_snapshot_for_2026","not_estimated","not_estimated"
"M_S_PV.9932","Council_meeting_record_variant","2025","2025-06-09","OTHER_COUNCIL_AGENDA","S/PV.9932","S/PV.9932","not_applicable","https://ydsftksff8.execute-api.us-east-1.amazonaws.com/dev/render_meeting/scmeetings_2025/EN","https://docs.un.org/S/PV.9932","official_meeting_index_entry","Council_meeting_legal_record","not_inferred","2026_index_asof_snapshot_for_2026","not_estimated","not_estimated"
"M_S_PV.9933","Council_meeting_record_variant","2025","2025-06-10","OTHER_COUNCIL_AGENDA","S/PV.9933","S/PV.9933","not_applicable","https://ydsftksff8.execute-api.us-east-1.amazonaws.com/dev/render_meeting/scmeetings_2025/EN","https://docs.un.org/S/PV.9933","official_meeting_index_entry","Council_meeting_legal_record","not_inferred","2026_index_asof_snapshot_for_2026","not_estimated","not_estimated"
"M_S_PV.9934","Council_meeting_record_variant","2025","2025-06-11","OTHER_COUNCIL_AGENDA","S/PV.9934","S/PV.9934","not_applicable","https://ydsftksff8.execute-api.us-east-1.amazonaws.com/dev/render_meeting/scmeetings_2025/EN","https://docs.un.org/S/PV.9934","official_meeting_index_entry","Council_meeting_legal_record","not_inferred","2026_index_asof_snapshot_for_2026","not_estimated","not_estimated"
"M_S_PV.9935","Council_meeting_record_variant","2025","2025-06-12","OTHER_COUNCIL_AGENDA","S/PV.9935","S/PV.9935","not_applicable","https://ydsftksff8.execute-api.us-east-1.amazonaws.com/dev/render_meeting/scmeetings_2025/EN","https://docs.un.org/S/PV.9935","official_meeting_index_entry","Council_meeting_legal_record","not_inferred","2026_index_asof_snapshot_for_2026","not_estimated","not_estimated"
"M_S_PV.9936","Council_meeting_record_variant","2025","2025-06-13","OTHER_COUNCIL_AGENDA","S/PV.9936","S/PV.9936","not_applicable","https://ydsftksff8.execute-api.us-east-1.amazonaws.com/dev/render_meeting/scmeetings_2025/EN","https://docs.un.org/S/PV.9936","official_meeting_index_entry","Council_meeting_legal_record","not_inferred","2026_index_asof_snapshot_for_2026","not_estimated","not_estimated"
"M_S_PV.9937","Council_meeting_record_variant","2025","2025-06-17","OTHER_COUNCIL_AGENDA","S/PV.9937","S/PV.9937","not_applicable","https://ydsftksff8.execute-api.us-east-1.amazonaws.com/dev/render_meeting/scmeetings_2025/EN","https://docs.un.org/S/PV.9937","official_meeting_index_entry","Council_meeting_legal_record","not_inferred","2026_index_asof_snapshot_for_2026","not_estimated","not_estimated"
"M_S_PV.9938","Council_meeting_record_variant","2025","2025-06-19","OTHER_COUNCIL_AGENDA","S/PV.9938","S/PV.9938","not_applicable","https://ydsftksff8.execute-api.us-east-1.amazonaws.com/dev/render_meeting/scmeetings_2025/EN","https://docs.un.org/S/PV.9938","official_meeting_index_entry","Council_meeting_legal_record","not_inferred","2026_index_asof_snapshot_for_2026","not_estimated","not_estimated"
"M_S_PV.9938_Resumption_1","Council_meeting_record_variant","2025","2025-06-19","OTHER_COUNCIL_AGENDA","S/PV.9938/Resumption_1","S/PV.9938","not_applicable","https://ydsftksff8.execute-api.us-east-1.amazonaws.com/dev/render_meeting/scmeetings_2025/EN","https://undocs.org/en/S/PV.9938 (Resumption 1)","official_meeting_index_entry","Council_meeting_legal_record","not_inferred","resumption_same_base_meeting_not_extra","not_estimated","not_estimated"
"M_S_PV.9939","Council_meeting_record_variant","2025","2025-06-20","OTHER_COUNCIL_AGENDA","S/PV.9939","S/PV.9939","not_applicable","https://ydsftksff8.execute-api.us-east-1.amazonaws.com/dev/render_meeting/scmeetings_2025/EN","https://docs.un.org/S/PV.9939","official_meeting_index_entry","Council_meeting_legal_record","not_inferred","2026_index_asof_snapshot_for_2026","not_estimated","not_estimated"
"M_S_PV.9940","Council_meeting_record_variant","2025","2025-06-20","OTHER_COUNCIL_AGENDA","S/PV.9940","S/PV.9940","not_applicable","https://ydsftksff8.execute-api.us-east-1.amazonaws.com/dev/render_meeting/scmeetings_2025/EN","https://docs.un.org/S/PV.9940","official_meeting_index_entry","Council_meeting_legal_record","not_inferred","2026_index_asof_snapshot_for_2026","not_estimated","not_estimated"
"M_S_PV.9941","Council_meeting_record_variant","2025","2025-06-22","OTHER_COUNCIL_AGENDA","S/PV.9941","S/PV.9941","not_applicable","https://ydsftksff8.execute-api.us-east-1.amazonaws.com/dev/render_meeting/scmeetings_2025/EN","https://docs.un.org/S/PV.9941","official_meeting_index_entry","Council_meeting_legal_record","not_inferred","2026_index_asof_snapshot_for_2026","not_estimated","not_estimated"
"M_S_PV.9938_Resumption_2","Council_meeting_record_variant","2025","2025-06-23","OTHER_COUNCIL_AGENDA","S/PV.9938/Resumption_2","S/PV.9938","not_applicable","https://ydsftksff8.execute-api.us-east-1.amazonaws.com/dev/render_meeting/scmeetings_2025/EN","https://undocs.org/en/S/PV.9938 (Resumption 2)","official_meeting_index_entry","Council_meeting_legal_record","not_inferred","resumption_same_base_meeting_not_extra","not_estimated","not_estimated"
"M_S_PV.9942","Council_meeting_record_variant","2025","2025-06-23","UNAMA","S/PV.9942","S/PV.9942","not_applicable","https://ydsftksff8.execute-api.us-east-1.amazonaws.com/dev/render_meeting/scmeetings_2025/EN","https://docs.un.org/S/PV.9942","official_meeting_index_entry","Council_meeting_legal_record","not_inferred","2026_index_asof_snapshot_for_2026","not_estimated","not_estimated"
"M_S_PV.9943","Council_meeting_record_variant","2025","2025-06-24","UNSMIL","S/PV.9943","S/PV.9943","not_applicable","https://ydsftksff8.execute-api.us-east-1.amazonaws.com/dev/render_meeting/scmeetings_2025/EN","https://docs.un.org/S/PV.9943","official_meeting_index_entry","Council_meeting_legal_record","not_inferred","2026_index_asof_snapshot_for_2026","not_estimated","not_estimated"
"M_S_PV.9944","Council_meeting_record_variant","2025","2025-06-24","OTHER_COUNCIL_AGENDA","S/PV.9944","S/PV.9944","not_applicable","https://ydsftksff8.execute-api.us-east-1.amazonaws.com/dev/render_meeting/scmeetings_2025/EN","https://docs.un.org/S/PV.9944","official_meeting_index_entry","Council_meeting_legal_record","not_inferred","2026_index_asof_snapshot_for_2026","not_estimated","not_estimated"
"M_S_PV.9945","Council_meeting_record_variant","2025","2025-06-25","OTHER_COUNCIL_AGENDA","S/PV.9945","S/PV.9945","not_applicable","https://ydsftksff8.execute-api.us-east-1.amazonaws.com/dev/render_meeting/scmeetings_2025/EN","https://docs.un.org/S/PV.9945","official_meeting_index_entry","Council_meeting_legal_record","not_inferred","2026_index_asof_snapshot_for_2026","not_estimated","not_estimated"
"M_S_PV.9945_Resumption_1","Council_meeting_record_variant","2025","2025-06-25","OTHER_COUNCIL_AGENDA","S/PV.9945/Resumption_1","S/PV.9945","not_applicable","https://ydsftksff8.execute-api.us-east-1.amazonaws.com/dev/render_meeting/scmeetings_2025/EN","https://undocs.org/en/S/PV.9945 (Resumption 1)","official_meeting_index_entry","Council_meeting_legal_record","not_inferred","resumption_same_base_meeting_not_extra","not_estimated","not_estimated"
"M_S_PV.9945_Resumption_2","Council_meeting_record_variant","2025","2025-06-26","OTHER_COUNCIL_AGENDA","S/PV.9945/Resumption_2","S/PV.9945","not_applicable","https://ydsftksff8.execute-api.us-east-1.amazonaws.com/dev/render_meeting/scmeetings_2025/EN","https://undocs.org/en/S/PV.9945 (Resumption 2)","official_meeting_index_entry","Council_meeting_legal_record","not_inferred","resumption_same_base_meeting_not_extra","not_estimated","not_estimated"
"M_S_PV.9946","Council_meeting_record_variant","2025","2025-06-26","MINUSCA","S/PV.9946","S/PV.9946","not_applicable","https://ydsftksff8.execute-api.us-east-1.amazonaws.com/dev/render_meeting/scmeetings_2025/EN","https://docs.un.org/S/PV.9946","official_meeting_index_entry","Council_meeting_legal_record","not_inferred","2026_index_asof_snapshot_for_2026","not_estimated","not_estimated"
"M_S_PV.9947","Council_meeting_record_variant","2025","2025-06-27","UNMISS","S/PV.9947","S/PV.9947","not_applicable","https://ydsftksff8.execute-api.us-east-1.amazonaws.com/dev/render_meeting/scmeetings_2025/EN","https://docs.un.org/S/PV.9947","official_meeting_index_entry","Council_meeting_legal_record","not_inferred","2026_index_asof_snapshot_for_2026","not_estimated","not_estimated"
"M_S_PV.9948","Council_meeting_record_variant","2025","2025-06-27","MONUSCO","S/PV.9948","S/PV.9948","not_applicable","https://ydsftksff8.execute-api.us-east-1.amazonaws.com/dev/render_meeting/scmeetings_2025/EN","https://docs.un.org/S/PV.9948","official_meeting_index_entry","Council_meeting_legal_record","not_inferred","2026_index_asof_snapshot_for_2026","not_estimated","not_estimated"
"M_S_PV.9949","Council_meeting_record_variant","2025","2025-06-30","OTHER_COUNCIL_AGENDA","S/PV.9949","S/PV.9949","not_applicable","https://ydsftksff8.execute-api.us-east-1.amazonaws.com/dev/render_meeting/scmeetings_2025/EN","https://docs.un.org/S/PV.9949","official_meeting_index_entry","Council_meeting_legal_record","not_inferred","2026_index_asof_snapshot_for_2026","not_estimated","not_estimated"
"M_S_PV.9950","Council_meeting_record_variant","2025","2025-06-30","OTHER_COUNCIL_AGENDA","S/PV.9950","S/PV.9950","not_applicable","https://ydsftksff8.execute-api.us-east-1.amazonaws.com/dev/render_meeting/scmeetings_2025/EN","https://docs.un.org/S/PV.9950","official_meeting_index_entry","Council_meeting_legal_record","not_inferred","2026_index_asof_snapshot_for_2026","not_estimated","not_estimated"
"M_S_PV.9951","Council_meeting_record_variant","2025","2025-06-30","MONUSCO","S/PV.9951","S/PV.9951","not_applicable","https://ydsftksff8.execute-api.us-east-1.amazonaws.com/dev/render_meeting/scmeetings_2025/EN","https://docs.un.org/S/PV.9951","official_meeting_index_entry","Council_meeting_legal_record","not_inferred","2026_index_asof_snapshot_for_2026","not_estimated","not_estimated"
"M_S_PV.9952","Council_meeting_record_variant","2025","2025-07-02","OTHER_COUNCIL_AGENDA","S/PV.9952","S/PV.9952","not_applicable","https://ydsftksff8.execute-api.us-east-1.amazonaws.com/dev/render_meeting/scmeetings_2025/EN","https://docs.un.org/S/PV.9952","official_meeting_index_entry","Council_meeting_legal_record","not_inferred","2026_index_asof_snapshot_for_2026","not_estimated","not_estimated"
"M_S_PV.9953","Council_meeting_record_variant","2025","2025-07-02","BINUH","S/PV.9953","S/PV.9953","not_applicable","https://ydsftksff8.execute-api.us-east-1.amazonaws.com/dev/render_meeting/scmeetings_2025/EN","https://docs.un.org/S/PV.9953","official_meeting_index_entry","Council_meeting_legal_record","not_inferred","2026_index_asof_snapshot_for_2026","not_estimated","not_estimated"
"M_S_PV.9954","Council_meeting_record_variant","2025","2025-07-09","OTHER_COUNCIL_AGENDA","S/PV.9954","S/PV.9954","not_applicable","https://ydsftksff8.execute-api.us-east-1.amazonaws.com/dev/render_meeting/scmeetings_2025/EN","https://docs.un.org/S/PV.9954","official_meeting_index_entry","Council_meeting_legal_record","not_inferred","2026_index_asof_snapshot_for_2026","not_estimated","not_estimated"
"M_S_PV.9955","Council_meeting_record_variant","2025","2025-07-10","UNMISS","S/PV.9955","S/PV.9955","not_applicable","https://ydsftksff8.execute-api.us-east-1.amazonaws.com/dev/render_meeting/scmeetings_2025/EN","https://docs.un.org/S/PV.9955","official_meeting_index_entry","Council_meeting_legal_record","not_inferred","2026_index_asof_snapshot_for_2026","not_estimated","not_estimated"
"M_S_PV.9956","Council_meeting_record_variant","2025","2025-07-14","BINUH","S/PV.9956","S/PV.9956","not_applicable","https://ydsftksff8.execute-api.us-east-1.amazonaws.com/dev/render_meeting/scmeetings_2025/EN","https://docs.un.org/S/PV.9956","official_meeting_index_entry","Council_meeting_legal_record","not_inferred","2026_index_asof_snapshot_for_2026","not_estimated","not_estimated"
"M_S_PV.9957","Council_meeting_record_variant","2025","2025-07-14","OTHER_COUNCIL_AGENDA","S/PV.9957","S/PV.9957","not_applicable","https://ydsftksff8.execute-api.us-east-1.amazonaws.com/dev/render_meeting/scmeetings_2025/EN","https://docs.un.org/S/PV.9957","official_meeting_index_entry","Council_meeting_legal_record","not_inferred","2026_index_asof_snapshot_for_2026","not_estimated","not_estimated"
"M_S_PV.9958","Council_meeting_record_variant","2025","2025-07-15","OTHER_COUNCIL_AGENDA","S/PV.9958","S/PV.9958","not_applicable","https://ydsftksff8.execute-api.us-east-1.amazonaws.com/dev/render_meeting/scmeetings_2025/EN","https://docs.un.org/S/PV.9958","official_meeting_index_entry","Council_meeting_legal_record","not_inferred","2026_index_asof_snapshot_for_2026","not_estimated","not_estimated"
"M_S_PV.9959","Council_meeting_record_variant","2025","2025-07-16","OTHER_COUNCIL_AGENDA","S/PV.9959","S/PV.9959","not_applicable","https://ydsftksff8.execute-api.us-east-1.amazonaws.com/dev/render_meeting/scmeetings_2025/EN","https://docs.un.org/S/PV.9959","official_meeting_index_entry","Council_meeting_legal_record","not_inferred","2026_index_asof_snapshot_for_2026","not_estimated","not_estimated"
"M_S_PV.9960","Council_meeting_record_variant","2025","2025-07-17","OTHER_COUNCIL_AGENDA","S/PV.9960","S/PV.9960","not_applicable","https://ydsftksff8.execute-api.us-east-1.amazonaws.com/dev/render_meeting/scmeetings_2025/EN","https://docs.un.org/S/PV.9960","official_meeting_index_entry","Council_meeting_legal_record","not_inferred","2026_index_asof_snapshot_for_2026","not_estimated","not_estimated"
"M_S_PV.9961","Council_meeting_record_variant","2025","2025-07-18","COLOMBIA","S/PV.9961","S/PV.9961","not_applicable","https://ydsftksff8.execute-api.us-east-1.amazonaws.com/dev/render_meeting/scmeetings_2025/EN","https://docs.un.org/S/PV.9961","official_meeting_index_entry","Council_meeting_legal_record","not_inferred","2026_index_asof_snapshot_for_2026","not_estimated","not_estimated"
"M_S_PV.9962","Council_meeting_record_variant","2025","2025-07-22","OTHER_COUNCIL_AGENDA","S/PV.9962","S/PV.9962","not_applicable","https://ydsftksff8.execute-api.us-east-1.amazonaws.com/dev/render_meeting/scmeetings_2025/EN","https://docs.un.org/S/PV.9962","official_meeting_index_entry","Council_meeting_legal_record","not_inferred","2026_index_asof_snapshot_for_2026","not_estimated","not_estimated"
"M_S_PV.9962_Resumption_1","Council_meeting_record_variant","2025","2025-07-22","OTHER_COUNCIL_AGENDA","S/PV.9962/Resumption_1","S/PV.9962","not_applicable","https://ydsftksff8.execute-api.us-east-1.amazonaws.com/dev/render_meeting/scmeetings_2025/EN","https://undocs.org/en/S/PV.9962 (Resumption 1)","official_meeting_index_entry","Council_meeting_legal_record","not_inferred","resumption_same_base_meeting_not_extra","not_estimated","not_estimated"
"M_S_PV.9963","Council_meeting_record_variant","2025","2025-07-23","OTHER_COUNCIL_AGENDA","S/PV.9963","S/PV.9963","not_applicable","https://ydsftksff8.execute-api.us-east-1.amazonaws.com/dev/render_meeting/scmeetings_2025/EN","https://docs.un.org/S/PV.9963","official_meeting_index_entry","Council_meeting_legal_record","not_inferred","2026_index_asof_snapshot_for_2026","not_estimated","not_estimated"
"M_S_PV.9963_Resumption_1","Council_meeting_record_variant","2025","2025-07-23","OTHER_COUNCIL_AGENDA","S/PV.9963/Resumption_1","S/PV.9963","not_applicable","https://ydsftksff8.execute-api.us-east-1.amazonaws.com/dev/render_meeting/scmeetings_2025/EN","https://undocs.org/en/S/PV.9963 (Resumption 1)","official_meeting_index_entry","Council_meeting_legal_record","not_inferred","resumption_same_base_meeting_not_extra","not_estimated","not_estimated"
"M_S_PV.9962_Resumption_2","Council_meeting_record_variant","2025","2025-07-24","OTHER_COUNCIL_AGENDA","S/PV.9962/Resumption_2","S/PV.9962","not_applicable","https://ydsftksff8.execute-api.us-east-1.amazonaws.com/dev/render_meeting/scmeetings_2025/EN","https://undocs.org/en/S/PV.9962 (Resumption 2)","official_meeting_index_entry","Council_meeting_legal_record","not_inferred","resumption_same_base_meeting_not_extra","not_estimated","not_estimated"
"M_S_PV.9964","Council_meeting_record_variant","2025","2025-07-24","OTHER_COUNCIL_AGENDA","S/PV.9964","S/PV.9964","not_applicable","https://ydsftksff8.execute-api.us-east-1.amazonaws.com/dev/render_meeting/scmeetings_2025/EN","https://docs.un.org/S/PV.9964","official_meeting_index_entry","Council_meeting_legal_record","not_inferred","2026_index_asof_snapshot_for_2026","not_estimated","not_estimated"
"M_S_PV.9965","Council_meeting_record_variant","2025","2025-07-25","OTHER_COUNCIL_AGENDA","S/PV.9965","S/PV.9965","not_applicable","https://ydsftksff8.execute-api.us-east-1.amazonaws.com/dev/render_meeting/scmeetings_2025/EN","https://docs.un.org/S/PV.9965","official_meeting_index_entry","Council_meeting_legal_record","not_inferred","2026_index_asof_snapshot_for_2026","not_estimated","not_estimated"
"M_S_PV.9966","Council_meeting_record_variant","2025","2025-07-25","OTHER_COUNCIL_AGENDA","S/PV.9966","S/PV.9966","not_applicable","https://ydsftksff8.execute-api.us-east-1.amazonaws.com/dev/render_meeting/scmeetings_2025/EN","https://docs.un.org/S/PV.9966","official_meeting_index_entry","Council_meeting_legal_record","not_inferred","2026_index_asof_snapshot_for_2026","not_estimated","not_estimated"
"M_S_PV.9967","Council_meeting_record_variant","2025","2025-07-28","OTHER_COUNCIL_AGENDA","S/PV.9967","S/PV.9967","not_applicable","https://ydsftksff8.execute-api.us-east-1.amazonaws.com/dev/render_meeting/scmeetings_2025/EN","https://docs.un.org/S/PV.9967","official_meeting_index_entry","Council_meeting_legal_record","not_inferred","2026_index_asof_snapshot_for_2026","not_estimated","not_estimated"
"M_S_PV.9963_Resumption_2","Council_meeting_record_variant","2025","2025-07-29","OTHER_COUNCIL_AGENDA","S/PV.9963/Resumption_2","S/PV.9963","not_applicable","https://ydsftksff8.execute-api.us-east-1.amazonaws.com/dev/render_meeting/scmeetings_2025/EN","https://undocs.org/en/S/PV.9963 (Resumption 2)","official_meeting_index_entry","Council_meeting_legal_record","not_inferred","resumption_same_base_meeting_not_extra","not_estimated","not_estimated"
"M_S_PV.9968","Council_meeting_record_variant","2025","2025-07-29","OTHER_COUNCIL_AGENDA","S/PV.9968","S/PV.9968","not_applicable","https://ydsftksff8.execute-api.us-east-1.amazonaws.com/dev/render_meeting/scmeetings_2025/EN","https://docs.un.org/S/PV.9968","official_meeting_index_entry","Council_meeting_legal_record","not_inferred","2026_index_asof_snapshot_for_2026","not_estimated","not_estimated"
"M_S_PV.9969","Council_meeting_record_variant","2025","2025-07-29","OTHER_COUNCIL_AGENDA","S/PV.9969","S/PV.9969","not_applicable","https://ydsftksff8.execute-api.us-east-1.amazonaws.com/dev/render_meeting/scmeetings_2025/EN","https://docs.un.org/S/PV.9969","official_meeting_index_entry","Council_meeting_legal_record","not_inferred","2026_index_asof_snapshot_for_2026","not_estimated","not_estimated"
"M_S_PV.9970","Council_meeting_record_variant","2025","2025-07-31","OTHER_COUNCIL_AGENDA","S/PV.9970","S/PV.9970","not_applicable","https://ydsftksff8.execute-api.us-east-1.amazonaws.com/dev/render_meeting/scmeetings_2025/EN","https://docs.un.org/S/PV.9970","official_meeting_index_entry","Council_meeting_legal_record","not_inferred","2026_index_asof_snapshot_for_2026","not_estimated","not_estimated"
"M_S_PV.9971","Council_meeting_record_variant","2025","2025-08-01","OTHER_COUNCIL_AGENDA","S/PV.9971","S/PV.9971","not_applicable","https://ydsftksff8.execute-api.us-east-1.amazonaws.com/dev/render_meeting/scmeetings_2025/EN","https://docs.un.org/S/PV.9971","official_meeting_index_entry","Council_meeting_legal_record","not_inferred","2026_index_asof_snapshot_for_2026","not_estimated","not_estimated"
"M_S_PV.9972","Council_meeting_record_variant","2025","2025-08-05","OTHER_COUNCIL_AGENDA","S/PV.9972","S/PV.9972","not_applicable","https://ydsftksff8.execute-api.us-east-1.amazonaws.com/dev/render_meeting/scmeetings_2025/EN","https://docs.un.org/S/PV.9972","official_meeting_index_entry","Council_meeting_legal_record","not_inferred","2026_index_asof_snapshot_for_2026","not_estimated","not_estimated"
"M_S_PV.9973","Council_meeting_record_variant","2025","2025-08-06","OTHER_COUNCIL_AGENDA","S/PV.9973","S/PV.9973","not_applicable","https://ydsftksff8.execute-api.us-east-1.amazonaws.com/dev/render_meeting/scmeetings_2025/EN","https://docs.un.org/S/PV.9973","official_meeting_index_entry","Council_meeting_legal_record","not_inferred","2026_index_asof_snapshot_for_2026","not_estimated","not_estimated"
"M_S_PV.9974","Council_meeting_record_variant","2025","2025-08-07","UNOWAS","S/PV.9974","S/PV.9974","not_applicable","https://ydsftksff8.execute-api.us-east-1.amazonaws.com/dev/render_meeting/scmeetings_2025/EN","https://docs.un.org/S/PV.9974","official_meeting_index_entry","Council_meeting_legal_record","not_inferred","2026_index_asof_snapshot_for_2026","not_estimated","not_estimated"
"M_S_PV.9975","Council_meeting_record_variant","2025","2025-08-10","OTHER_COUNCIL_AGENDA","S/PV.9975","S/PV.9975","not_applicable","https://ydsftksff8.execute-api.us-east-1.amazonaws.com/dev/render_meeting/scmeetings_2025/EN","https://docs.un.org/S/PV.9975","official_meeting_index_entry","Council_meeting_legal_record","not_inferred","2026_index_asof_snapshot_for_2026","not_estimated","not_estimated"
"M_S_PV.9976","Council_meeting_record_variant","2025","2025-08-10","OTHER_COUNCIL_AGENDA","S/PV.9976","S/PV.9976","not_applicable","https://ydsftksff8.execute-api.us-east-1.amazonaws.com/dev/render_meeting/scmeetings_2025/EN","https://docs.un.org/S/PV.9976","official_meeting_index_entry","Council_meeting_legal_record","not_inferred","2026_index_asof_snapshot_for_2026","not_estimated","not_estimated"
"M_S_PV.9977","Council_meeting_record_variant","2025","2025-08-11","OTHER_COUNCIL_AGENDA","S/PV.9977","S/PV.9977","not_applicable","https://ydsftksff8.execute-api.us-east-1.amazonaws.com/dev/render_meeting/scmeetings_2025/EN","https://docs.un.org/S/PV.9977","official_meeting_index_entry","Council_meeting_legal_record","not_inferred","2026_index_asof_snapshot_for_2026","not_estimated","not_estimated"
"M_S_PV.9977_Resumption_1","Council_meeting_record_variant","2025","2025-08-12","OTHER_COUNCIL_AGENDA","S/PV.9977/Resumption_1","S/PV.9977","not_applicable","https://ydsftksff8.execute-api.us-east-1.amazonaws.com/dev/render_meeting/scmeetings_2025/EN","https://undocs.org/en/S/PV.9977 (Resumption 1)","official_meeting_index_entry","Council_meeting_legal_record","not_inferred","resumption_same_base_meeting_not_extra","not_estimated","not_estimated"
"M_S_PV.9977_Resumption_2","Council_meeting_record_variant","2025","2025-08-12","OTHER_COUNCIL_AGENDA","S/PV.9977/Resumption_2","S/PV.9977","not_applicable","https://ydsftksff8.execute-api.us-east-1.amazonaws.com/dev/render_meeting/scmeetings_2025/EN","https://undocs.org/en/S/PV.9977 (Resumption 2)","official_meeting_index_entry","Council_meeting_legal_record","not_inferred","resumption_same_base_meeting_not_extra","not_estimated","not_estimated"
"M_S_PV.9978","Council_meeting_record_variant","2025","2025-08-12","OTHER_COUNCIL_AGENDA","S/PV.9978","S/PV.9978","not_applicable","https://ydsftksff8.execute-api.us-east-1.amazonaws.com/dev/render_meeting/scmeetings_2025/EN","https://docs.un.org/S/PV.9978","official_meeting_index_entry","Council_meeting_legal_record","not_inferred","2026_index_asof_snapshot_for_2026","not_estimated","not_estimated"
"M_S_PV.9979","Council_meeting_record_variant","2025","2025-08-14","OTHER_COUNCIL_AGENDA","S/PV.9979","S/PV.9979","not_applicable","https://ydsftksff8.execute-api.us-east-1.amazonaws.com/dev/render_meeting/scmeetings_2025/EN","https://docs.un.org/S/PV.9979","official_meeting_index_entry","Council_meeting_legal_record","not_inferred","2026_index_asof_snapshot_for_2026","not_estimated","not_estimated"
"M_S_PV.9980","Council_meeting_record_variant","2025","2025-08-18","UNMISS","S/PV.9980","S/PV.9980","not_applicable","https://ydsftksff8.execute-api.us-east-1.amazonaws.com/dev/render_meeting/scmeetings_2025/EN","https://docs.un.org/S/PV.9980","official_meeting_index_entry","Council_meeting_legal_record","not_inferred","2026_index_asof_snapshot_for_2026","not_estimated","not_estimated"
"M_S_PV.9981","Council_meeting_record_variant","2025","2025-08-19","WPS","S/PV.9981","S/PV.9981","not_applicable","https://ydsftksff8.execute-api.us-east-1.amazonaws.com/dev/render_meeting/scmeetings_2025/EN","https://docs.un.org/S/PV.9981","official_meeting_index_entry","Council_meeting_legal_record","not_inferred","2026_index_asof_snapshot_for_2026","not_estimated","not_estimated"
"M_S_PV.9981_Resumption_1","Council_meeting_record_variant","2025","2025-08-19","WPS","S/PV.9981/Resumption_1","S/PV.9981","not_applicable","https://ydsftksff8.execute-api.us-east-1.amazonaws.com/dev/render_meeting/scmeetings_2025/EN","https://docs.un.org/S/PV.9981 (Resumption 1)","official_meeting_index_entry","Council_meeting_legal_record","not_inferred","resumption_same_base_meeting_not_extra","not_estimated","not_estimated"
"M_S_PV.9982","Council_meeting_record_variant","2025","2025-08-20","COUNTERTERRORISM","S/PV.9982","S/PV.9982","not_applicable","https://ydsftksff8.execute-api.us-east-1.amazonaws.com/dev/render_meeting/scmeetings_2025/EN","https://docs.un.org/S/PV.9982","official_meeting_index_entry","Council_meeting_legal_record","not_inferred","2026_index_asof_snapshot_for_2026","not_estimated","not_estimated"
"M_S_PV.9983","Council_meeting_record_variant","2025","2025-08-21","OTHER_COUNCIL_AGENDA","S/PV.9983","S/PV.9983","not_applicable","https://ydsftksff8.execute-api.us-east-1.amazonaws.com/dev/render_meeting/scmeetings_2025/EN","https://docs.un.org/S/PV.9983","official_meeting_index_entry","Council_meeting_legal_record","not_inferred","2026_index_asof_snapshot_for_2026","not_estimated","not_estimated"
"M_S_PV.9984","Council_meeting_record_variant","2025","2025-08-21","UNSMIL","S/PV.9984","S/PV.9984","not_applicable","https://ydsftksff8.execute-api.us-east-1.amazonaws.com/dev/render_meeting/scmeetings_2025/EN","https://docs.un.org/S/PV.9984","official_meeting_index_entry","Council_meeting_legal_record","not_inferred","2026_index_asof_snapshot_for_2026","not_estimated","not_estimated"
"M_S_PV.9985","Council_meeting_record_variant","2025","2025-08-22","MONUSCO","S/PV.9985","S/PV.9985","not_applicable","https://ydsftksff8.execute-api.us-east-1.amazonaws.com/dev/render_meeting/scmeetings_2025/EN","https://docs.un.org/S/PV.9985","official_meeting_index_entry","Council_meeting_legal_record","not_inferred","2026_index_asof_snapshot_for_2026","not_estimated","not_estimated"
"M_S_PV.9986","Council_meeting_record_variant","2025","2025-08-26","OTHER_COUNCIL_AGENDA","S/PV.9986","S/PV.9986","not_applicable","https://ydsftksff8.execute-api.us-east-1.amazonaws.com/dev/render_meeting/scmeetings_2025/EN","https://docs.un.org/S/PV.9986","official_meeting_index_entry","Council_meeting_legal_record","not_inferred","2026_index_asof_snapshot_for_2026","not_estimated","not_estimated"
"M_S_PV.9987","Council_meeting_record_variant","2025","2025-08-27","OTHER_COUNCIL_AGENDA","S/PV.9987","S/PV.9987","not_applicable","https://ydsftksff8.execute-api.us-east-1.amazonaws.com/dev/render_meeting/scmeetings_2025/EN","https://docs.un.org/S/PV.9987","official_meeting_index_entry","Council_meeting_legal_record","not_inferred","2026_index_asof_snapshot_for_2026","not_estimated","not_estimated"
"M_S_PV.9988","Council_meeting_record_variant","2025","2025-08-28","BINUH","S/PV.9988","S/PV.9988","not_applicable","https://ydsftksff8.execute-api.us-east-1.amazonaws.com/dev/render_meeting/scmeetings_2025/EN","https://docs.un.org/S/PV.9988","official_meeting_index_entry","Council_meeting_legal_record","not_inferred","2026_index_asof_snapshot_for_2026","not_estimated","not_estimated"
"M_S_PV.9989","Council_meeting_record_variant","2025","2025-08-28","OTHER_COUNCIL_AGENDA","S/PV.9989","S/PV.9989","not_applicable","https://ydsftksff8.execute-api.us-east-1.amazonaws.com/dev/render_meeting/scmeetings_2025/EN","https://docs.un.org/S/PV.9989","official_meeting_index_entry","Council_meeting_legal_record","not_inferred","2026_index_asof_snapshot_for_2026","not_estimated","not_estimated"
"M_S_PV.9990","Council_meeting_record_variant","2025","2025-08-29","OTHER_COUNCIL_AGENDA","S/PV.9990","S/PV.9990","not_applicable","https://ydsftksff8.execute-api.us-east-1.amazonaws.com/dev/render_meeting/scmeetings_2025/EN","https://docs.un.org/S/PV.9990","official_meeting_index_entry","Council_meeting_legal_record","not_inferred","2026_index_asof_snapshot_for_2026","not_estimated","not_estimated"
"M_S_PV.9991","Council_meeting_record_variant","2025","2025-09-09","OTHER_COUNCIL_AGENDA","S/PV.9991","S/PV.9991","not_applicable","https://ydsftksff8.execute-api.us-east-1.amazonaws.com/dev/render_meeting/scmeetings_2025/EN","https://docs.un.org/S/PV.9991","official_meeting_index_entry","Council_meeting_legal_record","not_inferred","2026_index_asof_snapshot_for_2026","not_estimated","not_estimated"
"M_S_PV.9991_Resumption_1","Council_meeting_record_variant","2025","2025-09-09","OTHER_COUNCIL_AGENDA","S/PV.9991/Resumption_1","S/PV.9991","not_applicable","https://ydsftksff8.execute-api.us-east-1.amazonaws.com/dev/render_meeting/scmeetings_2025/EN","https://undocs.org/en/S/PV.9991 (Resumption 1)","official_meeting_index_entry","Council_meeting_legal_record","not_inferred","resumption_same_base_meeting_not_extra","not_estimated","not_estimated"
"M_S_PV.9991_Resumption_2","Council_meeting_record_variant","2025","2025-09-10","OTHER_COUNCIL_AGENDA","S/PV.9991/Resumption_2","S/PV.9991","not_applicable","https://ydsftksff8.execute-api.us-east-1.amazonaws.com/dev/render_meeting/scmeetings_2025/EN","https://undocs.org/en/S/PV.9991 (Resumption 2)","official_meeting_index_entry","Council_meeting_legal_record","not_inferred","resumption_same_base_meeting_not_extra","not_estimated","not_estimated"
"M_S_PV.9992","Council_meeting_record_variant","2025","2025-09-11","OTHER_COUNCIL_AGENDA","S/PV.9992","S/PV.9992","not_applicable","https://ydsftksff8.execute-api.us-east-1.amazonaws.com/dev/render_meeting/scmeetings_2025/EN","https://docs.un.org/S/PV.9992","official_meeting_index_entry","Council_meeting_legal_record","not_inferred","2026_index_asof_snapshot_for_2026","not_estimated","not_estimated"
"M_S_PV.9993","Council_meeting_record_variant","2025","2025-09-12","UNMISS","S/PV.9993","S/PV.9993","not_applicable","https://ydsftksff8.execute-api.us-east-1.amazonaws.com/dev/render_meeting/scmeetings_2025/EN","https://docs.un.org/S/PV.9993","official_meeting_index_entry","Council_meeting_legal_record","not_inferred","2026_index_asof_snapshot_for_2026","not_estimated","not_estimated"
"M_S_PV.9994","Council_meeting_record_variant","2025","2025-09-12","OTHER_COUNCIL_AGENDA","S/PV.9994","S/PV.9994","not_applicable","https://ydsftksff8.execute-api.us-east-1.amazonaws.com/dev/render_meeting/scmeetings_2025/EN","https://docs.un.org/S/PV.9994","official_meeting_index_entry","Council_meeting_legal_record","not_inferred","2026_index_asof_snapshot_for_2026","not_estimated","not_estimated"
"M_S_PV.9995","Council_meeting_record_variant","2025","2025-09-12","OTHER_COUNCIL_AGENDA","S/PV.9995","S/PV.9995","not_applicable","https://ydsftksff8.execute-api.us-east-1.amazonaws.com/dev/render_meeting/scmeetings_2025/EN","https://docs.un.org/S/PV.9995","official_meeting_index_entry","Council_meeting_legal_record","not_inferred","2026_index_asof_snapshot_for_2026","not_estimated","not_estimated"
"M_S_PV.9996","Council_meeting_record_variant","2025","2025-09-15","OTHER_COUNCIL_AGENDA","S/PV.9996","S/PV.9996","not_applicable","https://ydsftksff8.execute-api.us-east-1.amazonaws.com/dev/render_meeting/scmeetings_2025/EN","https://docs.un.org/S/PV.9996","official_meeting_index_entry","Council_meeting_legal_record","not_inferred","2026_index_asof_snapshot_for_2026","not_estimated","not_estimated"
"M_S_PV.9997","Council_meeting_record_variant","2025","2025-09-17","OTHER_COUNCIL_AGENDA","S/PV.9997","S/PV.9997","not_applicable","https://ydsftksff8.execute-api.us-east-1.amazonaws.com/dev/render_meeting/scmeetings_2025/EN","https://docs.un.org/S/PV.9997","official_meeting_index_entry","Council_meeting_legal_record","not_inferred","2026_index_asof_snapshot_for_2026","not_estimated","not_estimated"
"M_S_PV.9998","Council_meeting_record_variant","2025","2025-09-17","UNAMA","S/PV.9998","S/PV.9998","not_applicable","https://ydsftksff8.execute-api.us-east-1.amazonaws.com/dev/render_meeting/scmeetings_2025/EN","https://docs.un.org/S/PV.9998","official_meeting_index_entry","Council_meeting_legal_record","not_inferred","2026_index_asof_snapshot_for_2026","not_estimated","not_estimated"
"M_S_PV.10000","Council_meeting_record_variant","2025","2025-09-18","OTHER_COUNCIL_AGENDA","S/PV.10000","S/PV.10000","not_applicable","https://ydsftksff8.execute-api.us-east-1.amazonaws.com/dev/render_meeting/scmeetings_2025/EN","https://docs.un.org/S/PV.10000","official_meeting_index_entry","Council_meeting_legal_record","not_inferred","2026_index_asof_snapshot_for_2026","not_estimated","not_estimated"
"M_S_PV.9999","Council_meeting_record_variant","2025","2025-09-18","OTHER_COUNCIL_AGENDA","S/PV.9999","S/PV.9999","not_applicable","https://ydsftksff8.execute-api.us-east-1.amazonaws.com/dev/render_meeting/scmeetings_2025/EN","https://docs.un.org/S/PV.9999","official_meeting_index_entry","Council_meeting_legal_record","not_inferred","2026_index_asof_snapshot_for_2026","not_estimated","not_estimated"
"M_S_PV.10001","Council_meeting_record_variant","2025","2025-09-19","OTHER_COUNCIL_AGENDA","S/PV.10001","S/PV.10001","not_applicable","https://ydsftksff8.execute-api.us-east-1.amazonaws.com/dev/render_meeting/scmeetings_2025/EN","https://docs.un.org/S/PV.10001","official_meeting_index_entry","Council_meeting_legal_record","not_inferred","2026_index_asof_snapshot_for_2026","not_estimated","not_estimated"
"M_S_PV.10002","Council_meeting_record_variant","2025","2025-09-22","OTHER_COUNCIL_AGENDA","S/PV.10002","S/PV.10002","not_applicable","https://ydsftksff8.execute-api.us-east-1.amazonaws.com/dev/render_meeting/scmeetings_2025/EN","https://docs.un.org/S/PV.10002","official_meeting_index_entry","Council_meeting_legal_record","not_inferred","2026_index_asof_snapshot_for_2026","not_estimated","not_estimated"
"M_S_PV.10003","Council_meeting_record_variant","2025","2025-09-23","OTHER_COUNCIL_AGENDA","S/PV.10003","S/PV.10003","not_applicable","https://ydsftksff8.execute-api.us-east-1.amazonaws.com/dev/render_meeting/scmeetings_2025/EN","https://docs.un.org/S/PV.10003","official_meeting_index_entry","Council_meeting_legal_record","not_inferred","2026_index_asof_snapshot_for_2026","not_estimated","not_estimated"
"M_S_PV.10004","Council_meeting_record_variant","2025","2025-09-23","OTHER_COUNCIL_AGENDA","S/PV.10004","S/PV.10004","not_applicable","https://ydsftksff8.execute-api.us-east-1.amazonaws.com/dev/render_meeting/scmeetings_2025/EN","https://docs.un.org/S/PV.10004","official_meeting_index_entry","Council_meeting_legal_record","not_inferred","2026_index_asof_snapshot_for_2026","not_estimated","not_estimated"
"M_S_PV.10005","Council_meeting_record_variant","2025","2025-09-24","OTHER_COUNCIL_AGENDA","S/PV.10005","S/PV.10005","not_applicable","https://ydsftksff8.execute-api.us-east-1.amazonaws.com/dev/render_meeting/scmeetings_2025/EN","https://docs.un.org/S/PV.10005","official_meeting_index_entry","Council_meeting_legal_record","not_inferred","2026_index_asof_snapshot_for_2026","not_estimated","not_estimated"
"M_S_PV.10005_Resumption_1","Council_meeting_record_variant","2025","2025-09-25","OTHER_COUNCIL_AGENDA","S/PV.10005/Resumption_1","S/PV.10005","not_applicable","https://ydsftksff8.execute-api.us-east-1.amazonaws.com/dev/render_meeting/scmeetings_2025/EN","https://docs.un.org/S/PV.10005 (Resumption 1)","official_meeting_index_entry","Council_meeting_legal_record","not_inferred","resumption_same_base_meeting_not_extra","not_estimated","not_estimated"
"M_S_PV.10005_Resumption_2","Council_meeting_record_variant","2025","2025-09-26","OTHER_COUNCIL_AGENDA","S/PV.10005/Resumption_2","S/PV.10005","not_applicable","https://ydsftksff8.execute-api.us-east-1.amazonaws.com/dev/render_meeting/scmeetings_2025/EN","https://docs.un.org/S/PV.10005 (Resumption 2)","official_meeting_index_entry","Council_meeting_legal_record","not_inferred","resumption_same_base_meeting_not_extra","not_estimated","not_estimated"
"M_S_PV.10006","Council_meeting_record_variant","2025","2025-09-26","OTHER_COUNCIL_AGENDA","S/PV.10006","S/PV.10006","not_applicable","https://ydsftksff8.execute-api.us-east-1.amazonaws.com/dev/render_meeting/scmeetings_2025/EN","https://docs.un.org/S/PV.10006","official_meeting_index_entry","Council_meeting_legal_record","not_inferred","2026_index_asof_snapshot_for_2026","not_estimated","not_estimated"
"M_S_PV.10007","Council_meeting_record_variant","2025","2025-09-29","OTHER_COUNCIL_AGENDA","S/PV.10007","S/PV.10007","not_applicable","https://ydsftksff8.execute-api.us-east-1.amazonaws.com/dev/render_meeting/scmeetings_2025/EN","https://docs.un.org/S/PV.10007","official_meeting_index_entry","Council_meeting_legal_record","not_inferred","2026_index_asof_snapshot_for_2026","not_estimated","not_estimated"
"M_S_PV.10008","Council_meeting_record_variant","2025","2025-09-30","MONUSCO","S/PV.10008","S/PV.10008","not_applicable","https://ydsftksff8.execute-api.us-east-1.amazonaws.com/dev/render_meeting/scmeetings_2025/EN","https://docs.un.org/S/PV.10008","official_meeting_index_entry","Council_meeting_legal_record","not_inferred","2026_index_asof_snapshot_for_2026","not_estimated","not_estimated"
"M_S_PV.10009","Council_meeting_record_variant","2025","2025-09-30","BINUH","S/PV.10009","S/PV.10009","not_applicable","https://ydsftksff8.execute-api.us-east-1.amazonaws.com/dev/render_meeting/scmeetings_2025/EN","https://docs.un.org/S/PV.10009","official_meeting_index_entry","Council_meeting_legal_record","not_inferred","2026_index_asof_snapshot_for_2026","not_estimated","not_estimated"
"M_S_PV.10010","Council_meeting_record_variant","2025","2025-10-03","COLOMBIA","S/PV.10010","S/PV.10010","not_applicable","https://ydsftksff8.execute-api.us-east-1.amazonaws.com/dev/render_meeting/scmeetings_2025/EN","https://docs.un.org/S/PV.10010","official_meeting_index_entry","Council_meeting_legal_record","not_inferred","2026_index_asof_snapshot_for_2026","not_estimated","not_estimated"
"M_S_PV.10011","Council_meeting_record_variant","2025","2025-10-06","WPS","S/PV.10011","S/PV.10011","not_applicable","https://ydsftksff8.execute-api.us-east-1.amazonaws.com/dev/render_meeting/scmeetings_2025/EN","https://docs.un.org/S/PV.10011","official_meeting_index_entry","Council_meeting_legal_record","not_inferred","2026_index_asof_snapshot_for_2026","not_estimated","not_estimated"
"M_S_PV.10011_Resumption_1","Council_meeting_record_variant","2025","2025-10-06","WPS","S/PV.10011/Resumption_1","S/PV.10011","not_applicable","https://ydsftksff8.execute-api.us-east-1.amazonaws.com/dev/render_meeting/scmeetings_2025/EN","https://docs.un.org/S/PV.10011 (Resumption 1)","official_meeting_index_entry","Council_meeting_legal_record","not_inferred","resumption_same_base_meeting_not_extra","not_estimated","not_estimated"
"M_S_PV.10011_Resumption_2","Council_meeting_record_variant","2025","2025-10-07","WPS","S/PV.10011/Resumption_2","S/PV.10011","not_applicable","https://ydsftksff8.execute-api.us-east-1.amazonaws.com/dev/render_meeting/scmeetings_2025/EN","https://docs.un.org/S/PV.10011 (Resumption 2)","official_meeting_index_entry","Council_meeting_legal_record","not_inferred","resumption_same_base_meeting_not_extra","not_estimated","not_estimated"
"M_S_PV.10012","Council_meeting_record_variant","2025","2025-10-07","OTHER_COUNCIL_AGENDA","S/PV.10012","S/PV.10012","not_applicable","https://ydsftksff8.execute-api.us-east-1.amazonaws.com/dev/render_meeting/scmeetings_2025/EN","https://docs.un.org/S/PV.10012","official_meeting_index_entry","Council_meeting_legal_record","not_inferred","2026_index_asof_snapshot_for_2026","not_estimated","not_estimated"
"M_S_PV.10013","Council_meeting_record_variant","2025","2025-10-08","UNSOS_SOMALIA","S/PV.10013","S/PV.10013","not_applicable","https://ydsftksff8.execute-api.us-east-1.amazonaws.com/dev/render_meeting/scmeetings_2025/EN","https://docs.un.org/S/PV.10013","official_meeting_index_entry","Council_meeting_legal_record","not_inferred","2026_index_asof_snapshot_for_2026","not_estimated","not_estimated"
"M_S_PV.10014","Council_meeting_record_variant","2025","2025-10-08","OTHER_COUNCIL_AGENDA","S/PV.10014","S/PV.10014","not_applicable","https://ydsftksff8.execute-api.us-east-1.amazonaws.com/dev/render_meeting/scmeetings_2025/EN","https://docs.un.org/S/PV.10014","official_meeting_index_entry","Council_meeting_legal_record","not_inferred","2026_index_asof_snapshot_for_2026","not_estimated","not_estimated"
"M_S_PV.10015","Council_meeting_record_variant","2025","2025-10-10","OTHER_COUNCIL_AGENDA","S/PV.10015","S/PV.10015","not_applicable","https://ydsftksff8.execute-api.us-east-1.amazonaws.com/dev/render_meeting/scmeetings_2025/EN","https://docs.un.org/S/PV.10015","official_meeting_index_entry","Council_meeting_legal_record","not_inferred","2026_index_asof_snapshot_for_2026","not_estimated","not_estimated"
"M_S_PV.10016","Council_meeting_record_variant","2025","2025-10-13","OTHER_COUNCIL_AGENDA","S/PV.10016","S/PV.10016","not_applicable","https://ydsftksff8.execute-api.us-east-1.amazonaws.com/dev/render_meeting/scmeetings_2025/EN","https://docs.un.org/S/PV.10016","official_meeting_index_entry","Council_meeting_legal_record","not_inferred","2026_index_asof_snapshot_for_2026","not_estimated","not_estimated"
"M_S_PV.10017","Council_meeting_record_variant","2025","2025-10-14","UNSMIL","S/PV.10017","S/PV.10017","not_applicable","https://ydsftksff8.execute-api.us-east-1.amazonaws.com/dev/render_meeting/scmeetings_2025/EN","https://docs.un.org/S/PV.10017","official_meeting_index_entry","Council_meeting_legal_record","not_inferred","2026_index_asof_snapshot_for_2026","not_estimated","not_estimated"
"M_S_PV.10018","Council_meeting_record_variant","2025","2025-10-17","BINUH","S/PV.10018","S/PV.10018","not_applicable","https://ydsftksff8.execute-api.us-east-1.amazonaws.com/dev/render_meeting/scmeetings_2025/EN","https://docs.un.org/S/PV.10018","official_meeting_index_entry","Council_meeting_legal_record","not_inferred","2026_index_asof_snapshot_for_2026","not_estimated","not_estimated"
"M_S_PV.10019","Council_meeting_record_variant","2025","2025-10-21","OTHER_COUNCIL_AGENDA","S/PV.10019","S/PV.10019","not_applicable","https://ydsftksff8.execute-api.us-east-1.amazonaws.com/dev/render_meeting/scmeetings_2025/EN","https://docs.un.org/S/PV.10019","official_meeting_index_entry","Council_meeting_legal_record","not_inferred","2026_index_asof_snapshot_for_2026","not_estimated","not_estimated"
"M_S_PV.10020","Council_meeting_record_variant","2025","2025-10-21","OTHER_COUNCIL_AGENDA","S/PV.10020","S/PV.10020","not_applicable","https://ydsftksff8.execute-api.us-east-1.amazonaws.com/dev/render_meeting/scmeetings_2025/EN","https://docs.un.org/S/PV.10020","official_meeting_index_entry","Council_meeting_legal_record","not_inferred","2026_index_asof_snapshot_for_2026","not_estimated","not_estimated"
"M_S_PV.10021","Council_meeting_record_variant","2025","2025-10-22","OTHER_COUNCIL_AGENDA","S/PV.10021","S/PV.10021","not_applicable","https://ydsftksff8.execute-api.us-east-1.amazonaws.com/dev/render_meeting/scmeetings_2025/EN","https://docs.un.org/S/PV.10021","official_meeting_index_entry","Council_meeting_legal_record","not_inferred","2026_index_asof_snapshot_for_2026","not_estimated","not_estimated"
"M_S_PV.10022","Council_meeting_record_variant","2025","2025-10-22","BINUH","S/PV.10022","S/PV.10022","not_applicable","https://ydsftksff8.execute-api.us-east-1.amazonaws.com/dev/render_meeting/scmeetings_2025/EN","https://docs.un.org/S/PV.10022","official_meeting_index_entry","Council_meeting_legal_record","not_inferred","2026_index_asof_snapshot_for_2026","not_estimated","not_estimated"
"M_S_PV.10023","Council_meeting_record_variant","2025","2025-10-23","OTHER_COUNCIL_AGENDA","S/PV.10023","S/PV.10023","not_applicable","https://ydsftksff8.execute-api.us-east-1.amazonaws.com/dev/render_meeting/scmeetings_2025/EN","https://docs.un.org/S/PV.10023","official_meeting_index_entry","Council_meeting_legal_record","not_inferred","2026_index_asof_snapshot_for_2026","not_estimated","not_estimated"
"M_S_PV.10024","Council_meeting_record_variant","2025","2025-10-24","OTHER_COUNCIL_AGENDA","S/PV.10024","S/PV.10024","not_applicable","https://ydsftksff8.execute-api.us-east-1.amazonaws.com/dev/render_meeting/scmeetings_2025/EN","https://docs.un.org/S/PV.10024","official_meeting_index_entry","Council_meeting_legal_record","not_inferred","2026_index_asof_snapshot_for_2026","not_estimated","not_estimated"
"M_S_PV.10024_Resumption_1","Council_meeting_record_variant","2025","2025-10-24","OTHER_COUNCIL_AGENDA","S/PV.10024/Resumption_1","S/PV.10024","not_applicable","https://ydsftksff8.execute-api.us-east-1.amazonaws.com/dev/render_meeting/scmeetings_2025/EN","https://docs.un.org/S/PV.10024 (Resumption 1)","official_meeting_index_entry","Council_meeting_legal_record","not_inferred","resumption_same_base_meeting_not_extra","not_estimated","not_estimated"
"M_S_PV.10023_Resumption_1","Council_meeting_record_variant","2025","2025-10-27","OTHER_COUNCIL_AGENDA","S/PV.10023/Resumption_1","S/PV.10023","not_applicable","https://ydsftksff8.execute-api.us-east-1.amazonaws.com/dev/render_meeting/scmeetings_2025/EN","https://docs.un.org/S/PV.10023 (Resumption 1)","official_meeting_index_entry","Council_meeting_legal_record","not_inferred","resumption_same_base_meeting_not_extra","not_estimated","not_estimated"
"M_S_PV.10023_Resumption_2","Council_meeting_record_variant","2025","2025-10-27","OTHER_COUNCIL_AGENDA","S/PV.10023/Resumption_2","S/PV.10023","not_applicable","https://ydsftksff8.execute-api.us-east-1.amazonaws.com/dev/render_meeting/scmeetings_2025/EN","https://docs.un.org/S/PV.10023 (Resumption 2)","official_meeting_index_entry","Council_meeting_legal_record","not_inferred","resumption_same_base_meeting_not_extra","not_estimated","not_estimated"
"M_S_PV.10025","Council_meeting_record_variant","2025","2025-10-28","MINUSCA","S/PV.10025","S/PV.10025","not_applicable","https://ydsftksff8.execute-api.us-east-1.amazonaws.com/dev/render_meeting/scmeetings_2025/EN","https://docs.un.org/S/PV.10025","official_meeting_index_entry","Council_meeting_legal_record","not_inferred","2026_index_asof_snapshot_for_2026","not_estimated","not_estimated"
"M_S_PV.10026","Council_meeting_record_variant","2025","2025-10-29","OTHER_COUNCIL_AGENDA","S/PV.10026","S/PV.10026","not_applicable","https://ydsftksff8.execute-api.us-east-1.amazonaws.com/dev/render_meeting/scmeetings_2025/EN","https://docs.un.org/S/PV.10026","official_meeting_index_entry","Council_meeting_legal_record","not_inferred","2026_index_asof_snapshot_for_2026","not_estimated","not_estimated"
"M_S_PV.10027","Council_meeting_record_variant","2025","2025-10-30","UNMISS","S/PV.10027","S/PV.10027","not_applicable","https://ydsftksff8.execute-api.us-east-1.amazonaws.com/dev/render_meeting/scmeetings_2025/EN","https://docs.un.org/S/PV.10027","official_meeting_index_entry","Council_meeting_legal_record","not_inferred","2026_index_asof_snapshot_for_2026","not_estimated","not_estimated"
"M_S_PV.10028","Council_meeting_record_variant","2025","2025-10-31","OTHER_COUNCIL_AGENDA","S/PV.10028","S/PV.10028","not_applicable","https://ydsftksff8.execute-api.us-east-1.amazonaws.com/dev/render_meeting/scmeetings_2025/EN","https://docs.un.org/S/PV.10028","official_meeting_index_entry","Council_meeting_legal_record","not_inferred","2026_index_asof_snapshot_for_2026","not_estimated","not_estimated"
"M_S_PV.10029","Council_meeting_record_variant","2025","2025-10-31","UNSMIL","S/PV.10029","S/PV.10029","not_applicable","https://ydsftksff8.execute-api.us-east-1.amazonaws.com/dev/render_meeting/scmeetings_2025/EN","https://docs.un.org/S/PV.10029","official_meeting_index_entry","Council_meeting_legal_record","not_inferred","2026_index_asof_snapshot_for_2026","not_estimated","not_estimated"
"M_S_PV.10030","Council_meeting_record_variant","2025","2025-10-31","MINURSO_SAHARA","S/PV.10030","S/PV.10030","not_applicable","https://ydsftksff8.execute-api.us-east-1.amazonaws.com/dev/render_meeting/scmeetings_2025/EN","https://docs.un.org/S/PV.10030","official_meeting_index_entry","Council_meeting_legal_record","not_inferred","2026_index_asof_snapshot_for_2026","not_estimated","not_estimated"
"M_S_PV.10031","Council_meeting_record_variant","2025","2025-10-31","COLOMBIA","S/PV.10031","S/PV.10031","not_applicable","https://ydsftksff8.execute-api.us-east-1.amazonaws.com/dev/render_meeting/scmeetings_2025/EN","https://docs.un.org/S/PV.10031","official_meeting_index_entry","Council_meeting_legal_record","not_inferred","2026_index_asof_snapshot_for_2026","not_estimated","not_estimated"
"M_S_PV.10032","Council_meeting_record_variant","2025","2025-11-04","OTHER_COUNCIL_AGENDA","S/PV.10032","S/PV.10032","not_applicable","https://ydsftksff8.execute-api.us-east-1.amazonaws.com/dev/render_meeting/scmeetings_2025/EN","https://docs.un.org/S/PV.10032","official_meeting_index_entry","Council_meeting_legal_record","not_inferred","2026_index_asof_snapshot_for_2026","not_estimated","not_estimated"
"M_S_PV.10033","Council_meeting_record_variant","2025","2025-11-05","OTHER_COUNCIL_AGENDA","S/PV.10033","S/PV.10033","not_applicable","https://ydsftksff8.execute-api.us-east-1.amazonaws.com/dev/render_meeting/scmeetings_2025/EN","https://docs.un.org/S/PV.10033","official_meeting_index_entry","Council_meeting_legal_record","not_inferred","2026_index_asof_snapshot_for_2026","not_estimated","not_estimated"
"M_S_PV.10034","Council_meeting_record_variant","2025","2025-11-05","UNMISS","S/PV.10034","S/PV.10034","not_applicable","https://ydsftksff8.execute-api.us-east-1.amazonaws.com/dev/render_meeting/scmeetings_2025/EN","https://docs.un.org/S/PV.10034","official_meeting_index_entry","Council_meeting_legal_record","not_inferred","2026_index_asof_snapshot_for_2026","not_estimated","not_estimated"
"M_S_PV.10035","Council_meeting_record_variant","2025","2025-11-06","OTHER_COUNCIL_AGENDA","S/PV.10035","S/PV.10035","not_applicable","https://ydsftksff8.execute-api.us-east-1.amazonaws.com/dev/render_meeting/scmeetings_2025/EN","https://docs.un.org/S/PV.10035","official_meeting_index_entry","Council_meeting_legal_record","not_inferred","2026_index_asof_snapshot_for_2026","not_estimated","not_estimated"
"M_S_PV.10036","Council_meeting_record_variant","2025","2025-11-06","COUNTERTERRORISM","S/PV.10036","S/PV.10036","not_applicable","https://ydsftksff8.execute-api.us-east-1.amazonaws.com/dev/render_meeting/scmeetings_2025/EN","https://docs.un.org/S/PV.10036","official_meeting_index_entry","Council_meeting_legal_record","not_inferred","2026_index_asof_snapshot_for_2026","not_estimated","not_estimated"
"M_S_PV.10037","Council_meeting_record_variant","2025","2025-11-10","OTHER_COUNCIL_AGENDA","S/PV.10037","S/PV.10037","not_applicable","https://ydsftksff8.execute-api.us-east-1.amazonaws.com/dev/render_meeting/scmeetings_2025/EN","https://docs.un.org/S/PV.10037","official_meeting_index_entry","Council_meeting_legal_record","not_inferred","2026_index_asof_snapshot_for_2026","not_estimated","not_estimated"
"M_S_PV.10037_Resumption_1","Council_meeting_record_variant","2025","2025-11-10","OTHER_COUNCIL_AGENDA","S/PV.10037/Resumption_1","S/PV.10037","not_applicable","https://ydsftksff8.execute-api.us-east-1.amazonaws.com/dev/render_meeting/scmeetings_2025/EN","https://docs.un.org/S/PV.10037 (Resumption 1)","official_meeting_index_entry","Council_meeting_legal_record","not_inferred","resumption_same_base_meeting_not_extra","not_estimated","not_estimated"
"M_S_PV.10038","Council_meeting_record_variant","2025","2025-11-11","UNMISS","S/PV.10038","S/PV.10038","not_applicable","https://ydsftksff8.execute-api.us-east-1.amazonaws.com/dev/render_meeting/scmeetings_2025/EN","https://docs.un.org/S/PV.10038","official_meeting_index_entry","Council_meeting_legal_record","not_inferred","2026_index_asof_snapshot_for_2026","not_estimated","not_estimated"
"M_S_PV.10039","Council_meeting_record_variant","2025","2025-11-12","OTHER_COUNCIL_AGENDA","S/PV.10039","S/PV.10039","not_applicable","https://ydsftksff8.execute-api.us-east-1.amazonaws.com/dev/render_meeting/scmeetings_2025/EN","https://docs.un.org/S/PV.10039","official_meeting_index_entry","Council_meeting_legal_record","not_inferred","2026_index_asof_snapshot_for_2026","not_estimated","not_estimated"
"M_S_PV.10040","Council_meeting_record_variant","2025","2025-11-12","OTHER_COUNCIL_AGENDA","S/PV.10040","S/PV.10040","not_applicable","https://ydsftksff8.execute-api.us-east-1.amazonaws.com/dev/render_meeting/scmeetings_2025/EN","https://docs.un.org/S/PV.10040","official_meeting_index_entry","Council_meeting_legal_record","not_inferred","2026_index_asof_snapshot_for_2026","not_estimated","not_estimated"
"M_S_PV.10041","Council_meeting_record_variant","2025","2025-11-13","MINUSCA","S/PV.10041","S/PV.10041","not_applicable","https://ydsftksff8.execute-api.us-east-1.amazonaws.com/dev/render_meeting/scmeetings_2025/EN","https://docs.un.org/S/PV.10041","official_meeting_index_entry","Council_meeting_legal_record","not_inferred","2026_index_asof_snapshot_for_2026","not_estimated","not_estimated"
"M_S_PV.10042","Council_meeting_record_variant","2025","2025-11-13","UNMISS","S/PV.10042","S/PV.10042","not_applicable","https://ydsftksff8.execute-api.us-east-1.amazonaws.com/dev/render_meeting/scmeetings_2025/EN","https://docs.un.org/S/PV.10042","official_meeting_index_entry","Council_meeting_legal_record","not_inferred","2026_index_asof_snapshot_for_2026","not_estimated","not_estimated"
"M_S_PV.10042_Resumption_1","Council_meeting_record_variant","2025","2025-11-14","UNMISS","S/PV.10042/Resumption_1","S/PV.10042","not_applicable","https://ydsftksff8.execute-api.us-east-1.amazonaws.com/dev/render_meeting/scmeetings_2025/EN","https://docs.un.org/S/PV.10042 (Resumption 1)","official_meeting_index_entry","Council_meeting_legal_record","not_inferred","resumption_same_base_meeting_not_extra","not_estimated","not_estimated"
"M_S_PV.10043","Council_meeting_record_variant","2025","2025-11-14","OTHER_COUNCIL_AGENDA","S/PV.10043","S/PV.10043","not_applicable","https://ydsftksff8.execute-api.us-east-1.amazonaws.com/dev/render_meeting/scmeetings_2025/EN","https://docs.un.org/S/PV.10043","official_meeting_index_entry","Council_meeting_legal_record","not_inferred","2026_index_asof_snapshot_for_2026","not_estimated","not_estimated"
"M_S_PV.10043_Resumption_1","Council_meeting_record_variant","2025","2025-11-14","OTHER_COUNCIL_AGENDA","S/PV.10043/Resumption_1","S/PV.10043","not_applicable","https://ydsftksff8.execute-api.us-east-1.amazonaws.com/dev/render_meeting/scmeetings_2025/EN","https://docs.un.org/S/PV.10043 (Resumption 1)","official_meeting_index_entry","Council_meeting_legal_record","not_inferred","resumption_same_base_meeting_not_extra","not_estimated","not_estimated"
"M_S_PV.10044","Council_meeting_record_variant","2025","2025-11-14","OTHER_COUNCIL_AGENDA","S/PV.10044","S/PV.10044","not_applicable","https://ydsftksff8.execute-api.us-east-1.amazonaws.com/dev/render_meeting/scmeetings_2025/EN","https://docs.un.org/S/PV.10044","official_meeting_index_entry","Council_meeting_legal_record","not_inferred","2026_index_asof_snapshot_for_2026","not_estimated","not_estimated"
"M_S_PV.10045","Council_meeting_record_variant","2025","2025-11-17","OTHER_COUNCIL_AGENDA","S/PV.10045","S/PV.10045","not_applicable","https://ydsftksff8.execute-api.us-east-1.amazonaws.com/dev/render_meeting/scmeetings_2025/EN","https://docs.un.org/S/PV.10045","official_meeting_index_entry","Council_meeting_legal_record","not_inferred","2026_index_asof_snapshot_for_2026","not_estimated","not_estimated"
"M_S_PV.10046","Council_meeting_record_variant","2025","2025-11-17","OTHER_COUNCIL_AGENDA","S/PV.10046","S/PV.10046","not_applicable","https://ydsftksff8.execute-api.us-east-1.amazonaws.com/dev/render_meeting/scmeetings_2025/EN","https://docs.un.org/S/PV.10046","official_meeting_index_entry","Council_meeting_legal_record","not_inferred","2026_index_asof_snapshot_for_2026","not_estimated","not_estimated"
"M_S_PV.10045_Resumption_1","Council_meeting_record_variant","2025","2025-11-18","OTHER_COUNCIL_AGENDA","S/PV.10045/Resumption_1","S/PV.10045","not_applicable","https://ydsftksff8.execute-api.us-east-1.amazonaws.com/dev/render_meeting/scmeetings_2025/EN","https://docs.un.org/S/PV.10045 (Resumption 1)","official_meeting_index_entry","Council_meeting_legal_record","not_inferred","resumption_same_base_meeting_not_extra","not_estimated","not_estimated"
"M_S_PV.10047","Council_meeting_record_variant","2025","2025-11-18","UNOWAS","S/PV.10047","S/PV.10047","not_applicable","https://ydsftksff8.execute-api.us-east-1.amazonaws.com/dev/render_meeting/scmeetings_2025/EN","https://docs.un.org/S/PV.10047","official_meeting_index_entry","Council_meeting_legal_record","not_inferred","2026_index_asof_snapshot_for_2026","not_estimated","not_estimated"
"M_S_PV.10048","Council_meeting_record_variant","2025","2025-11-19","OTHER_COUNCIL_AGENDA","S/PV.10048","S/PV.10048","not_applicable","https://ydsftksff8.execute-api.us-east-1.amazonaws.com/dev/render_meeting/scmeetings_2025/EN","https://docs.un.org/S/PV.10048","official_meeting_index_entry","Council_meeting_legal_record","not_inferred","2026_index_asof_snapshot_for_2026","not_estimated","not_estimated"
"M_S_PV.10049","Council_meeting_record_variant","2025","2025-11-19","OTHER_COUNCIL_AGENDA","S/PV.10049","S/PV.10049","not_applicable","https://ydsftksff8.execute-api.us-east-1.amazonaws.com/dev/render_meeting/scmeetings_2025/EN","https://docs.un.org/S/PV.10049","official_meeting_index_entry","Council_meeting_legal_record","not_inferred","2026_index_asof_snapshot_for_2026","not_estimated","not_estimated"
"M_S_PV.10050","Council_meeting_record_variant","2025","2025-11-20","OTHER_COUNCIL_AGENDA","S/PV.10050","S/PV.10050","not_applicable","https://ydsftksff8.execute-api.us-east-1.amazonaws.com/dev/render_meeting/scmeetings_2025/EN","https://docs.un.org/S/PV.10050","official_meeting_index_entry","Council_meeting_legal_record","not_inferred","2026_index_asof_snapshot_for_2026","not_estimated","not_estimated"
"M_S_PV.10051","Council_meeting_record_variant","2025","2025-11-24","OTHER_COUNCIL_AGENDA","S/PV.10051","S/PV.10051","not_applicable","https://ydsftksff8.execute-api.us-east-1.amazonaws.com/dev/render_meeting/scmeetings_2025/EN","https://docs.un.org/S/PV.10051","official_meeting_index_entry","Council_meeting_legal_record","not_inferred","2026_index_asof_snapshot_for_2026","not_estimated","not_estimated"
"M_S_PV.10052","Council_meeting_record_variant","2025","2025-11-25","UNSMIL","S/PV.10052","S/PV.10052","not_applicable","https://ydsftksff8.execute-api.us-east-1.amazonaws.com/dev/render_meeting/scmeetings_2025/EN","https://docs.un.org/S/PV.10052","official_meeting_index_entry","Council_meeting_legal_record","not_inferred","2026_index_asof_snapshot_for_2026","not_estimated","not_estimated"
"M_S_PV.10053","Council_meeting_record_variant","2025","2025-11-25","UNSMIL","S/PV.10053","S/PV.10053","not_applicable","https://ydsftksff8.execute-api.us-east-1.amazonaws.com/dev/render_meeting/scmeetings_2025/EN","https://docs.un.org/S/PV.10053","official_meeting_index_entry","Council_meeting_legal_record","not_inferred","2026_index_asof_snapshot_for_2026","not_estimated","not_estimated"
"M_S_PV.10054","Council_meeting_record_variant","2025","2025-11-26","OTHER_COUNCIL_AGENDA","S/PV.10054","S/PV.10054","not_applicable","https://ydsftksff8.execute-api.us-east-1.amazonaws.com/dev/render_meeting/scmeetings_2025/EN","https://docs.un.org/S/PV.10054","official_meeting_index_entry","Council_meeting_legal_record","not_inferred","2026_index_asof_snapshot_for_2026","not_estimated","not_estimated"
"M_S_PV.10055","Council_meeting_record_variant","2025","2025-12-02","OTHER_COUNCIL_AGENDA","S/PV.10055","S/PV.10055","not_applicable","https://ydsftksff8.execute-api.us-east-1.amazonaws.com/dev/render_meeting/scmeetings_2025/EN","https://docs.un.org/S/PV.10055","official_meeting_index_entry","Council_meeting_legal_record","not_inferred","2026_index_asof_snapshot_for_2026","not_estimated","not_estimated"
"M_S_PV.10056","Council_meeting_record_variant","2025","2025-12-08","OTHER_COUNCIL_AGENDA","S/PV.10056","S/PV.10056","not_applicable","https://ydsftksff8.execute-api.us-east-1.amazonaws.com/dev/render_meeting/scmeetings_2025/EN","https://docs.un.org/S/PV.10056","official_meeting_index_entry","Council_meeting_legal_record","not_inferred","2026_index_asof_snapshot_for_2026","not_estimated","not_estimated"
"M_S_PV.10057","Council_meeting_record_variant","2025","2025-12-09","OTHER_COUNCIL_AGENDA","S/PV.10057","S/PV.10057","not_applicable","https://ydsftksff8.execute-api.us-east-1.amazonaws.com/dev/render_meeting/scmeetings_2025/EN","https://docs.un.org/S/PV.10057","official_meeting_index_entry","Council_meeting_legal_record","not_inferred","2026_index_asof_snapshot_for_2026","not_estimated","not_estimated"
"M_S_PV.10058","Council_meeting_record_variant","2025","2025-12-10","UNAMA","S/PV.10058","S/PV.10058","not_applicable","https://ydsftksff8.execute-api.us-east-1.amazonaws.com/dev/render_meeting/scmeetings_2025/EN","https://docs.un.org/S/PV.10058","official_meeting_index_entry","Council_meeting_legal_record","not_inferred","2026_index_asof_snapshot_for_2026","not_estimated","not_estimated"
"M_S_PV.10059","Council_meeting_record_variant","2025","2025-12-10","OTHER_COUNCIL_AGENDA","S/PV.10059","S/PV.10059","not_applicable","https://ydsftksff8.execute-api.us-east-1.amazonaws.com/dev/render_meeting/scmeetings_2025/EN","https://docs.un.org/S/PV.10059","official_meeting_index_entry","Council_meeting_legal_record","not_inferred","2026_index_asof_snapshot_for_2026","not_estimated","not_estimated"
"M_S_PV.10060","Council_meeting_record_variant","2025","2025-12-11","UNOCA","S/PV.10060","S/PV.10060","not_applicable","https://ydsftksff8.execute-api.us-east-1.amazonaws.com/dev/render_meeting/scmeetings_2025/EN","https://docs.un.org/S/PV.10060","official_meeting_index_entry","Council_meeting_legal_record","not_inferred","2026_index_asof_snapshot_for_2026","not_estimated","not_estimated"
"M_S_PV.10061","Council_meeting_record_variant","2025","2025-12-11","OTHER_COUNCIL_AGENDA","S/PV.10061","S/PV.10061","not_applicable","https://ydsftksff8.execute-api.us-east-1.amazonaws.com/dev/render_meeting/scmeetings_2025/EN","https://docs.un.org/S/PV.10061","official_meeting_index_entry","Council_meeting_legal_record","not_inferred","2026_index_asof_snapshot_for_2026","not_estimated","not_estimated"
"M_S_PV.10062","Council_meeting_record_variant","2025","2025-12-11","OTHER_COUNCIL_AGENDA","S/PV.10062","S/PV.10062","not_applicable","https://ydsftksff8.execute-api.us-east-1.amazonaws.com/dev/render_meeting/scmeetings_2025/EN","https://docs.un.org/S/PV.10062","official_meeting_index_entry","Council_meeting_legal_record","not_inferred","2026_index_asof_snapshot_for_2026","not_estimated","not_estimated"
"M_S_PV.10063","Council_meeting_record_variant","2025","2025-12-12","MONUSCO","S/PV.10063","S/PV.10063","not_applicable","https://ydsftksff8.execute-api.us-east-1.amazonaws.com/dev/render_meeting/scmeetings_2025/EN","https://docs.un.org/S/PV.10063","official_meeting_index_entry","Council_meeting_legal_record","not_inferred","2026_index_asof_snapshot_for_2026","not_estimated","not_estimated"
"M_S_PV.10064","Council_meeting_record_variant","2025","2025-12-12","OTHER_COUNCIL_AGENDA","S/PV.10064","S/PV.10064","not_applicable","https://ydsftksff8.execute-api.us-east-1.amazonaws.com/dev/render_meeting/scmeetings_2025/EN","https://docs.un.org/S/PV.10064","official_meeting_index_entry","Council_meeting_legal_record","not_inferred","2026_index_asof_snapshot_for_2026","not_estimated","not_estimated"
"M_S_PV.10065","Council_meeting_record_variant","2025","2025-12-12","OTHER_COUNCIL_AGENDA","S/PV.10065","S/PV.10065","not_applicable","https://ydsftksff8.execute-api.us-east-1.amazonaws.com/dev/render_meeting/scmeetings_2025/EN","https://docs.un.org/S/PV.10065","official_meeting_index_entry","Council_meeting_legal_record","not_inferred","2026_index_asof_snapshot_for_2026","not_estimated","not_estimated"
"M_S_PV.10066","Council_meeting_record_variant","2025","2025-12-12","BINUH","S/PV.10066","S/PV.10066","not_applicable","https://ydsftksff8.execute-api.us-east-1.amazonaws.com/dev/render_meeting/scmeetings_2025/EN","https://docs.un.org/S/PV.10066","official_meeting_index_entry","Council_meeting_legal_record","not_inferred","2026_index_asof_snapshot_for_2026","not_estimated","not_estimated"
"M_S_PV.10067","Council_meeting_record_variant","2025","2025-12-15","OTHER_COUNCIL_AGENDA","S/PV.10067","S/PV.10067","not_applicable","https://ydsftksff8.execute-api.us-east-1.amazonaws.com/dev/render_meeting/scmeetings_2025/EN","https://docs.un.org/S/PV.10067","official_meeting_index_entry","Council_meeting_legal_record","not_inferred","2026_index_asof_snapshot_for_2026","not_estimated","not_estimated"
"M_S_PV.10067_Resumption_1","Council_meeting_record_variant","2025","2025-12-15","OTHER_COUNCIL_AGENDA","S/PV.10067/Resumption_1","S/PV.10067","not_applicable","https://ydsftksff8.execute-api.us-east-1.amazonaws.com/dev/render_meeting/scmeetings_2025/EN","https://docs.un.org/S/PV.10067 (Resumption 1)","official_meeting_index_entry","Council_meeting_legal_record","not_inferred","resumption_same_base_meeting_not_extra","not_estimated","not_estimated"
"M_S_PV.10068","Council_meeting_record_variant","2025","2025-12-16","OTHER_COUNCIL_AGENDA","S/PV.10068","S/PV.10068","not_applicable","https://ydsftksff8.execute-api.us-east-1.amazonaws.com/dev/render_meeting/scmeetings_2025/EN","https://docs.un.org/S/PV.10068","official_meeting_index_entry","Council_meeting_legal_record","not_inferred","2026_index_asof_snapshot_for_2026","not_estimated","not_estimated"
"M_S_PV.10069","Council_meeting_record_variant","2025","2025-12-17","OTHER_COUNCIL_AGENDA","S/PV.10069","S/PV.10069","not_applicable","https://ydsftksff8.execute-api.us-east-1.amazonaws.com/dev/render_meeting/scmeetings_2025/EN","https://docs.un.org/S/PV.10069","official_meeting_index_entry","Council_meeting_legal_record","not_inferred","2026_index_asof_snapshot_for_2026","not_estimated","not_estimated"
"M_S_PV.10070","Council_meeting_record_variant","2025","2025-12-17","OTHER_COUNCIL_AGENDA","S/PV.10070","S/PV.10070","not_applicable","https://ydsftksff8.execute-api.us-east-1.amazonaws.com/dev/render_meeting/scmeetings_2025/EN","https://docs.un.org/S/PV.10070","official_meeting_index_entry","Council_meeting_legal_record","not_inferred","2026_index_asof_snapshot_for_2026","not_estimated","not_estimated"
"M_S_PV.10071","Council_meeting_record_variant","2025","2025-12-18","OTHER_COUNCIL_AGENDA","S/PV.10071","S/PV.10071","not_applicable","https://ydsftksff8.execute-api.us-east-1.amazonaws.com/dev/render_meeting/scmeetings_2025/EN","https://docs.un.org/S/PV.10071","official_meeting_index_entry","Council_meeting_legal_record","not_inferred","2026_index_asof_snapshot_for_2026","not_estimated","not_estimated"
"M_S_PV.10072","Council_meeting_record_variant","2025","2025-12-18","OTHER_COUNCIL_AGENDA","S/PV.10072","S/PV.10072","not_applicable","https://ydsftksff8.execute-api.us-east-1.amazonaws.com/dev/render_meeting/scmeetings_2025/EN","https://docs.un.org/S/PV.10072","official_meeting_index_entry","Council_meeting_legal_record","not_inferred","2026_index_asof_snapshot_for_2026","not_estimated","not_estimated"
"M_S_PV.10073","Council_meeting_record_variant","2025","2025-12-18","UNOWAS","S/PV.10073","S/PV.10073","not_applicable","https://ydsftksff8.execute-api.us-east-1.amazonaws.com/dev/render_meeting/scmeetings_2025/EN","https://docs.un.org/S/PV.10073","official_meeting_index_entry","Council_meeting_legal_record","not_inferred","2026_index_asof_snapshot_for_2026","not_estimated","not_estimated"
"M_S_PV.10074","Council_meeting_record_variant","2025","2025-12-19","UNSMIL","S/PV.10074","S/PV.10074","not_applicable","https://ydsftksff8.execute-api.us-east-1.amazonaws.com/dev/render_meeting/scmeetings_2025/EN","https://docs.un.org/S/PV.10074","official_meeting_index_entry","Council_meeting_legal_record","not_inferred","2026_index_asof_snapshot_for_2026","not_estimated","not_estimated"
"M_S_PV.10075","Council_meeting_record_variant","2025","2025-12-19","MONUSCO","S/PV.10075","S/PV.10075","not_applicable","https://ydsftksff8.execute-api.us-east-1.amazonaws.com/dev/render_meeting/scmeetings_2025/EN","https://docs.un.org/S/PV.10075","official_meeting_index_entry","Council_meeting_legal_record","not_inferred","2026_index_asof_snapshot_for_2026","not_estimated","not_estimated"
"M_S_PV.10076","Council_meeting_record_variant","2025","2025-12-22","OTHER_COUNCIL_AGENDA","S/PV.10076","S/PV.10076","not_applicable","https://ydsftksff8.execute-api.us-east-1.amazonaws.com/dev/render_meeting/scmeetings_2025/EN","https://docs.un.org/S/PV.10076","official_meeting_index_entry","Council_meeting_legal_record","not_inferred","2026_index_asof_snapshot_for_2026","not_estimated","not_estimated"
"M_S_PV.10077","Council_meeting_record_variant","2025","2025-12-22","UNMISS","S/PV.10077","S/PV.10077","not_applicable","https://ydsftksff8.execute-api.us-east-1.amazonaws.com/dev/render_meeting/scmeetings_2025/EN","https://docs.un.org/S/PV.10077","official_meeting_index_entry","Council_meeting_legal_record","not_inferred","2026_index_asof_snapshot_for_2026","not_estimated","not_estimated"
"M_S_PV.10078","Council_meeting_record_variant","2025","2025-12-23","UNSOS_SOMALIA","S/PV.10078","S/PV.10078","not_applicable","https://ydsftksff8.execute-api.us-east-1.amazonaws.com/dev/render_meeting/scmeetings_2025/EN","https://docs.un.org/S/PV.10078","official_meeting_index_entry","Council_meeting_legal_record","not_inferred","2026_index_asof_snapshot_for_2026","not_estimated","not_estimated"
"M_S_PV.10079","Council_meeting_record_variant","2025","2025-12-23","OTHER_COUNCIL_AGENDA","S/PV.10079","S/PV.10079","not_applicable","https://ydsftksff8.execute-api.us-east-1.amazonaws.com/dev/render_meeting/scmeetings_2025/EN","https://docs.un.org/S/PV.10079","official_meeting_index_entry","Council_meeting_legal_record","not_inferred","2026_index_asof_snapshot_for_2026","not_estimated","not_estimated"
"M_S_PV.10080","Council_meeting_record_variant","2025","2025-12-23","OTHER_COUNCIL_AGENDA","S/PV.10080","S/PV.10080","not_applicable","https://ydsftksff8.execute-api.us-east-1.amazonaws.com/dev/render_meeting/scmeetings_2025/EN","https://docs.un.org/S/PV.10080","official_meeting_index_entry","Council_meeting_legal_record","not_inferred","2026_index_asof_snapshot_for_2026","not_estimated","not_estimated"
"M_S_PV.10081","Council_meeting_record_variant","2025","2025-12-29","COUNTERTERRORISM","S/PV.10081","S/PV.10081","not_applicable","https://ydsftksff8.execute-api.us-east-1.amazonaws.com/dev/render_meeting/scmeetings_2025/EN","https://docs.un.org/S/PV.10081","official_meeting_index_entry","Council_meeting_legal_record","not_inferred","2026_index_asof_snapshot_for_2026","not_estimated","not_estimated"
"M_S_PV.10082","Council_meeting_record_variant","2025","2025-12-29","OTHER_COUNCIL_AGENDA","S/PV.10082","S/PV.10082","not_applicable","https://ydsftksff8.execute-api.us-east-1.amazonaws.com/dev/render_meeting/scmeetings_2025/EN","https://docs.un.org/S/PV.10082","official_meeting_index_entry","Council_meeting_legal_record","not_inferred","2026_index_asof_snapshot_for_2026","not_estimated","not_estimated"
"M_S_PV.10083","Council_meeting_record_variant","2025","2025-12-29","OTHER_COUNCIL_AGENDA","S/PV.10083","S/PV.10083","not_applicable","https://ydsftksff8.execute-api.us-east-1.amazonaws.com/dev/render_meeting/scmeetings_2025/EN","https://docs.un.org/S/PV.10083","official_meeting_index_entry","Council_meeting_legal_record","not_inferred","2026_index_asof_snapshot_for_2026","not_estimated","not_estimated"
"M_S_PV.10084","Council_meeting_record_variant","2025","2025-12-29","OTHER_COUNCIL_AGENDA","S/PV.10084","S/PV.10084","not_applicable","https://ydsftksff8.execute-api.us-east-1.amazonaws.com/dev/render_meeting/scmeetings_2025/EN","https://docs.un.org/S/PV.10084","official_meeting_index_entry","Council_meeting_legal_record","not_inferred","2026_index_asof_snapshot_for_2026","not_estimated","not_estimated"
"M_S_PV.10085","Council_meeting_record_variant","2026","2026-01-05","OTHER_COUNCIL_AGENDA","S/PV.10085","S/PV.10085","not_applicable","https://ydsftksff8.execute-api.us-east-1.amazonaws.com/dev/render_meeting/scmeetings_2026/EN","https://docs.un.org/S/PV.10085","official_meeting_index_entry","Council_meeting_legal_record","not_inferred","2026_index_asof_snapshot_for_2026","not_estimated","not_estimated"
"M_S_PV.10086","Council_meeting_record_variant","2026","2026-01-08","OTHER_COUNCIL_AGENDA","S/PV.10086","S/PV.10086","not_applicable","https://ydsftksff8.execute-api.us-east-1.amazonaws.com/dev/render_meeting/scmeetings_2026/EN","https://docs.un.org/S/PV.10086","official_meeting_index_entry","Council_meeting_legal_record","not_inferred","2026_index_asof_snapshot_for_2026","not_estimated","not_estimated"
"M_S_PV.10087","Council_meeting_record_variant","2026","2026-01-12","OTHER_COUNCIL_AGENDA","S/PV.10087","S/PV.10087","not_applicable","https://ydsftksff8.execute-api.us-east-1.amazonaws.com/dev/render_meeting/scmeetings_2026/EN","https://docs.un.org/S/PV.10087","official_meeting_index_entry","Council_meeting_legal_record","not_inferred","2026_index_asof_snapshot_for_2026","not_estimated","not_estimated"
"M_S_PV.10088","Council_meeting_record_variant","2026","2026-01-13","OTHER_COUNCIL_AGENDA","S/PV.10088","S/PV.10088","not_applicable","https://ydsftksff8.execute-api.us-east-1.amazonaws.com/dev/render_meeting/scmeetings_2026/EN","https://docs.un.org/S/PV.10088","official_meeting_index_entry","Council_meeting_legal_record","not_inferred","2026_index_asof_snapshot_for_2026","not_estimated","not_estimated"
"M_S_PV.10089","Council_meeting_record_variant","2026","2026-01-14","OTHER_COUNCIL_AGENDA","S/PV.10089","S/PV.10089","not_applicable","https://ydsftksff8.execute-api.us-east-1.amazonaws.com/dev/render_meeting/scmeetings_2026/EN","https://docs.un.org/S/PV.10089","official_meeting_index_entry","Council_meeting_legal_record","not_inferred","2026_index_asof_snapshot_for_2026","not_estimated","not_estimated"
"M_S_PV.10090","Council_meeting_record_variant","2026","2026-01-14","OTHER_COUNCIL_AGENDA","S/PV.10090","S/PV.10090","not_applicable","https://ydsftksff8.execute-api.us-east-1.amazonaws.com/dev/render_meeting/scmeetings_2026/EN","https://docs.un.org/S/PV.10090","official_meeting_index_entry","Council_meeting_legal_record","not_inferred","2026_index_asof_snapshot_for_2026","not_estimated","not_estimated"
"M_S_PV.10091","Council_meeting_record_variant","2026","2026-01-15","OTHER_COUNCIL_AGENDA","S/PV.10091","S/PV.10091","not_applicable","https://ydsftksff8.execute-api.us-east-1.amazonaws.com/dev/render_meeting/scmeetings_2026/EN","https://docs.un.org/S/PV.10091","official_meeting_index_entry","Council_meeting_legal_record","not_inferred","2026_index_asof_snapshot_for_2026","not_estimated","not_estimated"
"M_S_PV.10092","Council_meeting_record_variant","2026","2026-01-19","UNMISS","S/PV.10092","S/PV.10092","not_applicable","https://ydsftksff8.execute-api.us-east-1.amazonaws.com/dev/render_meeting/scmeetings_2026/EN","https://docs.un.org/S/PV.10092","official_meeting_index_entry","Council_meeting_legal_record","not_inferred","2026_index_asof_snapshot_for_2026","not_estimated","not_estimated"
"M_S_PV.10093","Council_meeting_record_variant","2026","2026-01-21","BINUH","S/PV.10093","S/PV.10093","not_applicable","https://ydsftksff8.execute-api.us-east-1.amazonaws.com/dev/render_meeting/scmeetings_2026/EN","https://docs.un.org/S/PV.10093","official_meeting_index_entry","Council_meeting_legal_record","not_inferred","2026_index_asof_snapshot_for_2026","not_estimated","not_estimated"
"M_S_PV.10094","Council_meeting_record_variant","2026","2026-01-22","OTHER_COUNCIL_AGENDA","S/PV.10094","S/PV.10094","not_applicable","https://ydsftksff8.execute-api.us-east-1.amazonaws.com/dev/render_meeting/scmeetings_2026/EN","https://docs.un.org/S/PV.10094","official_meeting_index_entry","Council_meeting_legal_record","not_inferred","2026_index_asof_snapshot_for_2026","not_estimated","not_estimated"
"M_S_PV.10095","Council_meeting_record_variant","2026","2026-01-23","COLOMBIA","S/PV.10095","S/PV.10095","not_applicable","https://ydsftksff8.execute-api.us-east-1.amazonaws.com/dev/render_meeting/scmeetings_2026/EN","https://docs.un.org/S/PV.10095","official_meeting_index_entry","Council_meeting_legal_record","not_inferred","2026_index_asof_snapshot_for_2026","not_estimated","not_estimated"
"M_S_PV.10096","Council_meeting_record_variant","2026","2026-01-26","OTHER_COUNCIL_AGENDA","S/PV.10096","S/PV.10096","not_applicable","https://ydsftksff8.execute-api.us-east-1.amazonaws.com/dev/render_meeting/scmeetings_2026/EN","https://docs.un.org/S/PV.10096","official_meeting_index_entry","Council_meeting_legal_record","not_inferred","2026_index_asof_snapshot_for_2026","not_estimated","not_estimated"
"M_S_PV.10096_Resumption_1","Council_meeting_record_variant","2026","2026-01-26","OTHER_COUNCIL_AGENDA","S/PV.10096/Resumption_1","S/PV.10096","not_applicable","https://ydsftksff8.execute-api.us-east-1.amazonaws.com/dev/render_meeting/scmeetings_2026/EN","https://docs.un.org/S/PV.10096 (Resumption 1)","official_meeting_index_entry","Council_meeting_legal_record","not_inferred","resumption_same_base_meeting_not_extra","not_estimated","not_estimated"
"M_S_PV.10096_Resumption_2","Council_meeting_record_variant","2026","2026-01-27","OTHER_COUNCIL_AGENDA","S/PV.10096/Resumption_2","S/PV.10096","not_applicable","https://ydsftksff8.execute-api.us-east-1.amazonaws.com/dev/render_meeting/scmeetings_2026/EN","https://docs.un.org/S/PV.10096 (Resumption 2)","official_meeting_index_entry","Council_meeting_legal_record","not_inferred","resumption_same_base_meeting_not_extra","not_estimated","not_estimated"
"M_S_PV.10097","Council_meeting_record_variant","2026","2026-01-27","OTHER_COUNCIL_AGENDA","S/PV.10097","S/PV.10097","not_applicable","https://ydsftksff8.execute-api.us-east-1.amazonaws.com/dev/render_meeting/scmeetings_2026/EN","https://docs.un.org/S/PV.10097","official_meeting_index_entry","Council_meeting_legal_record","not_inferred","2026_index_asof_snapshot_for_2026","not_estimated","not_estimated"
"M_S_PV.10098","Council_meeting_record_variant","2026","2026-01-28","OTHER_COUNCIL_AGENDA","S/PV.10098","S/PV.10098","not_applicable","https://ydsftksff8.execute-api.us-east-1.amazonaws.com/dev/render_meeting/scmeetings_2026/EN","https://docs.un.org/S/PV.10098","official_meeting_index_entry","Council_meeting_legal_record","not_inferred","2026_index_asof_snapshot_for_2026","not_estimated","not_estimated"
"M_S_PV.10098_Resumption_1","Council_meeting_record_variant","2026","2026-01-28","OTHER_COUNCIL_AGENDA","S/PV.10098/Resumption_1","S/PV.10098","not_applicable","https://ydsftksff8.execute-api.us-east-1.amazonaws.com/dev/render_meeting/scmeetings_2026/EN","https://docs.un.org/S/PV.10098 (Resumption 1)","official_meeting_index_entry","Council_meeting_legal_record","not_inferred","resumption_same_base_meeting_not_extra","not_estimated","not_estimated"
"M_S_PV.10098_Resumption_2","Council_meeting_record_variant","2026","2026-01-29","OTHER_COUNCIL_AGENDA","S/PV.10098/Resumption_2","S/PV.10098","not_applicable","https://ydsftksff8.execute-api.us-east-1.amazonaws.com/dev/render_meeting/scmeetings_2026/EN","https://docs.un.org/S/PV.10098 (Resumption 2)","official_meeting_index_entry","Council_meeting_legal_record","not_inferred","resumption_same_base_meeting_not_extra","not_estimated","not_estimated"
"M_S_PV.10099","Council_meeting_record_variant","2026","2026-01-29","BINUH","S/PV.10099","S/PV.10099","not_applicable","https://ydsftksff8.execute-api.us-east-1.amazonaws.com/dev/render_meeting/scmeetings_2026/EN","https://docs.un.org/S/PV.10099","official_meeting_index_entry","Council_meeting_legal_record","not_inferred","2026_index_asof_snapshot_for_2026","not_estimated","not_estimated"
"M_S_PV.10100","Council_meeting_record_variant","2026","2026-01-30","UNFICYP_CYPRUS","S/PV.10100","S/PV.10100","not_applicable","https://ydsftksff8.execute-api.us-east-1.amazonaws.com/dev/render_meeting/scmeetings_2026/EN","https://docs.un.org/S/PV.10100","official_meeting_index_entry","Council_meeting_legal_record","not_inferred","2026_index_asof_snapshot_for_2026","not_estimated","not_estimated"
"M_S_PV.10101","Council_meeting_record_variant","2026","2026-02-04","COUNTERTERRORISM","S/PV.10101","S/PV.10101","not_applicable","https://ydsftksff8.execute-api.us-east-1.amazonaws.com/dev/render_meeting/scmeetings_2026/EN","https://docs.un.org/S/PV.10101","official_meeting_index_entry","Council_meeting_legal_record","not_inferred","2026_index_asof_snapshot_for_2026","not_estimated","not_estimated"
"M_S_PV.10102","Council_meeting_record_variant","2026","2026-02-05","CROSS_CUTTING_PEACE_OPERATIONS","S/PV.10102","S/PV.10102","not_applicable","https://ydsftksff8.execute-api.us-east-1.amazonaws.com/dev/render_meeting/scmeetings_2026/EN","https://docs.un.org/S/PV.10102","official_meeting_index_entry","Council_meeting_legal_record","not_inferred","2026_index_asof_snapshot_for_2026","not_estimated","not_estimated"
"M_S_PV.10103","Council_meeting_record_variant","2026","2026-02-10","UNMISS","S/PV.10103","S/PV.10103","not_applicable","https://ydsftksff8.execute-api.us-east-1.amazonaws.com/dev/render_meeting/scmeetings_2026/EN","https://docs.un.org/S/PV.10103","official_meeting_index_entry","Council_meeting_legal_record","not_inferred","2026_index_asof_snapshot_for_2026","not_estimated","not_estimated"
"M_S_PV.10104","Council_meeting_record_variant","2026","2026-02-12","COUNTERTERRORISM","S/PV.10104","S/PV.10104","not_applicable","https://ydsftksff8.execute-api.us-east-1.amazonaws.com/dev/render_meeting/scmeetings_2026/EN","https://docs.un.org/S/PV.10104","official_meeting_index_entry","Council_meeting_legal_record","not_inferred","2026_index_asof_snapshot_for_2026","not_estimated","not_estimated"
"M_S_PV.10105","Council_meeting_record_variant","2026","2026-02-12","OTHER_COUNCIL_AGENDA","S/PV.10105","S/PV.10105","not_applicable","https://ydsftksff8.execute-api.us-east-1.amazonaws.com/dev/render_meeting/scmeetings_2026/EN","https://docs.un.org/S/PV.10105","official_meeting_index_entry","Council_meeting_legal_record","not_inferred","2026_index_asof_snapshot_for_2026","not_estimated","not_estimated"
"M_S_PV.10106","Council_meeting_record_variant","2026","2026-02-13","OTHER_COUNCIL_AGENDA","S/PV.10106","S/PV.10106","not_applicable","https://ydsftksff8.execute-api.us-east-1.amazonaws.com/dev/render_meeting/scmeetings_2026/EN","https://docs.un.org/S/PV.10106","official_meeting_index_entry","Council_meeting_legal_record","not_inferred","2026_index_asof_snapshot_for_2026","not_estimated","not_estimated"
"M_S_PV.10107","Council_meeting_record_variant","2026","2026-02-18","UNSMIL","S/PV.10107","S/PV.10107","not_applicable","https://ydsftksff8.execute-api.us-east-1.amazonaws.com/dev/render_meeting/scmeetings_2026/EN","https://docs.un.org/S/PV.10107","official_meeting_index_entry","Council_meeting_legal_record","not_inferred","2026_index_asof_snapshot_for_2026","not_estimated","not_estimated"
"M_S_PV.10108","Council_meeting_record_variant","2026","2026-02-18","OTHER_COUNCIL_AGENDA","S/PV.10108","S/PV.10108","not_applicable","https://ydsftksff8.execute-api.us-east-1.amazonaws.com/dev/render_meeting/scmeetings_2026/EN","https://docs.un.org/S/PV.10108","official_meeting_index_entry","Council_meeting_legal_record","not_inferred","2026_index_asof_snapshot_for_2026","not_estimated","not_estimated"
"M_S_PV.10109","Council_meeting_record_variant","2026","2026-02-19","UNMISS","S/PV.10109","S/PV.10109","not_applicable","https://ydsftksff8.execute-api.us-east-1.amazonaws.com/dev/render_meeting/scmeetings_2026/EN","https://docs.un.org/S/PV.10109","official_meeting_index_entry","Council_meeting_legal_record","not_inferred","2026_index_asof_snapshot_for_2026","not_estimated","not_estimated"
"M_S_PV.10110","Council_meeting_record_variant","2026","2026-02-24","OTHER_COUNCIL_AGENDA","S/PV.10110","S/PV.10110","not_applicable","https://ydsftksff8.execute-api.us-east-1.amazonaws.com/dev/render_meeting/scmeetings_2026/EN","https://docs.un.org/S/PV.10110","official_meeting_index_entry","Council_meeting_legal_record","not_inferred","2026_index_asof_snapshot_for_2026","not_estimated","not_estimated"
"M_S_PV.10111","Council_meeting_record_variant","2026","2026-02-25","MINUSCA","S/PV.10111","S/PV.10111","not_applicable","https://ydsftksff8.execute-api.us-east-1.amazonaws.com/dev/render_meeting/scmeetings_2026/EN","https://docs.un.org/S/PV.10111","official_meeting_index_entry","Council_meeting_legal_record","not_inferred","2026_index_asof_snapshot_for_2026","not_estimated","not_estimated"
"M_S_PV.10112","Council_meeting_record_variant","2026","2026-02-28","OTHER_COUNCIL_AGENDA","S/PV.10112","S/PV.10112","not_applicable","https://ydsftksff8.execute-api.us-east-1.amazonaws.com/dev/render_meeting/scmeetings_2026/EN","https://docs.un.org/S/PV.10112","official_meeting_index_entry","Council_meeting_legal_record","not_inferred","2026_index_asof_snapshot_for_2026","not_estimated","not_estimated"
"M_S_PV.10113","Council_meeting_record_variant","2026","2026-03-02","OTHER_COUNCIL_AGENDA","S/PV.10113","S/PV.10113","not_applicable","https://ydsftksff8.execute-api.us-east-1.amazonaws.com/dev/render_meeting/scmeetings_2026/EN","https://docs.un.org/S/PV.10113","official_meeting_index_entry","Council_meeting_legal_record","not_inferred","2026_index_asof_snapshot_for_2026","not_estimated","not_estimated"
"M_S_PV.10114","Council_meeting_record_variant","2026","2026-03-05","OTHER_COUNCIL_AGENDA","S/PV.10114","S/PV.10114","not_applicable","https://ydsftksff8.execute-api.us-east-1.amazonaws.com/dev/render_meeting/scmeetings_2026/EN","https://docs.un.org/S/PV.10114","official_meeting_index_entry","Council_meeting_legal_record","not_inferred","2026_index_asof_snapshot_for_2026","not_estimated","not_estimated"
"M_S_PV.10115","Council_meeting_record_variant","2026","2026-03-06","OTHER_COUNCIL_AGENDA","S/PV.10115","S/PV.10115","not_applicable","https://ydsftksff8.execute-api.us-east-1.amazonaws.com/dev/render_meeting/scmeetings_2026/EN","https://docs.un.org/S/PV.10115","official_meeting_index_entry","Council_meeting_legal_record","not_inferred","2026_index_asof_snapshot_for_2026","not_estimated","not_estimated"
"M_S_PV.10116","Council_meeting_record_variant","2026","2026-03-09","UNAMA","S/PV.10116","S/PV.10116","not_applicable","https://ydsftksff8.execute-api.us-east-1.amazonaws.com/dev/render_meeting/scmeetings_2026/EN","https://docs.un.org/S/PV.10116","official_meeting_index_entry","Council_meeting_legal_record","not_inferred","2026_index_asof_snapshot_for_2026","not_estimated","not_estimated"
"M_S_PV.10117","Council_meeting_record_variant","2026","2026-03-10","OTHER_COUNCIL_AGENDA","S/PV.10117","S/PV.10117","not_applicable","https://ydsftksff8.execute-api.us-east-1.amazonaws.com/dev/render_meeting/scmeetings_2026/EN","https://docs.un.org/S/PV.10117","official_meeting_index_entry","Council_meeting_legal_record","not_inferred","2026_index_asof_snapshot_for_2026","not_estimated","not_estimated"
"M_S_PV.10118","Council_meeting_record_variant","2026","2026-03-11","OTHER_COUNCIL_AGENDA","S/PV.10118","S/PV.10118","not_applicable","https://ydsftksff8.execute-api.us-east-1.amazonaws.com/dev/render_meeting/scmeetings_2026/EN","https://docs.un.org/S/PV.10118","official_meeting_index_entry","Council_meeting_legal_record","not_inferred","2026_index_asof_snapshot_for_2026","not_estimated","not_estimated"
"M_S_PV.10119","Council_meeting_record_variant","2026","2026-03-11","OTHER_COUNCIL_AGENDA","S/PV.10119","S/PV.10119","not_applicable","https://ydsftksff8.execute-api.us-east-1.amazonaws.com/dev/render_meeting/scmeetings_2026/EN","https://docs.un.org/S/PV.10119","official_meeting_index_entry","Council_meeting_legal_record","not_inferred","2026_index_asof_snapshot_for_2026","not_estimated","not_estimated"
"M_S_PV.10120","Council_meeting_record_variant","2026","2026-03-12","OTHER_COUNCIL_AGENDA","S/PV.10120","S/PV.10120","not_applicable","https://ydsftksff8.execute-api.us-east-1.amazonaws.com/dev/render_meeting/scmeetings_2026/EN","https://docs.un.org/S/PV.10120","official_meeting_index_entry","Council_meeting_legal_record","not_inferred","2026_index_asof_snapshot_for_2026","not_estimated","not_estimated"
"M_S_PV.10121","Council_meeting_record_variant","2026","2026-03-16","UNAMA","S/PV.10121","S/PV.10121","not_applicable","https://ydsftksff8.execute-api.us-east-1.amazonaws.com/dev/render_meeting/scmeetings_2026/EN","https://docs.un.org/S/PV.10121","official_meeting_index_entry","Council_meeting_legal_record","not_inferred","2026_index_asof_snapshot_for_2026","not_estimated","not_estimated"
"M_S_PV.10122","Council_meeting_record_variant","2026","2026-03-16","OTHER_COUNCIL_AGENDA","S/PV.10122","S/PV.10122","not_applicable","https://ydsftksff8.execute-api.us-east-1.amazonaws.com/dev/render_meeting/scmeetings_2026/EN","https://docs.un.org/S/PV.10122","official_meeting_index_entry","Council_meeting_legal_record","not_inferred","2026_index_asof_snapshot_for_2026","not_estimated","not_estimated"
"M_S_PV.10123","Council_meeting_record_variant","2026","2026-03-18","OTHER_COUNCIL_AGENDA","S/PV.10123","S/PV.10123","not_applicable","https://ydsftksff8.execute-api.us-east-1.amazonaws.com/dev/render_meeting/scmeetings_2026/EN","https://docs.un.org/S/PV.10123","official_meeting_index_entry","Council_meeting_legal_record","not_inferred","2026_index_asof_snapshot_for_2026","not_estimated","not_estimated"
"M_S_PV.10124","Council_meeting_record_variant","2026","2026-03-23","OTHER_COUNCIL_AGENDA","S/PV.10124","S/PV.10124","not_applicable","https://ydsftksff8.execute-api.us-east-1.amazonaws.com/dev/render_meeting/scmeetings_2026/EN","https://docs.un.org/S/PV.10124","official_meeting_index_entry","Council_meeting_legal_record","not_inferred","2026_index_asof_snapshot_for_2026","not_estimated","not_estimated"
"M_S_PV.10125","Council_meeting_record_variant","2026","2026-03-24","OTHER_COUNCIL_AGENDA","S/PV.10125","S/PV.10125","not_applicable","https://ydsftksff8.execute-api.us-east-1.amazonaws.com/dev/render_meeting/scmeetings_2026/EN","https://docs.un.org/S/PV.10125","official_meeting_index_entry","Council_meeting_legal_record","not_inferred","2026_index_asof_snapshot_for_2026","not_estimated","not_estimated"
"M_S_PV.10126","Council_meeting_record_variant","2026","2026-03-26","MONUSCO","S/PV.10126","S/PV.10126","not_applicable","https://ydsftksff8.execute-api.us-east-1.amazonaws.com/dev/render_meeting/scmeetings_2026/EN","https://docs.un.org/S/PV.10126","official_meeting_index_entry","Council_meeting_legal_record","not_inferred","2026_index_asof_snapshot_for_2026","not_estimated","not_estimated"
"M_S_PV.10127","Council_meeting_record_variant","2026","2026-03-31","OTHER_COUNCIL_AGENDA","S/PV.10127","S/PV.10127","not_applicable","https://ydsftksff8.execute-api.us-east-1.amazonaws.com/dev/render_meeting/scmeetings_2026/EN","https://docs.un.org/S/PV.10127","official_meeting_index_entry","Council_meeting_legal_record","not_inferred","2026_index_asof_snapshot_for_2026","not_estimated","not_estimated"
"M_S_PV.10128","Council_meeting_record_variant","2026","2026-04-02","OTHER_COUNCIL_AGENDA","S/PV.10128","S/PV.10128","not_applicable","https://ydsftksff8.execute-api.us-east-1.amazonaws.com/dev/render_meeting/scmeetings_2026/EN","https://docs.un.org/S/PV.10128","official_meeting_index_entry","Council_meeting_legal_record","not_inferred","2026_index_asof_snapshot_for_2026","not_estimated","not_estimated"
"M_S_PV.10129","Council_meeting_record_variant","2026","2026-04-02","OTHER_COUNCIL_AGENDA","S/PV.10129","S/PV.10129","not_applicable","https://ydsftksff8.execute-api.us-east-1.amazonaws.com/dev/render_meeting/scmeetings_2026/EN","https://docs.un.org/S/PV.10129","official_meeting_index_entry","Council_meeting_legal_record","not_inferred","2026_index_asof_snapshot_for_2026","not_estimated","not_estimated"
"M_S_PV.10130","Council_meeting_record_variant","2026","2026-04-07","OTHER_COUNCIL_AGENDA","S/PV.10130","S/PV.10130","not_applicable","https://ydsftksff8.execute-api.us-east-1.amazonaws.com/dev/render_meeting/scmeetings_2026/EN","https://docs.un.org/S/PV.10130","official_meeting_index_entry","Council_meeting_legal_record","not_inferred","2026_index_asof_snapshot_for_2026","not_estimated","not_estimated"
"M_S_PV.10131","Council_meeting_record_variant","2026","2026-04-08","OTHER_COUNCIL_AGENDA","S/PV.10131","S/PV.10131","not_applicable","https://ydsftksff8.execute-api.us-east-1.amazonaws.com/dev/render_meeting/scmeetings_2026/EN","https://docs.un.org/S/PV.10131","official_meeting_index_entry","Council_meeting_legal_record","not_inferred","2026_index_asof_snapshot_for_2026","not_estimated","not_estimated"
"M_S_PV.10132","Council_meeting_record_variant","2026","2026-04-09","OTHER_COUNCIL_AGENDA","S/PV.10132","S/PV.10132","not_applicable","https://ydsftksff8.execute-api.us-east-1.amazonaws.com/dev/render_meeting/scmeetings_2026/EN","https://docs.un.org/S/PV.10132","official_meeting_index_entry","Council_meeting_legal_record","not_inferred","2026_index_asof_snapshot_for_2026","not_estimated","not_estimated"
"M_S_PV.10133","Council_meeting_record_variant","2026","2026-04-13","OTHER_COUNCIL_AGENDA","S/PV.10133","S/PV.10133","not_applicable","https://ydsftksff8.execute-api.us-east-1.amazonaws.com/dev/render_meeting/scmeetings_2026/EN","https://docs.un.org/S/PV.10133","official_meeting_index_entry","Council_meeting_legal_record","not_inferred","2026_index_asof_snapshot_for_2026","not_estimated","not_estimated"
"M_S_PV.10134","Council_meeting_record_variant","2026","2026-04-14","UNSMIL","S/PV.10134","S/PV.10134","not_applicable","https://ydsftksff8.execute-api.us-east-1.amazonaws.com/dev/render_meeting/scmeetings_2026/EN","https://docs.un.org/S/PV.10134","official_meeting_index_entry","Council_meeting_legal_record","not_inferred","2026_index_asof_snapshot_for_2026","not_estimated","not_estimated"
"M_S_PV.10135","Council_meeting_record_variant","2026","2026-04-14","OTHER_COUNCIL_AGENDA","S/PV.10135","S/PV.10135","not_applicable","https://ydsftksff8.execute-api.us-east-1.amazonaws.com/dev/render_meeting/scmeetings_2026/EN","https://docs.un.org/S/PV.10135","official_meeting_index_entry","Council_meeting_legal_record","not_inferred","2026_index_asof_snapshot_for_2026","not_estimated","not_estimated"
"M_S_PV.10136","Council_meeting_record_variant","2026","2026-04-15","OTHER_COUNCIL_AGENDA","S/PV.10136","S/PV.10136","not_applicable","https://ydsftksff8.execute-api.us-east-1.amazonaws.com/dev/render_meeting/scmeetings_2026/EN","https://docs.un.org/S/PV.10136","official_meeting_index_entry","Council_meeting_legal_record","not_inferred","2026_index_asof_snapshot_for_2026","not_estimated","not_estimated"
"M_S_PV.10137","Council_meeting_record_variant","2026","2026-04-15","CROSS_CUTTING_PEACE_OPERATIONS","S/PV.10137","S/PV.10137","not_applicable","https://ydsftksff8.execute-api.us-east-1.amazonaws.com/dev/render_meeting/scmeetings_2026/EN","https://docs.un.org/S/PV.10137","official_meeting_index_entry","Council_meeting_legal_record","not_inferred","2026_index_asof_snapshot_for_2026","not_estimated","not_estimated"
"M_S_PV.10138","Council_meeting_record_variant","2026","2026-04-16","OTHER_COUNCIL_AGENDA","S/PV.10138","S/PV.10138","not_applicable","https://ydsftksff8.execute-api.us-east-1.amazonaws.com/dev/render_meeting/scmeetings_2026/EN","https://docs.un.org/S/PV.10138","official_meeting_index_entry","Council_meeting_legal_record","not_inferred","2026_index_asof_snapshot_for_2026","not_estimated","not_estimated"
"M_S_PV.10139","Council_meeting_record_variant","2026","2026-04-17","UNMISS","S/PV.10139","S/PV.10139","not_applicable","https://ydsftksff8.execute-api.us-east-1.amazonaws.com/dev/render_meeting/scmeetings_2026/EN","https://docs.un.org/S/PV.10139","official_meeting_index_entry","Council_meeting_legal_record","not_inferred","2026_index_asof_snapshot_for_2026","not_estimated","not_estimated"
"M_S_PV.10140","Council_meeting_record_variant","2026","2026-04-20","OTHER_COUNCIL_AGENDA","S/PV.10140","S/PV.10140","not_applicable","https://ydsftksff8.execute-api.us-east-1.amazonaws.com/dev/render_meeting/scmeetings_2026/EN","https://docs.un.org/S/PV.10140","official_meeting_index_entry","Council_meeting_legal_record","not_inferred","2026_index_asof_snapshot_for_2026","not_estimated","not_estimated"
"M_S_PV.10141","Council_meeting_record_variant","2026","2026-04-21","COLOMBIA","S/PV.10141","S/PV.10141","not_applicable","https://ydsftksff8.execute-api.us-east-1.amazonaws.com/dev/render_meeting/scmeetings_2026/EN","https://docs.un.org/S/PV.10141","official_meeting_index_entry","Council_meeting_legal_record","not_inferred","2026_index_asof_snapshot_for_2026","not_estimated","not_estimated"
"M_S_PV.10142","Council_meeting_record_variant","2026","2026-04-22","UNSMIL","S/PV.10142","S/PV.10142","not_applicable","https://ydsftksff8.execute-api.us-east-1.amazonaws.com/dev/render_meeting/scmeetings_2026/EN","https://docs.un.org/S/PV.10142","official_meeting_index_entry","Council_meeting_legal_record","not_inferred","2026_index_asof_snapshot_for_2026","not_estimated","not_estimated"
"M_S_PV.10143","Council_meeting_record_variant","2026","2026-04-22","OTHER_COUNCIL_AGENDA","S/PV.10143","S/PV.10143","not_applicable","https://ydsftksff8.execute-api.us-east-1.amazonaws.com/dev/render_meeting/scmeetings_2026/EN","https://docs.un.org/S/PV.10143","official_meeting_index_entry","Council_meeting_legal_record","not_inferred","2026_index_asof_snapshot_for_2026","not_estimated","not_estimated"
"M_S_PV.10144","Council_meeting_record_variant","2026","2026-04-23","BINUH","S/PV.10144","S/PV.10144","not_applicable","https://ydsftksff8.execute-api.us-east-1.amazonaws.com/dev/render_meeting/scmeetings_2026/EN","https://docs.un.org/S/PV.10144","official_meeting_index_entry","Council_meeting_legal_record","not_inferred","2026_index_asof_snapshot_for_2026","not_estimated","not_estimated"
"M_S_PV.10145","Council_meeting_record_variant","2026","2026-04-27","OTHER_COUNCIL_AGENDA","S/PV.10145","S/PV.10145","not_applicable","https://ydsftksff8.execute-api.us-east-1.amazonaws.com/dev/render_meeting/scmeetings_2026/EN","https://docs.un.org/S/PV.10145","official_meeting_index_entry","Council_meeting_legal_record","not_inferred","2026_index_asof_snapshot_for_2026","not_estimated","not_estimated"
"M_S_PV.10145_Resumption_1","Council_meeting_record_variant","2026","2026-04-27","OTHER_COUNCIL_AGENDA","S/PV.10145/Resumption_1","S/PV.10145","not_applicable","https://ydsftksff8.execute-api.us-east-1.amazonaws.com/dev/render_meeting/scmeetings_2026/EN","https://docs.un.org/S/PV.10145 (Resumption 1)","official_meeting_index_entry","Council_meeting_legal_record","not_inferred","resumption_same_base_meeting_not_extra","not_estimated","not_estimated"
"M_S_PV.10146","Council_meeting_record_variant","2026","2026-04-28","OTHER_COUNCIL_AGENDA","S/PV.10146","S/PV.10146","not_applicable","https://ydsftksff8.execute-api.us-east-1.amazonaws.com/dev/render_meeting/scmeetings_2026/EN","https://docs.un.org/S/PV.10146","official_meeting_index_entry","Council_meeting_legal_record","not_inferred","2026_index_asof_snapshot_for_2026","not_estimated","not_estimated"
"M_S_PV.10146_Resumption_1","Council_meeting_record_variant","2026","2026-04-28","OTHER_COUNCIL_AGENDA","S/PV.10146/Resumption_1","S/PV.10146","not_applicable","https://ydsftksff8.execute-api.us-east-1.amazonaws.com/dev/render_meeting/scmeetings_2026/EN","https://docs.un.org/S/PV.10146 (Resumption 1)","official_meeting_index_entry","Council_meeting_legal_record","not_inferred","resumption_same_base_meeting_not_extra","not_estimated","not_estimated"
"M_S_PV.10145_Resumption_2","Council_meeting_record_variant","2026","2026-04-29","OTHER_COUNCIL_AGENDA","S/PV.10145/Resumption_2","S/PV.10145","not_applicable","https://ydsftksff8.execute-api.us-east-1.amazonaws.com/dev/render_meeting/scmeetings_2026/EN","https://docs.un.org/S/PV.10145 (Resumption 2)","official_meeting_index_entry","Council_meeting_legal_record","not_inferred","resumption_same_base_meeting_not_extra","not_estimated","not_estimated"
"M_S_PV.10146_Resumption_2","Council_meeting_record_variant","2026","2026-04-30","OTHER_COUNCIL_AGENDA","S/PV.10146/Resumption_2","S/PV.10146","not_applicable","https://ydsftksff8.execute-api.us-east-1.amazonaws.com/dev/render_meeting/scmeetings_2026/EN","https://docs.un.org/S/PV.10146 (Resumption 2)","official_meeting_index_entry","Council_meeting_legal_record","not_inferred","resumption_same_base_meeting_not_extra","not_estimated","not_estimated"
"M_S_PV.10147","Council_meeting_record_variant","2026","2026-04-30","OTHER_COUNCIL_AGENDA","S/PV.10147","S/PV.10147","not_applicable","https://ydsftksff8.execute-api.us-east-1.amazonaws.com/dev/render_meeting/scmeetings_2026/EN","https://docs.un.org/S/PV.10147","official_meeting_index_entry","Council_meeting_legal_record","not_inferred","2026_index_asof_snapshot_for_2026","not_estimated","not_estimated"
"M_S_PV.10148","Council_meeting_record_variant","2026","2026-04-30","UNMISS","S/PV.10148","S/PV.10148","not_applicable","https://ydsftksff8.execute-api.us-east-1.amazonaws.com/dev/render_meeting/scmeetings_2026/EN","https://docs.un.org/S/PV.10148","official_meeting_index_entry","Council_meeting_legal_record","not_inferred","2026_index_asof_snapshot_for_2026","not_estimated","not_estimated"
"M_S_PV.10149","Council_meeting_record_variant","2026","2026-05-07","UNMISS","S/PV.10149","S/PV.10149","not_applicable","https://ydsftksff8.execute-api.us-east-1.amazonaws.com/dev/render_meeting/scmeetings_2026/EN","https://docs.un.org/S/PV.10149","official_meeting_index_entry","Council_meeting_legal_record","not_inferred","2026_index_asof_snapshot_for_2026","not_estimated","not_estimated"
"M_S_PV.10150","Council_meeting_record_variant","2026","2026-05-12","OTHER_COUNCIL_AGENDA","S/PV.10150","S/PV.10150","not_applicable","https://ydsftksff8.execute-api.us-east-1.amazonaws.com/dev/render_meeting/scmeetings_2026/EN","https://docs.un.org/S/PV.10150","official_meeting_index_entry","Council_meeting_legal_record","not_inferred","2026_index_asof_snapshot_for_2026","not_estimated","not_estimated"
"M_S_PV.10151","Council_meeting_record_variant","2026","2026-05-15","OTHER_COUNCIL_AGENDA","S/PV.10151","S/PV.10151","not_applicable","https://ydsftksff8.execute-api.us-east-1.amazonaws.com/dev/render_meeting/scmeetings_2026/EN","https://docs.un.org/S/PV.10151","official_meeting_index_entry","Council_meeting_legal_record","not_inferred","2026_index_asof_snapshot_for_2026","not_estimated","not_estimated"
"M_S_PV.10152","Council_meeting_record_variant","2026","2026-05-19","OTHER_COUNCIL_AGENDA","S/PV.10152","S/PV.10152","not_applicable","https://ydsftksff8.execute-api.us-east-1.amazonaws.com/dev/render_meeting/scmeetings_2026/EN","https://docs.un.org/S/PV.10152","official_meeting_index_entry","Council_meeting_legal_record","not_inferred","2026_index_asof_snapshot_for_2026","not_estimated","not_estimated"
"M_S_PV.10153","Council_meeting_record_variant","2026","2026-05-19","OTHER_COUNCIL_AGENDA","S/PV.10153","S/PV.10153","not_applicable","https://ydsftksff8.execute-api.us-east-1.amazonaws.com/dev/render_meeting/scmeetings_2026/EN","https://docs.un.org/S/PV.10153","official_meeting_index_entry","Council_meeting_legal_record","not_inferred","2026_index_asof_snapshot_for_2026","not_estimated","not_estimated"
"M_S_PV.10154","Council_meeting_record_variant","2026","2026-05-20","OTHER_COUNCIL_AGENDA","S/PV.10154","S/PV.10154","not_applicable","https://ydsftksff8.execute-api.us-east-1.amazonaws.com/dev/render_meeting/scmeetings_2026/EN","https://docs.un.org/S/PV.10154","official_meeting_index_entry","Council_meeting_legal_record","not_inferred","2026_index_asof_snapshot_for_2026","not_estimated","not_estimated"
"M_S_PV.10154_Resumption_1","Council_meeting_record_variant","2026","2026-05-20","OTHER_COUNCIL_AGENDA","S/PV.10154/Resumption_1","S/PV.10154","not_applicable","https://ydsftksff8.execute-api.us-east-1.amazonaws.com/dev/render_meeting/scmeetings_2026/EN","https://docs.un.org/S/PV.10154 (Resumption 1)","official_meeting_index_entry","Council_meeting_legal_record","not_inferred","resumption_same_base_meeting_not_extra","not_estimated","not_estimated"
"M_S_PV.10154_Resumption_2","Council_meeting_record_variant","2026","2026-05-21","OTHER_COUNCIL_AGENDA","S/PV.10154/Resumption_2","S/PV.10154","not_applicable","https://ydsftksff8.execute-api.us-east-1.amazonaws.com/dev/render_meeting/scmeetings_2026/EN","https://docs.un.org/S/PV.10154 (Resumption 2)","official_meeting_index_entry","Council_meeting_legal_record","not_inferred","resumption_same_base_meeting_not_extra","not_estimated","not_estimated"
"M_S_PV.10155","Council_meeting_record_variant","2026","2026-05-21","OTHER_COUNCIL_AGENDA","S/PV.10155","S/PV.10155","not_applicable","https://ydsftksff8.execute-api.us-east-1.amazonaws.com/dev/render_meeting/scmeetings_2026/EN","https://docs.un.org/S/PV.10155","official_meeting_index_entry","Council_meeting_legal_record","not_inferred","2026_index_asof_snapshot_for_2026","not_estimated","not_estimated"
"M_S_PV.10156","Council_meeting_record_variant","2026","2026-05-22","OTHER_COUNCIL_AGENDA","S/PV.10156","S/PV.10156","not_applicable","https://ydsftksff8.execute-api.us-east-1.amazonaws.com/dev/render_meeting/scmeetings_2026/EN","https://docs.un.org/S/PV.10156","official_meeting_index_entry","Council_meeting_legal_record","not_inferred","2026_index_asof_snapshot_for_2026","not_estimated","not_estimated"
"M_S_PV.10157","Council_meeting_record_variant","2026","2026-05-22","UNSMIL","S/PV.10157","S/PV.10157","not_applicable","https://ydsftksff8.execute-api.us-east-1.amazonaws.com/dev/render_meeting/scmeetings_2026/EN","https://docs.un.org/S/PV.10157","official_meeting_index_entry","Council_meeting_legal_record","not_inferred","2026_index_asof_snapshot_for_2026","not_estimated","not_estimated"
"M_S_PV.10158","Council_meeting_record_variant","2026","2026-05-22","OTHER_COUNCIL_AGENDA","S/PV.10158","S/PV.10158","not_applicable","https://ydsftksff8.execute-api.us-east-1.amazonaws.com/dev/render_meeting/scmeetings_2026/EN","https://docs.un.org/S/PV.10158","official_meeting_index_entry","Council_meeting_legal_record","not_inferred","2026_index_asof_snapshot_for_2026","not_estimated","not_estimated"
"M_S_PV.10159","Council_meeting_record_variant","2026","2026-05-26","OTHER_COUNCIL_AGENDA","S/PV.10159","S/PV.10159","not_applicable","https://ydsftksff8.execute-api.us-east-1.amazonaws.com/dev/render_meeting/scmeetings_2026/EN","https://docs.un.org/S/PV.10159","official_meeting_index_entry","Council_meeting_legal_record","not_inferred","2026_index_asof_snapshot_for_2026","not_estimated","not_estimated"
"M_S_PV.10159_Resumption_1","Council_meeting_record_variant","2026","2026-05-26","OTHER_COUNCIL_AGENDA","S/PV.10159/Resumption_1","S/PV.10159","not_applicable","https://ydsftksff8.execute-api.us-east-1.amazonaws.com/dev/render_meeting/scmeetings_2026/EN","https://docs.un.org/S/PV.10159 (Resumption 1)","official_meeting_index_entry","Council_meeting_legal_record","not_inferred","resumption_same_base_meeting_not_extra","not_estimated","not_estimated"
"M_S_PV.10159_Resumption_2","Council_meeting_record_variant","2026","2026-05-28","OTHER_COUNCIL_AGENDA","S/PV.10159/Resumption_2","S/PV.10159","not_applicable","https://ydsftksff8.execute-api.us-east-1.amazonaws.com/dev/render_meeting/scmeetings_2026/EN","https://docs.un.org/S/PV.10159 (Resumption 2)","official_meeting_index_entry","Council_meeting_legal_record","not_inferred","resumption_same_base_meeting_not_extra","not_estimated","not_estimated"
"M_S_PV.10160","Council_meeting_record_variant","2026","2026-05-28","OTHER_COUNCIL_AGENDA","S/PV.10160","S/PV.10160","not_applicable","https://ydsftksff8.execute-api.us-east-1.amazonaws.com/dev/render_meeting/scmeetings_2026/EN","https://docs.un.org/S/PV.10160","official_meeting_index_entry","Council_meeting_legal_record","not_inferred","2026_index_asof_snapshot_for_2026","not_estimated","not_estimated"
"M_S_PV.10161","Council_meeting_record_variant","2026","2026-05-29","UNMISS","S/PV.10161","S/PV.10161","not_applicable","https://ydsftksff8.execute-api.us-east-1.amazonaws.com/dev/render_meeting/scmeetings_2026/EN","https://docs.un.org/S/PV.10161","official_meeting_index_entry","Council_meeting_legal_record","not_inferred","2026_index_asof_snapshot_for_2026","not_estimated","not_estimated"
"M_S_PV.10162","Council_meeting_record_variant","2026","2026-06-01","OTHER_COUNCIL_AGENDA","S/PV.10162","S/PV.10162","not_applicable","https://ydsftksff8.execute-api.us-east-1.amazonaws.com/dev/render_meeting/scmeetings_2026/EN","https://docs.un.org/S/PV.10162","official_meeting_index_entry","Council_meeting_legal_record","not_inferred","2026_index_asof_snapshot_for_2026","not_estimated","not_estimated"
"M_S_PV.10163","Council_meeting_record_variant","2026","2026-06-01","OTHER_COUNCIL_AGENDA","S/PV.10163","S/PV.10163","not_applicable","https://ydsftksff8.execute-api.us-east-1.amazonaws.com/dev/render_meeting/scmeetings_2026/EN","https://docs.un.org/S/PV.10163","official_meeting_index_entry","Council_meeting_legal_record","not_inferred","2026_index_asof_snapshot_for_2026","not_estimated","not_estimated"
"M_S_PV.10164","Council_meeting_record_variant","2026","2026-06-04","OTHER_COUNCIL_AGENDA","S/PV.10164","S/PV.10164","not_applicable","https://ydsftksff8.execute-api.us-east-1.amazonaws.com/dev/render_meeting/scmeetings_2026/EN","https://docs.un.org/S/PV.10164","official_meeting_index_entry","Council_meeting_legal_record","not_inferred","2026_index_asof_snapshot_for_2026","not_estimated","not_estimated"
"M_S_PV.10165","Council_meeting_record_variant","2026","2026-06-08","UNAMA","S/PV.10165","S/PV.10165","not_applicable","https://ydsftksff8.execute-api.us-east-1.amazonaws.com/dev/render_meeting/scmeetings_2026/EN","https://docs.un.org/S/PV.10165","official_meeting_index_entry","Council_meeting_legal_record","not_inferred","2026_index_asof_snapshot_for_2026","not_estimated","not_estimated"
"M_S_PV.10166","Council_meeting_record_variant","2026","2026-06-08","OTHER_COUNCIL_AGENDA","S/PV.10166","S/PV.10166","not_applicable","https://ydsftksff8.execute-api.us-east-1.amazonaws.com/dev/render_meeting/scmeetings_2026/EN","https://docs.un.org/S/PV.10166","official_meeting_index_entry","Council_meeting_legal_record","not_inferred","2026_index_asof_snapshot_for_2026","not_estimated","not_estimated"
"M_S_PV.10167","Council_meeting_record_variant","2026","2026-06-09","UNOCA","S/PV.10167","S/PV.10167","not_applicable","https://ydsftksff8.execute-api.us-east-1.amazonaws.com/dev/render_meeting/scmeetings_2026/EN","https://docs.un.org/S/PV.10167","official_meeting_index_entry","Council_meeting_legal_record","not_inferred","2026_index_asof_snapshot_for_2026","not_estimated","not_estimated"
"M_S_PV.10168","Council_meeting_record_variant","2026","2026-06-09","OTHER_COUNCIL_AGENDA","S/PV.10168","S/PV.10168","not_applicable","https://ydsftksff8.execute-api.us-east-1.amazonaws.com/dev/render_meeting/scmeetings_2026/EN","https://docs.un.org/S/PV.10168","official_meeting_index_entry","Council_meeting_legal_record","not_inferred","2026_index_asof_snapshot_for_2026","not_estimated","not_estimated"
"M_S_PV.10169","Council_meeting_record_variant","2026","2026-06-10","OTHER_COUNCIL_AGENDA","S/PV.10169","S/PV.10169","not_applicable","https://ydsftksff8.execute-api.us-east-1.amazonaws.com/dev/render_meeting/scmeetings_2026/EN","https://docs.un.org/S/PV.10169","official_meeting_index_entry","Council_meeting_legal_record","not_inferred","2026_index_asof_snapshot_for_2026","not_estimated","not_estimated"
"M_S_PV.10169_Resumption_1","Council_meeting_record_variant","2026","2026-06-10","OTHER_COUNCIL_AGENDA","S/PV.10169/Resumption_1","S/PV.10169","not_applicable","https://ydsftksff8.execute-api.us-east-1.amazonaws.com/dev/render_meeting/scmeetings_2026/EN","https://docs.un.org/S/PV.10169 (Resumption 1)","official_meeting_index_entry","Council_meeting_legal_record","not_inferred","resumption_same_base_meeting_not_extra","not_estimated","not_estimated"
"M_S_PV.10169_Resumption_2","Council_meeting_record_variant","2026","2026-06-11","OTHER_COUNCIL_AGENDA","S/PV.10169/Resumption_2","S/PV.10169","not_applicable","https://ydsftksff8.execute-api.us-east-1.amazonaws.com/dev/render_meeting/scmeetings_2026/EN","https://docs.un.org/S/PV.10169 (Resumption 2)","official_meeting_index_entry","Council_meeting_legal_record","not_inferred","resumption_same_base_meeting_not_extra","not_estimated","not_estimated"
"M_S_PV.10170","Council_meeting_record_variant","2026","2026-06-12","OTHER_COUNCIL_AGENDA","S/PV.10170","S/PV.10170","not_applicable","https://ydsftksff8.execute-api.us-east-1.amazonaws.com/dev/render_meeting/scmeetings_2026/EN","https://docs.un.org/S/PV.10170","official_meeting_index_entry","Council_meeting_legal_record","not_inferred","2026_index_asof_snapshot_for_2026","not_estimated","not_estimated"
"M_S_PV.10171","Council_meeting_record_variant","2026","2026-06-15","UNAMA","S/PV.10171","S/PV.10171","not_applicable","https://ydsftksff8.execute-api.us-east-1.amazonaws.com/dev/render_meeting/scmeetings_2026/EN","https://docs.un.org/S/PV.10171","official_meeting_index_entry","Council_meeting_legal_record","not_inferred","2026_index_asof_snapshot_for_2026","not_estimated","not_estimated"
"M_S_PV.10172","Council_meeting_record_variant","2026","2026-06-15","UNSOS_SOMALIA","S/PV.10172","S/PV.10172","not_applicable","https://ydsftksff8.execute-api.us-east-1.amazonaws.com/dev/render_meeting/scmeetings_2026/EN","https://docs.un.org/S/PV.10172","official_meeting_index_entry","Council_meeting_legal_record","not_inferred","2026_index_asof_snapshot_for_2026","not_estimated","not_estimated"
"M_S_PV.10173","Council_meeting_record_variant","2026","2026-06-15","OTHER_COUNCIL_AGENDA","S/PV.10173","S/PV.10173","not_applicable","https://ydsftksff8.execute-api.us-east-1.amazonaws.com/dev/render_meeting/scmeetings_2026/EN","https://docs.un.org/S/PV.10173","official_meeting_index_entry","Council_meeting_legal_record","not_inferred","2026_index_asof_snapshot_for_2026","not_estimated","not_estimated"
"M_S_PV.10174","Council_meeting_record_variant","2026","2026-06-16","OTHER_COUNCIL_AGENDA","S/PV.10174","S/PV.10174","not_applicable","https://ydsftksff8.execute-api.us-east-1.amazonaws.com/dev/render_meeting/scmeetings_2026/EN","https://docs.un.org/S/PV.10174","official_meeting_index_entry","Council_meeting_legal_record","not_inferred","2026_index_asof_snapshot_for_2026","not_estimated","not_estimated"
"M_S_PV.10175","Council_meeting_record_variant","2026","2026-06-17","WPS","S/PV.10175","S/PV.10175","not_applicable","https://ydsftksff8.execute-api.us-east-1.amazonaws.com/dev/render_meeting/scmeetings_2026/EN","https://docs.un.org/S/PV.10175","official_meeting_index_entry","Council_meeting_legal_record","not_inferred","2026_index_asof_snapshot_for_2026","not_estimated","not_estimated"
"M_S_PV.10175_Resumption_1","Council_meeting_record_variant","2026","2026-06-17","WPS","S/PV.10175/Resumption_1","S/PV.10175","not_applicable","https://ydsftksff8.execute-api.us-east-1.amazonaws.com/dev/render_meeting/scmeetings_2026/EN","https://docs.un.org/S/PV.10175 (Resumption 1)","official_meeting_index_entry","Council_meeting_legal_record","not_inferred","resumption_same_base_meeting_not_extra","not_estimated","not_estimated"
"M_S_PV.10176","Council_meeting_record_variant","2026","2026-06-18","UNSMIL","S/PV.10176","S/PV.10176","not_applicable","https://ydsftksff8.execute-api.us-east-1.amazonaws.com/dev/render_meeting/scmeetings_2026/EN","https://docs.un.org/S/PV.10176","official_meeting_index_entry","Council_meeting_legal_record","not_inferred","2026_index_asof_snapshot_for_2026","not_estimated","not_estimated"
"M_S_PV.10177","Council_meeting_record_variant","2026","2026-06-18","OTHER_COUNCIL_AGENDA","S/PV.10177","S/PV.10177","not_applicable","https://ydsftksff8.execute-api.us-east-1.amazonaws.com/dev/render_meeting/scmeetings_2026/EN","https://docs.un.org/S/PV.10177","official_meeting_index_entry","Council_meeting_legal_record","not_inferred","2026_index_asof_snapshot_for_2026","not_estimated","not_estimated"
"M_S_PV.10175_Resumption_2","Council_meeting_record_variant","2026","2026-06-19","WPS","S/PV.10175/Resumption_2","S/PV.10175","not_applicable","https://ydsftksff8.execute-api.us-east-1.amazonaws.com/dev/render_meeting/scmeetings_2026/EN","https://docs.un.org/S/PV.10175 (Resumption 2)","official_meeting_index_entry","Council_meeting_legal_record","not_inferred","resumption_same_base_meeting_not_extra","not_estimated","not_estimated"
"M_S_PV.10178","Council_meeting_record_variant","2026","2026-06-22","OTHER_COUNCIL_AGENDA","S/PV.10178","S/PV.10178","not_applicable","https://ydsftksff8.execute-api.us-east-1.amazonaws.com/dev/render_meeting/scmeetings_2026/EN","https://docs.un.org/S/PV.10178","official_meeting_index_entry","Council_meeting_legal_record","not_inferred","2026_index_asof_snapshot_for_2026","not_estimated","not_estimated"
"M_S_PV.10179","Council_meeting_record_variant","2026","2026-06-22","OTHER_COUNCIL_AGENDA","S/PV.10179","S/PV.10179","not_applicable","https://ydsftksff8.execute-api.us-east-1.amazonaws.com/dev/render_meeting/scmeetings_2026/EN","https://docs.un.org/S/PV.10179","official_meeting_index_entry","Council_meeting_legal_record","not_inferred","2026_index_asof_snapshot_for_2026","not_estimated","not_estimated"
"M_S_PV.10180","Council_meeting_record_variant","2026","2026-06-23","CROSS_CUTTING_PEACE_OPERATIONS","S/PV.10180","S/PV.10180","not_applicable","https://ydsftksff8.execute-api.us-east-1.amazonaws.com/dev/render_meeting/scmeetings_2026/EN","https://docs.un.org/S/PV.10180","official_meeting_index_entry","Council_meeting_legal_record","not_inferred","2026_index_asof_snapshot_for_2026","not_estimated","not_estimated"
"M_S_PV.10181","Council_meeting_record_variant","2026","2026-06-23","MINUSCA","S/PV.10181","S/PV.10181","not_applicable","https://ydsftksff8.execute-api.us-east-1.amazonaws.com/dev/render_meeting/scmeetings_2026/EN","https://docs.un.org/S/PV.10181","official_meeting_index_entry","Council_meeting_legal_record","not_inferred","2026_index_asof_snapshot_for_2026","not_estimated","not_estimated"
"M_S_PV.10182","Council_meeting_record_variant","2026","2026-06-24","OTHER_COUNCIL_AGENDA","S/PV.10182","S/PV.10182","not_applicable","https://ydsftksff8.execute-api.us-east-1.amazonaws.com/dev/render_meeting/scmeetings_2026/EN","https://docs.un.org/S/PV.10182","official_meeting_index_entry","Council_meeting_legal_record","not_inferred","2026_index_asof_snapshot_for_2026","not_estimated","not_estimated"
"M_S_PV.10182_Resumption_1","Council_meeting_record_variant","2026","2026-06-24","OTHER_COUNCIL_AGENDA","S/PV.10182/Resumption_1","S/PV.10182","not_applicable","https://ydsftksff8.execute-api.us-east-1.amazonaws.com/dev/render_meeting/scmeetings_2026/EN","https://docs.un.org/S/PV.10182 (Resumption 1)","official_meeting_index_entry","Council_meeting_legal_record","not_inferred","resumption_same_base_meeting_not_extra","not_estimated","not_estimated"
"M_S_PV.10182_Resumption_2","Council_meeting_record_variant","2026","2026-06-25","OTHER_COUNCIL_AGENDA","S/PV.10182/Resumption_2","S/PV.10182","not_applicable","https://ydsftksff8.execute-api.us-east-1.amazonaws.com/dev/render_meeting/scmeetings_2026/EN","https://docs.un.org/S/PV.10182 (Resumption 2)","official_meeting_index_entry","Council_meeting_legal_record","not_inferred","resumption_same_base_meeting_not_extra","not_estimated","not_estimated"
"M_S_PV.10183","Council_meeting_record_variant","2026","2026-06-25","OTHER_COUNCIL_AGENDA","S/PV.10183","S/PV.10183","not_applicable","https://ydsftksff8.execute-api.us-east-1.amazonaws.com/dev/render_meeting/scmeetings_2026/EN","https://docs.un.org/S/PV.10183","official_meeting_index_entry","Council_meeting_legal_record","not_inferred","2026_index_asof_snapshot_for_2026","not_estimated","not_estimated"
"M_S_PV.10184","Council_meeting_record_variant","2026","2026-06-26","UNMISS","S/PV.10184","S/PV.10184","not_applicable","https://ydsftksff8.execute-api.us-east-1.amazonaws.com/dev/render_meeting/scmeetings_2026/EN","https://docs.un.org/S/PV.10184","official_meeting_index_entry","Council_meeting_legal_record","not_inferred","2026_index_asof_snapshot_for_2026","not_estimated","not_estimated"
"M_S_PV.10185","Council_meeting_record_variant","2026","2026-06-26","MONUSCO","S/PV.10185","S/PV.10185","not_applicable","https://ydsftksff8.execute-api.us-east-1.amazonaws.com/dev/render_meeting/scmeetings_2026/EN","https://docs.un.org/S/PV.10185","official_meeting_index_entry","Council_meeting_legal_record","not_inferred","2026_index_asof_snapshot_for_2026","not_estimated","not_estimated"
"M_S_PV.10186","Council_meeting_record_variant","2026","2026-06-29","OTHER_COUNCIL_AGENDA","S/PV.10186","S/PV.10186","not_applicable","https://ydsftksff8.execute-api.us-east-1.amazonaws.com/dev/render_meeting/scmeetings_2026/EN","https://docs.un.org/S/PV.10186","official_meeting_index_entry","Council_meeting_legal_record","not_inferred","2026_index_asof_snapshot_for_2026","not_estimated","not_estimated"
"M_S_PV.10187","Council_meeting_record_variant","2026","2026-06-29","OTHER_COUNCIL_AGENDA","S/PV.10187","S/PV.10187","not_applicable","https://ydsftksff8.execute-api.us-east-1.amazonaws.com/dev/render_meeting/scmeetings_2026/EN","https://docs.un.org/S/PV.10187","official_meeting_index_entry","Council_meeting_legal_record","not_inferred","2026_index_asof_snapshot_for_2026","not_estimated","not_estimated"
"M_S_PV.10188","Council_meeting_record_variant","2026","2026-06-29","MONUSCO","S/PV.10188","S/PV.10188","not_applicable","https://ydsftksff8.execute-api.us-east-1.amazonaws.com/dev/render_meeting/scmeetings_2026/EN","https://docs.un.org/S/PV.10188","official_meeting_index_entry","Council_meeting_legal_record","not_inferred","2026_index_asof_snapshot_for_2026","not_estimated","not_estimated"
"M_S_PV.10189","Council_meeting_record_variant","2026","2026-07-02","OTHER_COUNCIL_AGENDA","S/PV.10189","S/PV.10189","not_applicable","https://ydsftksff8.execute-api.us-east-1.amazonaws.com/dev/render_meeting/scmeetings_2026/EN","https://docs.un.org/S/PV.10189","official_meeting_index_entry","Council_meeting_legal_record","not_inferred","2026_index_asof_snapshot_for_2026","not_estimated","not_estimated"
"M_S_PV.10190","Council_meeting_record_variant","2026","2026-07-08","WPS","S/PV.10190","S/PV.10190","not_applicable","https://ydsftksff8.execute-api.us-east-1.amazonaws.com/dev/render_meeting/scmeetings_2026/EN","https://docs.un.org/S/PV.10190","official_meeting_index_entry","Council_meeting_legal_record","not_inferred","2026_index_asof_snapshot_for_2026","not_estimated","not_estimated"
"M_S_PV.10190_Resumption_1","Council_meeting_record_variant","2026","2026-07-08","WPS","S/PV.10190/Resumption_1","S/PV.10190","not_applicable","https://ydsftksff8.execute-api.us-east-1.amazonaws.com/dev/render_meeting/scmeetings_2026/EN","https://docs.un.org/S/PV.10190 (Resumption 1)","official_meeting_index_entry","Council_meeting_legal_record","not_inferred","resumption_same_base_meeting_not_extra","not_estimated","not_estimated"
"M_S_PV.10191","Council_meeting_record_variant","2026","2026-07-09","OTHER_COUNCIL_AGENDA","S/PV.10191","S/PV.10191","not_applicable","https://ydsftksff8.execute-api.us-east-1.amazonaws.com/dev/render_meeting/scmeetings_2026/EN","https://docs.un.org/S/PV.10191","official_meeting_index_entry","Council_meeting_legal_record","not_inferred","2026_index_asof_snapshot_for_2026","not_estimated","not_estimated"
"M_S_PV.10190_Resumption_2","Council_meeting_record_variant","2026","2026-07-10","WPS","S/PV.10190/Resumption_2","S/PV.10190","not_applicable","https://ydsftksff8.execute-api.us-east-1.amazonaws.com/dev/render_meeting/scmeetings_2026/EN","https://docs.un.org/S/PV.10190 (Resumption 2)","official_meeting_index_entry","Council_meeting_legal_record","not_inferred","resumption_same_base_meeting_not_extra","not_estimated","not_estimated"
"M_S_PV.10192","Council_meeting_record_variant","2026","2026-07-10","OTHER_COUNCIL_AGENDA","S/PV.10192","S/PV.10192","not_applicable","https://ydsftksff8.execute-api.us-east-1.amazonaws.com/dev/render_meeting/scmeetings_2026/EN","https://docs.un.org/S/PV.10192","official_meeting_index_entry","Council_meeting_legal_record","not_inferred","2026_index_asof_snapshot_for_2026","not_estimated","not_estimated"
"M_S_PV.10193","Council_meeting_record_variant","2026","2026-07-13","OTHER_COUNCIL_AGENDA","S/PV.10193","S/PV.10193","not_applicable","https://ydsftksff8.execute-api.us-east-1.amazonaws.com/dev/render_meeting/scmeetings_2026/EN","https://docs.un.org/S/PV.10193","official_meeting_index_entry","Council_meeting_legal_record","not_inferred","2026_index_asof_snapshot_for_2026","not_estimated","not_estimated"
"M_S_PV.10194","Council_meeting_record_variant","2026","2026-07-14","OTHER_COUNCIL_AGENDA","S/PV.10194","S/PV.10194","not_applicable","https://ydsftksff8.execute-api.us-east-1.amazonaws.com/dev/render_meeting/scmeetings_2026/EN","https://docs.un.org/S/PV.10194","official_meeting_index_entry","Council_meeting_legal_record","not_inferred","2026_index_asof_snapshot_for_2026","not_estimated","not_estimated"
"M_S_PV.10195","Council_meeting_record_variant","2026","2026-07-14","UNOWAS","S/PV.10195","S/PV.10195","not_applicable","https://ydsftksff8.execute-api.us-east-1.amazonaws.com/dev/render_meeting/scmeetings_2026/EN","https://docs.un.org/S/PV.10195","official_meeting_index_entry","Council_meeting_legal_record","not_inferred","2026_index_asof_snapshot_for_2026","not_estimated","not_estimated"
"M_S_PV.10196","Council_meeting_record_variant","2026","2026-07-15","COLOMBIA","S/PV.10196","S/PV.10196","not_applicable","https://ydsftksff8.execute-api.us-east-1.amazonaws.com/dev/render_meeting/scmeetings_2026/EN","https://docs.un.org/S/PV.10196","official_meeting_index_entry","Council_meeting_legal_record","not_inferred","2026_index_asof_snapshot_for_2026","not_estimated","not_estimated"
"M_S_PV.10197","Council_meeting_record_variant","2026","2026-07-15","UNMISS","S/PV.10197","S/PV.10197","not_applicable","https://ydsftksff8.execute-api.us-east-1.amazonaws.com/dev/render_meeting/scmeetings_2026/EN","https://docs.un.org/S/PV.10197","official_meeting_index_entry","Council_meeting_legal_record","not_inferred","2026_index_asof_snapshot_for_2026","not_estimated","not_estimated"
"M_S_PV.10198","Council_meeting_record_variant","2026","2026-07-20","BINUH","S/PV.10198","S/PV.10198","not_applicable","https://ydsftksff8.execute-api.us-east-1.amazonaws.com/dev/render_meeting/scmeetings_2026/EN","https://docs.un.org/S/PV.10198","official_meeting_index_entry","Council_meeting_legal_record","not_inferred","2026_index_asof_snapshot_for_2026","not_estimated","not_estimated"
"M_S_PV.10199","Council_meeting_record_variant","2026","2026-07-21","OTHER_COUNCIL_AGENDA","S/PV.10199","S/PV.10199","not_applicable","https://ydsftksff8.execute-api.us-east-1.amazonaws.com/dev/render_meeting/scmeetings_2026/EN","https://docs.un.org/S/PV.10199","official_meeting_index_entry","Council_meeting_legal_record","not_inferred","2026_index_asof_snapshot_for_2026","not_estimated","not_estimated"
"M_S_PV.10200","Council_meeting_record_variant","2026","2026-07-22","OTHER_COUNCIL_AGENDA","S/PV.10200","S/PV.10200","not_applicable","https://ydsftksff8.execute-api.us-east-1.amazonaws.com/dev/render_meeting/scmeetings_2026/EN","https://docs.un.org/S/PV.10200","official_meeting_index_entry","Council_meeting_legal_record","not_inferred","2026_index_asof_snapshot_for_2026","not_estimated","not_estimated"
"M_S_PV.10200_Resumption_1","Council_meeting_record_variant","2026","2026-07-22","OTHER_COUNCIL_AGENDA","S/PV.10200/Resumption_1","S/PV.10200","not_applicable","https://ydsftksff8.execute-api.us-east-1.amazonaws.com/dev/render_meeting/scmeetings_2026/EN","https://docs.un.org/S/PV.10200 (Resumption 1)","official_meeting_index_entry","Council_meeting_legal_record","not_inferred","resumption_same_base_meeting_not_extra","not_estimated","not_estimated"
"M_S_PV.10201","Council_meeting_record_variant","2026","2026-07-23","OTHER_COUNCIL_AGENDA","S/PV.10201","S/PV.10201","not_applicable","https://ydsftksff8.execute-api.us-east-1.amazonaws.com/dev/render_meeting/scmeetings_2026/EN","https://docs.un.org/S/PV.10201","official_meeting_index_entry","Council_meeting_legal_record","not_inferred","2026_index_asof_snapshot_for_2026","not_estimated","not_estimated"
"M_S_PV.10201_Resumption_1","Council_meeting_record_variant","2026","2026-07-23","OTHER_COUNCIL_AGENDA","S/PV.10201/Resumption_1","S/PV.10201","not_applicable","https://ydsftksff8.execute-api.us-east-1.amazonaws.com/dev/render_meeting/scmeetings_2026/EN","https://docs.un.org/S/PV.10201 (Resumption 1)","official_meeting_index_entry","Council_meeting_legal_record","not_inferred","resumption_same_base_meeting_not_extra","not_estimated","not_estimated"
"M_S_PV.10202","Council_meeting_record_variant","2026","2026-07-27","OTHER_COUNCIL_AGENDA","S/PV.10202","S/PV.10202","not_applicable","https://ydsftksff8.execute-api.us-east-1.amazonaws.com/dev/render_meeting/scmeetings_2026/EN","https://docs.un.org/S/PV.10202","official_meeting_index_entry","Council_meeting_legal_record","not_inferred","2026_index_asof_snapshot_for_2026","not_estimated","not_estimated"
"M_S_PV.10203","Council_meeting_record_variant","2026","2026-07-28","OTHER_COUNCIL_AGENDA","S/PV.10203","S/PV.10203","not_applicable","https://ydsftksff8.execute-api.us-east-1.amazonaws.com/dev/render_meeting/scmeetings_2026/EN","https://docs.un.org/S/PV.10203","official_meeting_index_entry","Council_meeting_legal_record","not_inferred","2026_index_asof_snapshot_for_2026","not_estimated","not_estimated"
"M_S_PV.10203_Resumption_1","Council_meeting_record_variant","2026","2026-07-28","OTHER_COUNCIL_AGENDA","S/PV.10203/Resumption_1","S/PV.10203","not_applicable","https://ydsftksff8.execute-api.us-east-1.amazonaws.com/dev/render_meeting/scmeetings_2026/EN","https://docs.un.org/S/PV.10203 (Resumption 1)","official_meeting_index_entry","Council_meeting_legal_record","not_inferred","resumption_same_base_meeting_not_extra","not_estimated","not_estimated"
"M_S_PV.10204","Council_meeting_record_variant","2026","2026-07-29","OTHER_COUNCIL_AGENDA","S/PV.10204","S/PV.10204","not_applicable","https://ydsftksff8.execute-api.us-east-1.amazonaws.com/dev/render_meeting/scmeetings_2026/EN","https://docs.un.org/S/PV.10204","official_meeting_index_entry","Council_meeting_legal_record","not_inferred","2026_index_asof_snapshot_for_2026","not_estimated","not_estimated"
"M_S_PV.10205","Council_meeting_record_variant","2026","2026-08-05","COUNTERTERRORISM","S/PV.10205","S/PV.10205","not_applicable","https://ydsftksff8.execute-api.us-east-1.amazonaws.com/dev/render_meeting/scmeetings_2026/EN","https://docs.un.org/S/PV.10205","official_meeting_index_entry","Council_meeting_legal_record","not_inferred","2026_index_asof_snapshot_for_2026","not_estimated","not_estimated"
"M_S_PV.10206","Council_meeting_record_variant","2026","2026-08-06","UNMISS","S/PV.10206","S/PV.10206","not_applicable","https://ydsftksff8.execute-api.us-east-1.amazonaws.com/dev/render_meeting/scmeetings_2026/EN","https://docs.un.org/S/PV.10206","official_meeting_index_entry","Council_meeting_legal_record","not_inferred","2026_index_asof_snapshot_for_2026","not_estimated","not_estimated"
"M_S_PV.10207","Council_meeting_record_variant","2026","2026-08-11","OTHER_COUNCIL_AGENDA","S/PV.10207","S/PV.10207","not_applicable","https://ydsftksff8.execute-api.us-east-1.amazonaws.com/dev/render_meeting/scmeetings_2026/EN","https://docs.un.org/S/PV.10207","official_meeting_index_entry","Council_meeting_legal_record","not_inferred","2026_index_asof_snapshot_for_2026","not_estimated","not_estimated"
"M_S_PV.10208","Council_meeting_record_variant","2026","2026-08-13","OTHER_COUNCIL_AGENDA","S/PV.10208","S/PV.10208","not_applicable","https://ydsftksff8.execute-api.us-east-1.amazonaws.com/dev/render_meeting/scmeetings_2026/EN","https://docs.un.org/S/PV.10208","official_meeting_index_entry","Council_meeting_legal_record","not_inferred","2026_index_asof_snapshot_for_2026","not_estimated","not_estimated"
"M_S_PV.10209","Council_meeting_record_variant","2026","2026-08-18","UNSMIL","S/PV.10209","S/PV.10209","not_applicable","https://ydsftksff8.execute-api.us-east-1.amazonaws.com/dev/render_meeting/scmeetings_2026/EN","https://docs.un.org/S/PV.10209","official_meeting_index_entry","Council_meeting_legal_record","not_inferred","2026_index_asof_snapshot_for_2026","not_estimated","not_estimated"
"M_S_PV.10210","Council_meeting_record_variant","2026","2026-08-19","OTHER_COUNCIL_AGENDA","S/PV.10210","S/PV.10210","not_applicable","https://ydsftksff8.execute-api.us-east-1.amazonaws.com/dev/render_meeting/scmeetings_2026/EN","https://docs.un.org/S/PV.10210","official_meeting_index_entry","Council_meeting_legal_record","not_inferred","2026_index_asof_snapshot_for_2026","not_estimated","not_estimated"
"M_S_PV.10210_Resumption_1","Council_meeting_record_variant","2026","2026-08-19","OTHER_COUNCIL_AGENDA","S/PV.10210/Resumption_1","S/PV.10210","not_applicable","https://ydsftksff8.execute-api.us-east-1.amazonaws.com/dev/render_meeting/scmeetings_2026/EN","https://docs.un.org/S/PV.10210 (Resumption 1)","official_meeting_index_entry","Council_meeting_legal_record","not_inferred","resumption_same_base_meeting_not_extra","not_estimated","not_estimated"
"M_S_PV.10211","Council_meeting_record_variant","2026","2026-08-24","UNMISS","S/PV.10211","S/PV.10211","not_applicable","https://ydsftksff8.execute-api.us-east-1.amazonaws.com/dev/render_meeting/scmeetings_2026/EN","https://docs.un.org/S/PV.10211","official_meeting_index_entry","Council_meeting_legal_record","not_inferred","2026_index_asof_snapshot_for_2026","not_estimated","not_estimated"
"M_S_PV.10212","Council_meeting_record_variant","2026","2026-08-24","OTHER_COUNCIL_AGENDA","S/PV.10212","S/PV.10212","not_applicable","https://ydsftksff8.execute-api.us-east-1.amazonaws.com/dev/render_meeting/scmeetings_2026/EN","https://docs.un.org/S/PV.10212","official_meeting_index_entry","Council_meeting_legal_record","not_inferred","2026_index_asof_snapshot_for_2026","not_estimated","not_estimated"
"M_S_PV.10213","Council_meeting_record_variant","2026","2026-08-25","OTHER_COUNCIL_AGENDA","S/PV.10213","S/PV.10213","not_applicable","https://ydsftksff8.execute-api.us-east-1.amazonaws.com/dev/render_meeting/scmeetings_2026/EN","https://docs.un.org/S/PV.10213","official_meeting_index_entry","Council_meeting_legal_record","not_inferred","2026_index_asof_snapshot_for_2026","not_estimated","not_estimated"
"M_S_PV.10213_Resumption_1","Council_meeting_record_variant","2026","2026-08-25","OTHER_COUNCIL_AGENDA","S/PV.10213/Resumption_1","S/PV.10213","not_applicable","https://ydsftksff8.execute-api.us-east-1.amazonaws.com/dev/render_meeting/scmeetings_2026/EN","https://docs.un.org/S/PV.10213 (Resumption 1)","official_meeting_index_entry","Council_meeting_legal_record","not_inferred","resumption_same_base_meeting_not_extra","not_estimated","not_estimated"
"M_S_PV.10213_Resumption_2","Council_meeting_record_variant","2026","2026-08-26","OTHER_COUNCIL_AGENDA","S/PV.10213/Resumption_2","S/PV.10213","not_applicable","https://ydsftksff8.execute-api.us-east-1.amazonaws.com/dev/render_meeting/scmeetings_2026/EN","https://docs.un.org/S/PV.10213 (Resumption 2)","official_meeting_index_entry","Council_meeting_legal_record","not_inferred","resumption_same_base_meeting_not_extra","not_estimated","not_estimated"
"M_S_PV.10214","Council_meeting_record_variant","2026","2026-08-26","OTHER_COUNCIL_AGENDA","S/PV.10214","S/PV.10214","not_applicable","https://ydsftksff8.execute-api.us-east-1.amazonaws.com/dev/render_meeting/scmeetings_2026/EN","https://docs.un.org/S/PV.10214","official_meeting_index_entry","Council_meeting_legal_record","not_inferred","2026_index_asof_snapshot_for_2026","not_estimated","not_estimated"
"M_S_PV.10215","Council_meeting_record_variant","2026","2026-08-27","OTHER_COUNCIL_AGENDA","S/PV.10215","S/PV.10215","not_applicable","https://ydsftksff8.execute-api.us-east-1.amazonaws.com/dev/render_meeting/scmeetings_2026/EN","https://docs.un.org/S/PV.10215","official_meeting_index_entry","Council_meeting_legal_record","not_inferred","2026_index_asof_snapshot_for_2026","not_estimated","not_estimated"
"M_S_PV.10216","Council_meeting_record_variant","2026","2026-08-28","BINUH","S/PV.10216","S/PV.10216","not_applicable","https://ydsftksff8.execute-api.us-east-1.amazonaws.com/dev/render_meeting/scmeetings_2026/EN","https://docs.un.org/S/PV.10216","official_meeting_index_entry","Council_meeting_legal_record","not_inferred","2026_index_asof_snapshot_for_2026","not_estimated","not_estimated"
"M_S_PV.10217","Council_meeting_record_variant","2026","2026-09-03","OTHER_COUNCIL_AGENDA","S/PV.10217","S/PV.10217","not_applicable","https://ydsftksff8.execute-api.us-east-1.amazonaws.com/dev/render_meeting/scmeetings_2026/EN","https://docs.un.org/S/PV.10217","official_meeting_index_entry","Council_meeting_legal_record","not_inferred","2026_index_asof_snapshot_for_2026","not_estimated","not_estimated"
"M_S_PV.10218","Council_meeting_record_variant","2026","2026-09-10","OTHER_COUNCIL_AGENDA","S/PV.10218","S/PV.10218","not_applicable","https://ydsftksff8.execute-api.us-east-1.amazonaws.com/dev/render_meeting/scmeetings_2026/EN","https://docs.un.org/S/PV.10218","official_meeting_index_entry","Council_meeting_legal_record","not_inferred","2026_index_asof_snapshot_for_2026","not_estimated","not_estimated"
"M_S_PV.10219","Council_meeting_record_variant","2026","2026-09-10","OTHER_COUNCIL_AGENDA","S/PV.10219","S/PV.10219","not_applicable","https://ydsftksff8.execute-api.us-east-1.amazonaws.com/dev/render_meeting/scmeetings_2026/EN","https://docs.un.org/S/PV.10219","official_meeting_index_entry","Council_meeting_legal_record","not_inferred","2026_index_asof_snapshot_for_2026","not_estimated","not_estimated"
"M_S_PV.10220","Council_meeting_record_variant","2026","2026-09-11","UNMISS","S/PV.10220","S/PV.10220","not_applicable","https://ydsftksff8.execute-api.us-east-1.amazonaws.com/dev/render_meeting/scmeetings_2026/EN","https://docs.un.org/S/PV.10220","official_meeting_index_entry","Council_meeting_legal_record","not_inferred","2026_index_asof_snapshot_for_2026","not_estimated","not_estimated"
"M_S_PV.10221","Council_meeting_record_variant","2026","2026-09-11","COUNTERTERRORISM","S/PV.10221","S/PV.10221","not_applicable","https://ydsftksff8.execute-api.us-east-1.amazonaws.com/dev/render_meeting/scmeetings_2026/EN","https://docs.un.org/S/PV.10221","official_meeting_index_entry","Council_meeting_legal_record","not_inferred","2026_index_asof_snapshot_for_2026","not_estimated","not_estimated"
"M_S_PV.10222","Council_meeting_record_variant","2026","2026-09-15","OTHER_COUNCIL_AGENDA","S/PV.10222","S/PV.10222","not_applicable","https://ydsftksff8.execute-api.us-east-1.amazonaws.com/dev/render_meeting/scmeetings_2026/EN","https://docs.un.org/S/PV.10222","official_meeting_index_entry","Council_meeting_legal_record","not_inferred","2026_index_asof_snapshot_for_2026","not_estimated","not_estimated"
"M_S_PV.10223","Council_meeting_record_variant","2026","2026-09-16","UNAMA","S/PV.10223","S/PV.10223","not_applicable","https://ydsftksff8.execute-api.us-east-1.amazonaws.com/dev/render_meeting/scmeetings_2026/EN","https://docs.un.org/S/PV.10223","official_meeting_index_entry","Council_meeting_legal_record","not_inferred","2026_index_asof_snapshot_for_2026","not_estimated","not_estimated"
"M_S_PV.10224","Council_meeting_record_variant","2026","2026-09-17","OTHER_COUNCIL_AGENDA","S/PV.10224","S/PV.10224","not_applicable","https://ydsftksff8.execute-api.us-east-1.amazonaws.com/dev/render_meeting/scmeetings_2026/EN","https://docs.un.org/S/PV.10224","official_meeting_index_entry","Council_meeting_legal_record","not_inferred","2026_index_asof_snapshot_for_2026","not_estimated","not_estimated"
"M_S_PV.10225","Council_meeting_record_variant","2026","2026-09-17","OTHER_COUNCIL_AGENDA","S/PV.10225","S/PV.10225","not_applicable","https://ydsftksff8.execute-api.us-east-1.amazonaws.com/dev/render_meeting/scmeetings_2026/EN","https://docs.un.org/S/PV.10225","official_meeting_index_entry","Council_meeting_legal_record","not_inferred","2026_index_asof_snapshot_for_2026","not_estimated","not_estimated"
"M_S_PV.10226","Council_meeting_record_variant","2026","2026-09-18","CROSS_CUTTING_PEACE_OPERATIONS","S/PV.10226","S/PV.10226","not_applicable","https://ydsftksff8.execute-api.us-east-1.amazonaws.com/dev/render_meeting/scmeetings_2026/EN","https://docs.un.org/S/PV.10226","official_meeting_index_entry","Council_meeting_legal_record","not_inferred","2026_index_asof_snapshot_for_2026","not_estimated","not_estimated"
"M_S_PV.10227","Council_meeting_record_variant","2026","2026-09-23","OTHER_COUNCIL_AGENDA","S/PV.10227","S/PV.10227","not_applicable","https://ydsftksff8.execute-api.us-east-1.amazonaws.com/dev/render_meeting/scmeetings_2026/EN","https://docs.un.org/S/PV.10227","official_meeting_index_entry","Council_meeting_legal_record","not_inferred","2026_index_asof_snapshot_for_2026","not_estimated","not_estimated"
"M_S_PV.10227_Resumption_1","Council_meeting_record_variant","2026","2026-09-23","OTHER_COUNCIL_AGENDA","S/PV.10227/Resumption_1","S/PV.10227","not_applicable","https://ydsftksff8.execute-api.us-east-1.amazonaws.com/dev/render_meeting/scmeetings_2026/EN","https://docs.un.org/S/PV.10227 (Resumption 1)","official_meeting_index_entry","Council_meeting_legal_record","not_inferred","resumption_same_base_meeting_not_extra","not_estimated","not_estimated"
"M_S_PV.10228","Council_meeting_record_variant","2026","2026-09-23","OTHER_COUNCIL_AGENDA","S/PV.10228","S/PV.10228","not_applicable","https://ydsftksff8.execute-api.us-east-1.amazonaws.com/dev/render_meeting/scmeetings_2026/EN","https://docs.un.org/S/PV.10228","official_meeting_index_entry","Council_meeting_legal_record","not_inferred","2026_index_asof_snapshot_for_2026","not_estimated","not_estimated"
"M_S_PV.10229","Council_meeting_record_variant","2026","2026-09-25","OTHER_COUNCIL_AGENDA","S/PV.10229","S/PV.10229","not_applicable","https://ydsftksff8.execute-api.us-east-1.amazonaws.com/dev/render_meeting/scmeetings_2026/EN","https://docs.un.org/S/PV.10229","official_meeting_index_entry","Council_meeting_legal_record","not_inferred","2026_index_asof_snapshot_for_2026","not_estimated","not_estimated"
"M_S_PV.10230","Council_meeting_record_variant","2026","2026-09-28","OTHER_COUNCIL_AGENDA","S/PV.10230","S/PV.10230","not_applicable","https://ydsftksff8.execute-api.us-east-1.amazonaws.com/dev/render_meeting/scmeetings_2026/EN","https://docs.un.org/S/PV.10230","official_meeting_index_entry","Council_meeting_legal_record","not_inferred","2026_index_asof_snapshot_for_2026","not_estimated","not_estimated"
"M_S_PV.10231","Council_meeting_record_variant","2026","2026-09-29","BINUH","S/PV.10231","S/PV.10231","not_applicable","https://ydsftksff8.execute-api.us-east-1.amazonaws.com/dev/render_meeting/scmeetings_2026/EN","https://docs.un.org/S/PV.10231","official_meeting_index_entry","Council_meeting_legal_record","not_inferred","2026_index_asof_snapshot_for_2026","not_estimated","not_estimated"
"M_S_PV.10232","Council_meeting_record_variant","2026","2026-09-29","MONUSCO","S/PV.10232","S/PV.10232","not_applicable","https://ydsftksff8.execute-api.us-east-1.amazonaws.com/dev/render_meeting/scmeetings_2026/EN","https://docs.un.org/S/PV.10232","official_meeting_index_entry","Council_meeting_legal_record","not_inferred","2026_index_asof_snapshot_for_2026","not_estimated","not_estimated"
"M_S_PV.10233","Council_meeting_record_variant","2026","2026-10-06","OTHER_COUNCIL_AGENDA","S/PV.10233","S/PV.10233","not_applicable","https://ydsftksff8.execute-api.us-east-1.amazonaws.com/dev/render_meeting/scmeetings_2026/EN","https://docs.un.org/S/PV.10233","official_meeting_index_entry","Council_meeting_legal_record","not_inferred","2026_index_asof_snapshot_for_2026","not_estimated","not_estimated"
"M_S_PV.10234","Council_meeting_record_variant","2026","2026-10-07","OTHER_COUNCIL_AGENDA","S/PV.10234","S/PV.10234","not_applicable","https://ydsftksff8.execute-api.us-east-1.amazonaws.com/dev/render_meeting/scmeetings_2026/EN","https://docs.un.org/S/PV.10234","official_meeting_index_entry","Council_meeting_legal_record","not_inferred","2026_index_asof_snapshot_for_2026","not_estimated","not_estimated"
"M_S_PV.10235","Council_meeting_record_variant","2026","2026-10-08","UNMISS","S/PV.10235","S/PV.10235","not_applicable","https://ydsftksff8.execute-api.us-east-1.amazonaws.com/dev/render_meeting/scmeetings_2026/EN","https://docs.un.org/S/PV.10235","official_meeting_index_entry","Council_meeting_legal_record","not_inferred","2026_index_asof_snapshot_for_2026","not_estimated","not_estimated"
"E_EV001","published_mission_or_department_activity","2025","2025-01-27","UNOWAS_UNOCA","none","not_applicable","EV001","SRC003","look_up_source_id_in_retrospective_sources","public_source_case_identification","UNOWAS: joint lead; UNOCA: joint lead","jointly_delivered_activity","nonexhaustive_mission_news_sample","not_estimated","not_estimated"
"E_EV002","published_mission_or_department_activity","2025","2025-01-29","UNOWAS_UNOCA","none","not_applicable","EV002","SRC003","look_up_source_id_in_retrospective_sources","public_source_case_identification","LCBC: regional forum; UNOWAS/UNOCA: joint participants","joint_attendance_sub_event","nonexhaustive_mission_news_sample","not_estimated","not_estimated"
"E_EV003","published_mission_or_department_activity","2025","2025-02-26","UNOWAS_UNOCA","none","not_applicable","EV003","SRC007","look_up_source_id_in_retrospective_sources","public_source_case_identification","UNOWAS and UNOCA: co-organizers; ECOWAS/ECCAS and other partners: participants","jointly_delivered_activity","nonexhaustive_mission_news_sample","not_estimated","not_estimated"
"E_EV004","published_mission_or_department_activity","2025","2025-02-27","UNOWAS_UNOCA","none","not_applicable","EV004","SRC005","look_up_source_id_in_retrospective_sources","public_source_case_identification","UNOCA: compilation lead; UNOWAS: joint-event partner","single_lead_shared_event_output","nonexhaustive_mission_news_sample","not_estimated","not_estimated"
"E_EV005","published_mission_or_department_activity","2025","2025-02-17","UNOWAS_UNOCA","none","not_applicable","EV005","SRC005","look_up_source_id_in_retrospective_sources","public_source_case_identification","UNOCA: convener; UNOWAS and Great Lakes envoy: participants","documented_shared_knowledge_meeting","nonexhaustive_mission_news_sample","not_estimated","not_estimated"
"E_EV006","published_mission_or_department_activity","2025","2025-04-08","UNOWAS_UNOCA","none","not_applicable","EV006","SRC005","look_up_source_id_in_retrospective_sources","public_source_case_identification","UNOCA and UNOWAS: mutual participants","documented_shared_knowledge_meeting","nonexhaustive_mission_news_sample","not_estimated","not_estimated"
"E_EV007","published_mission_or_department_activity","2025","2025-10-30","UNOWAS_UNOCA","none","not_applicable","EV007","SRC009","look_up_source_id_in_retrospective_sources","public_source_case_identification","UNOCA and UNOWAS: joint review","documented_shared_knowledge_meeting","nonexhaustive_mission_news_sample","not_estimated","not_estimated"
"E_EV008","published_mission_or_department_activity","2025","2025-12-07","UNOWAS_UNOCA","none","not_applicable","EV008","SRC013","look_up_source_id_in_retrospective_sources","public_source_case_identification","UNSC IEG: lead; UNOCA and UNOWAS advisers, DPPA-DPO regional team: accompanying participants","joint_multi_entity_participation","nonexhaustive_mission_news_sample","not_estimated","not_estimated"
"E_EV009","published_mission_or_department_activity","2026","2026-04-28","UNOWAS_UNOCA","none","not_applicable","EV009","SRC011","look_up_source_id_in_retrospective_sources","public_source_case_identification","UNOWAS and UNOCA: joint desk meeting","documented_shared_knowledge_meeting","nonexhaustive_mission_news_sample","not_estimated","not_estimated"
"E_EV010","published_mission_or_department_activity","2025","2025-03-26","UNOWAS_UNOCA","S/2025/187","not_applicable","EV010","SRC006","look_up_source_id_in_retrospective_sources","public_source_case_identification","UNOWAS: reporting focus; UN Secretary-General: issuer","distinct_mandate_final_report","nonexhaustive_mission_news_sample","not_estimated","not_estimated"
"E_EV011","published_mission_or_department_activity","2025","2025-05-30","UNOWAS_UNOCA","S/2025/342","not_applicable","EV011","SRC005","look_up_source_id_in_retrospective_sources","public_source_case_identification","UNOCA: reporting focus; UN Secretary-General: issuer","distinct_mandate_final_report","nonexhaustive_mission_news_sample","not_estimated","not_estimated"
"E_EV012","published_mission_or_department_activity","2025","2025-11-28","UNOWAS_UNOCA","S/2025/771","not_applicable","EV012","SRC010","look_up_source_id_in_retrospective_sources","public_source_case_identification","UNOWAS: reporting focus; SG: issuer","distinct_mandate_final_report","nonexhaustive_mission_news_sample","not_estimated","not_estimated"
"E_EV013","published_mission_or_department_activity","2025","2025-11-28","UNOWAS_UNOCA","S/2025/772","not_applicable","EV013","SRC009","look_up_source_id_in_retrospective_sources","public_source_case_identification","UNOCA: reporting focus; SG: issuer","distinct_mandate_final_report","nonexhaustive_mission_news_sample","not_estimated","not_estimated"
"E_EV014","published_mission_or_department_activity","2026","2026-05-29","UNOWAS_UNOCA","S/2026/445","not_applicable","EV014","SRC011","look_up_source_id_in_retrospective_sources","public_source_case_identification","UNOCA: reporting focus; SG: issuer","distinct_mandate_final_report","nonexhaustive_mission_news_sample","not_estimated","not_estimated"
"E_EV015","published_mission_or_department_activity","2026","2026-06-30","UNOWAS_UNOCA","S/2026/537","not_applicable","EV015","SRC012","look_up_source_id_in_retrospective_sources","public_source_case_identification","UNOWAS: reporting focus; SG: issuer","distinct_mandate_final_report","nonexhaustive_mission_news_sample","not_estimated","not_estimated"
"E_EV016","published_mission_or_department_activity","2025","2025-12-11","UNOWAS_UNOCA","S/PV.10060","S/PV.10060","EV016","SRC014","look_up_source_id_in_retrospective_sources","public_source_case_identification","UNOCA SRSG Abdou Abarry: briefer","distinct_council_meeting","nonexhaustive_mission_news_sample","not_estimated","not_estimated"
"E_EV017","published_mission_or_department_activity","2025","2025-12-18","UNOWAS_UNOCA","S/PV.10073","S/PV.10073","EV017","SRC015","look_up_source_id_in_retrospective_sources","public_source_case_identification","UNOWAS Deputy SRSG Barrie Freeman: briefer","distinct_council_meeting","nonexhaustive_mission_news_sample","not_estimated","not_estimated"
"E_EV018","published_mission_or_department_activity","2025","2025-04-22","UNAMA_UNRCCA","none","not_applicable","EV018","SRC017","look_up_source_id_in_retrospective_sources","public_source_case_identification","UNRCCA: host; UNAMA: cooperation and two speakers","jointly_delivered_activity","nonexhaustive_mission_news_sample","not_estimated","not_estimated"
"E_EV019","published_mission_or_department_activity","2025","2025-11-27","UNAMA_UNRCCA","none","not_applicable","EV019","SRC019","look_up_source_id_in_retrospective_sources","public_source_case_identification","UNRCCA: convened; UNAMA acting SRSG: participated","participation_only_distinct_roles","nonexhaustive_mission_news_sample","not_estimated","not_estimated"
"E_EV020","published_mission_or_department_activity","2026","2026-02-17","UNAMA_UNRCCA","none","not_applicable","EV020","SRC018","look_up_source_id_in_retrospective_sources","public_source_case_identification","DPPA and UNSSC: organizers; UNRCCA host/cooperation; UNAMA: cooperation and attendees","jointly_delivered_activity","nonexhaustive_mission_news_sample","not_estimated","not_estimated"
"E_EV021","published_mission_or_department_activity","2026","2026-06-15","UNAMA_UNRCCA","none","not_applicable","EV021","SRC020","look_up_source_id_in_retrospective_sources","public_source_case_identification","Kazakhstan MFA: host; UNRCCA and UNAMA: UN participants","participation_only_distinct_roles","nonexhaustive_mission_news_sample","not_estimated","not_estimated"
"E_EV022","published_mission_or_department_activity","2025","2025-09-15","UNAMA_UNRCCA","none","not_applicable","EV022","SRC021","look_up_source_id_in_retrospective_sources","public_source_case_identification","UNRCCA and UNOCT: organizers; UNAMA: one of participating entities","participation_only_distinct_roles","nonexhaustive_mission_news_sample","not_estimated","not_estimated"
"E_EV023","published_mission_or_department_activity","2025","2025-12-03","UNAMA_UNRCCA","S/2025/789","not_applicable","EV023","SRC022","look_up_source_id_in_retrospective_sources","public_source_case_identification","UNAMA country mission: substantive focus; SG: issuer","distinct_mandate_final_report","nonexhaustive_mission_news_sample","not_estimated","not_estimated"
"E_EV024","published_mission_or_department_activity","2026","2026-02-27","UNAMA_UNRCCA","S/2026/99","not_applicable","EV024","SRC023","look_up_source_id_in_retrospective_sources","public_source_case_identification","UNAMA country mission: substantive focus; SG: issuer","distinct_mandate_final_report","nonexhaustive_mission_news_sample","not_estimated","not_estimated"
"E_EV025","published_mission_or_department_activity","2025","2025-12-10","UNAMA_UNRCCA","S/PV.10058","S/PV.10058","EV025","SRC022","look_up_source_id_in_retrospective_sources","public_source_case_identification","UNAMA Deputy SRSG Georgette Gagnon: briefer","distinct_council_meeting","nonexhaustive_mission_news_sample","not_estimated","not_estimated"
"E_EV026","published_mission_or_department_activity","2025","2025-05-27","DPPA_DPO_REGIONAL","none","not_applicable","EV026","SRC027","look_up_source_id_in_retrospective_sources","public_source_case_identification","DPPA and DPO: jointly conducting review; GA convened consultation","jointly_delivered_activity","nonexhaustive_mission_news_sample","not_estimated","not_estimated"
"E_EV027","published_mission_or_department_activity","2025","2025-04-01","DPPA_DPO_REGIONAL","2025_joint_guidelines_no_symbol_verified","not_applicable","EV027","SRC029","look_up_source_id_in_retrospective_sources","public_source_case_identification","DPO, DPPA and DOS: co-endorsers","jointly_produced_guidance","nonexhaustive_mission_news_sample","not_estimated","not_estimated"
"E_EV028","published_mission_or_department_activity","2026","2026-07-22","DPPA_DPO_REGIONAL","A/80/798-S/2026/600","not_applicable","EV028","SRC028","look_up_source_id_in_retrospective_sources","public_source_case_identification","DPPA and DPO: joint review leads; SG: report issuer","jointly_produced_guidance","nonexhaustive_mission_news_sample","not_estimated","not_estimated"
"E_EV029","published_mission_or_department_activity","2025","2025-07-02","DPPA_DPO_REGIONAL","none","not_applicable","EV029","SRC024","look_up_source_id_in_retrospective_sources","public_source_case_identification","ASG Miroslav Jenca: one DPPA/DPO joint department briefer","single_integrated_staff_output","nonexhaustive_mission_news_sample","not_estimated","not_estimated"
"E_EV030","published_mission_or_department_activity","2025","2025-08-01","DPPA_DPO_REGIONAL","none","not_applicable","EV030","SRC025","look_up_source_id_in_retrospective_sources","public_source_case_identification","ASG Miroslav Jenca: one DPPA/DPO joint department briefer","single_integrated_staff_output","nonexhaustive_mission_news_sample","not_estimated","not_estimated"
"E_EV031","published_mission_or_department_activity","2026","2026-04-28","DPPA_DPO_REGIONAL","S/PV.10146","S/PV.10146","EV031","SRC026","look_up_source_id_in_retrospective_sources","public_source_case_identification","ASG Khaled Khiari: one briefer for joint pillar","single_integrated_staff_output","nonexhaustive_mission_news_sample","not_estimated","not_estimated"
"E_EV032","published_mission_or_department_activity","2025","2025-03-05","DPPA_DPO_REGIONAL","25-POL-DPPA-DPO-SS-254066-J-NEW_YORK","not_applicable","EV032","SRC037","look_up_source_id_in_retrospective_sources","public_source_case_identification","Joint Americas Division: one integrated recruitment","existing_joint_structure_not_deliverable","nonexhaustive_mission_news_sample","not_estimated","not_estimated"
"E_EV033","published_mission_or_department_activity","2025","2025-07-21","TRAINING_COMPARISON","none","not_applicable","EV033","SRC034","look_up_source_id_in_retrospective_sources","public_source_case_identification","UNRCCA UNOCT: organizers; Tajikistan and Uzbekistan: state trainees","separate_training_cohort","nonexhaustive_mission_news_sample","not_estimated","not_estimated"
"E_EV034","published_mission_or_department_activity","2025","2025-07-24","TRAINING_COMPARISON","none","not_applicable","EV034","SRC035","look_up_source_id_in_retrospective_sources","public_source_case_identification","UNRCCA UNOCT: organizers; Kazakhstan and Kyrgyzstan: state trainees","separate_training_cohort","nonexhaustive_mission_news_sample","not_estimated","not_estimated"
"E_EV035","published_mission_or_department_activity","2025","2025-12-02","TRAINING_COMPARISON","none","not_applicable","EV035","SRC031","look_up_source_id_in_retrospective_sources","public_source_case_identification","DPPA Innovation Cell/QCRI: organizers; joint DPPA/DPO Americas staff: one participant","distinct_course_shared_staff_audience","nonexhaustive_mission_news_sample","not_estimated","not_estimated"
"E_EV036","published_mission_or_department_activity","2025","2025-08-01","TRAINING_COMPARISON","2025_UNMISS_CPS_POLICING_SYLLABUS","not_applicable","EV036","SRC032","look_up_source_id_in_retrospective_sources","public_source_case_identification","UNMISS, UNPOL and CSM: joint training resource developers","distinct_specialized_training_resource","nonexhaustive_mission_news_sample","not_estimated","not_estimated"
"E_EV037","published_mission_or_department_activity","2025","2025-06-01","TRAINING_COMPARISON","none","not_applicable","EV037","SRC033","look_up_source_id_in_retrospective_sources","public_source_case_identification","DPPA PBSO, UNSSC, CSM: organizers","distinct_political_programming_training","nonexhaustive_mission_news_sample","not_estimated","not_estimated"
"E_EV038","published_mission_or_department_activity","2024","2024-10-01","TRAINING_COMPARISON","2025_PRACTICE_NOTE_ON_2024_WORKSHOP","not_applicable","EV038","SRC036","look_up_source_id_in_retrospective_sources","public_source_case_identification","UNOCA/DPPA/DPO/UNSSC: co-organized 2024 workshop","outside_requested_event_window","2024_event_not_in_2025_2026_activity_population","not_estimated","not_estimated"
"E_EV039","published_mission_or_department_activity","2026","2026-04-28","UNAMA_UNRCCA","none","not_applicable","EV039","SRC043","look_up_source_id_in_retrospective_sources","public_source_case_identification","UNRCCA Academy host; UNAMA political officer contributor","jointly_delivered_activity","nonexhaustive_mission_news_sample","not_estimated","not_estimated"
"E_EV040","published_mission_or_department_activity","2026","2026-04-08","UNAMA_UNRCCA","none","not_applicable","EV040","SRC044","look_up_source_id_in_retrospective_sources","public_source_case_identification","UNRCCA organizer; UNAMA not explicitly named a co-organizer","UNRCCA_hosted_separate_session","nonexhaustive_mission_news_sample","not_estimated","not_estimated"
"E_EV041","published_mission_or_department_activity","2026","2026-06-23","UNOWAS_UNOCA","none","not_applicable","EV041","SRC045","look_up_source_id_in_retrospective_sources","public_source_case_identification","UNOWAS UNODC joint organizers; UNOCA unverified involvement","partner_elsewhere_not_UNOCA","nonexhaustive_mission_news_sample","not_estimated","not_estimated"
"E_EV042","published_mission_or_department_activity","2026","2026-10-06","UNOWAS_UNOCA","none","not_applicable","EV042","SRC046","look_up_source_id_in_retrospective_sources","public_source_case_identification","UNOCA original publisher; UNOWAS co-authorship unverified","regional_mandate_distinct_publication","nonexhaustive_mission_news_sample","not_estimated","not_estimated"
"E_EV043","published_mission_or_department_activity","2026","2026-07-14","UNOWAS_UNOCA","S/PV.10195","S/PV.10195","EV043","SRC047","look_up_source_id_in_retrospective_sources","public_source_case_identification","Security Council meeting; UNOWAS reporting focus","distinct_council_meeting","nonexhaustive_mission_news_sample","not_estimated","not_estimated"
"E_EV044","published_mission_or_department_activity","2026","2026-06-08","UNAMA_UNRCCA","S/PV.10165","S/PV.10165","EV044","SRC049","look_up_source_id_in_retrospective_sources","public_source_case_identification","Council Afghanistan meeting; UNAMA reporting focus","country_report_meeting_link","nonexhaustive_mission_news_sample","not_estimated","not_estimated"
"E_EV045","published_mission_or_department_activity","2026","2026-09-16","UNAMA_UNRCCA","S/PV.10223","S/PV.10223","EV045","SRC048","look_up_source_id_in_retrospective_sources","public_source_case_identification","Council Afghanistan meeting; UNAMA reporting focus","country_report_meeting_link","nonexhaustive_mission_news_sample","not_estimated","not_estimated"
"E_EV046","published_mission_or_department_activity","2026","2026-03-09","UNAMA_UNRCCA","S/PV.10116","S/PV.10116","EV046","SRC050","look_up_source_id_in_retrospective_sources","public_source_case_identification","UNAMA country mandate Council meeting","distinct_council_meeting","nonexhaustive_mission_news_sample","not_estimated","not_estimated"
