record_id,meeting_base_id,date,year,topic,agenda_family,variant,source_link,registry_url,is_resumption,record_grain,source_status,meeting_to_report_link,financial_duplication
S/PV.9830,S/PV.9830,2025-01-03,2025,"The situation in the Middle East, including the Palestinian question",OTHER_COUNCIL_AGENDA,original,https://docs.un.org/S/PV.9830,https://ydsftksff8.execute-api.us-east-1.amazonaws.com/dev/render_meeting/scmeetings_2025/EN,false,verbatim_document_variant_not_unique_meeting,public_2025_or_2026_meeting_index_entry,not_inferred_from_same_topic_alone,not_estimated
S/PV.9831,S/PV.9831,2025-01-06,2025,Protection of civilians in armed conflict,OTHER_COUNCIL_AGENDA,original,https://docs.un.org/S/PV.9831,https://ydsftksff8.execute-api.us-east-1.amazonaws.com/dev/render_meeting/scmeetings_2025/EN,false,verbatim_document_variant_not_unique_meeting,public_2025_or_2026_meeting_index_entry,not_inferred_from_same_topic_alone,not_estimated
S/PV.9832,S/PV.9832,2025-01-08,2025,The situation in the Middle East,OTHER_COUNCIL_AGENDA,original,https://docs.un.org/S/PV.9832,https://ydsftksff8.execute-api.us-east-1.amazonaws.com/dev/render_meeting/scmeetings_2025/EN,false,verbatim_document_variant_not_unique_meeting,public_2025_or_2026_meeting_index_entry,not_inferred_from_same_topic_alone,not_estimated
S/PV.9833,S/PV.9833,2025-01-08,2025,Non-proliferation/Democratic People's Republic of Korea,OTHER_COUNCIL_AGENDA,original,https://docs.un.org/S/PV.9833,https://ydsftksff8.execute-api.us-east-1.amazonaws.com/dev/render_meeting/scmeetings_2025/EN,false,verbatim_document_variant_not_unique_meeting,public_2025_or_2026_meeting_index_entry,not_inferred_from_same_topic_alone,not_estimated
S/PV.9834,S/PV.9834,2025-01-14,2025,"Meeting of the Security Council with the troop- and police-contributing countries pursuant to resolution 1353 (2001), annex II, sections A and B",OTHER_COUNCIL_AGENDA,original,https://docs.un.org/S/PV.9834,https://ydsftksff8.execute-api.us-east-1.amazonaws.com/dev/render_meeting/scmeetings_2025/EN,false,verbatim_document_variant_not_unique_meeting,public_2025_or_2026_meeting_index_entry,not_inferred_from_same_topic_alone,not_estimated
S/PV.9835,S/PV.9835,2025-01-15,2025,The situation in the Middle East,OTHER_COUNCIL_AGENDA,original,https://docs.un.org/S/PV.9835,https://ydsftksff8.execute-api.us-east-1.amazonaws.com/dev/render_meeting/scmeetings_2025/EN,false,verbatim_document_variant_not_unique_meeting,public_2025_or_2026_meeting_index_entry,not_inferred_from_same_topic_alone,not_estimated
S/PV.9836,S/PV.9836,2025-01-15,2025,Maintenance of international peace and security,OTHER_COUNCIL_AGENDA,original,https://docs.un.org/S/PV.9836,https://ydsftksff8.execute-api.us-east-1.amazonaws.com/dev/render_meeting/scmeetings_2025/EN,false,verbatim_document_variant_not_unique_meeting,public_2025_or_2026_meeting_index_entry,not_inferred_from_same_topic_alone,not_estimated
S/PV.9837,S/PV.9837,2025-01-16,2025,The situation in the Middle East,OTHER_COUNCIL_AGENDA,original,https://docs.un.org/S/PV.9837,https://ydsftksff8.execute-api.us-east-1.amazonaws.com/dev/render_meeting/scmeetings_2025/EN,false,verbatim_document_variant_not_unique_meeting,public_2025_or_2026_meeting_index_entry,not_inferred_from_same_topic_alone,not_estimated
S/PV.9838,S/PV.9838,2025-01-16,2025,The situation in Libya,UNSMIL,original,https://docs.un.org/S/PV.9838,https://ydsftksff8.execute-api.us-east-1.amazonaws.com/dev/render_meeting/scmeetings_2025/EN,false,verbatim_document_variant_not_unique_meeting,public_2025_or_2026_meeting_index_entry,not_inferred_from_same_topic_alone,not_estimated
S/PV.9839,S/PV.9839,2025-01-16,2025,Maintenance of peace and security of Ukraine,OTHER_COUNCIL_AGENDA,original,https://docs.un.org/S/PV.9839,https://ydsftksff8.execute-api.us-east-1.amazonaws.com/dev/render_meeting/scmeetings_2025/EN,false,verbatim_document_variant_not_unique_meeting,public_2025_or_2026_meeting_index_entry,not_inferred_from_same_topic_alone,not_estimated
S/PV.9840,S/PV.9840,2025-01-17,2025,The situation in the Middle East,OTHER_COUNCIL_AGENDA,original,https://docs.un.org/S/PV.9840,https://ydsftksff8.execute-api.us-east-1.amazonaws.com/dev/render_meeting/scmeetings_2025/EN,false,verbatim_document_variant_not_unique_meeting,public_2025_or_2026_meeting_index_entry,not_inferred_from_same_topic_alone,not_estimated
S/PV.9841,S/PV.9841,2025-01-20,2025,"The situation in the Middle East, including the Palestinian question",OTHER_COUNCIL_AGENDA,original,https://docs.un.org/S/PV.9841,https://ydsftksff8.execute-api.us-east-1.amazonaws.com/dev/render_meeting/scmeetings_2025/EN,false,verbatim_document_variant_not_unique_meeting,public_2025_or_2026_meeting_index_entry,not_inferred_from_same_topic_alone,not_estimated
S/PV.9841/Resumption_1,S/PV.9841,2025-01-20,2025,"The situation in the Middle East, including the Palestinian question",OTHER_COUNCIL_AGENDA,resumption,https://undocs.org/en/S/PV.9841 (Resumption 1),https://ydsftksff8.execute-api.us-east-1.amazonaws.com/dev/render_meeting/scmeetings_2025/EN,true,verbatim_document_variant_not_unique_meeting,public_2025_or_2026_meeting_index_entry,not_inferred_from_same_topic_alone,not_estimated
S/PV.9842,S/PV.9842,2025-01-21,2025,Maintenance of international peace and security,OTHER_COUNCIL_AGENDA,original,https://docs.un.org/S/PV.9842,https://ydsftksff8.execute-api.us-east-1.amazonaws.com/dev/render_meeting/scmeetings_2025/EN,false,verbatim_document_variant_not_unique_meeting,public_2025_or_2026_meeting_index_entry,not_inferred_from_same_topic_alone,not_estimated
S/PV.9842/Resumption_1,S/PV.9842,2025-01-21,2025,Maintenance of international peace and security,OTHER_COUNCIL_AGENDA,resumption,https://undocs.org/en/S/PV.9842 (Resumption 1),https://ydsftksff8.execute-api.us-east-1.amazonaws.com/dev/render_meeting/scmeetings_2025/EN,true,verbatim_document_variant_not_unique_meeting,public_2025_or_2026_meeting_index_entry,not_inferred_from_same_topic_alone,not_estimated
S/PV.9843,S/PV.9843,2025-01-22,2025,Identical letters dated 19 January 2016 from the Permanent Representative of Colombia to the United Nations addressed to the Secretary-General and the President of the Security Council (S/2016/53),COLOMBIA,original,https://docs.un.org/S/PV.9843,https://ydsftksff8.execute-api.us-east-1.amazonaws.com/dev/render_meeting/scmeetings_2025/EN,false,verbatim_document_variant_not_unique_meeting,public_2025_or_2026_meeting_index_entry,not_inferred_from_same_topic_alone,not_estimated
S/PV.9844,S/PV.9844,2025-01-22,2025,The question concerning Haiti,BINUH,original,https://docs.un.org/S/PV.9844,https://ydsftksff8.execute-api.us-east-1.amazonaws.com/dev/render_meeting/scmeetings_2025/EN,false,verbatim_document_variant_not_unique_meeting,public_2025_or_2026_meeting_index_entry,not_inferred_from_same_topic_alone,not_estimated
S/PV.9845,S/PV.9845,2025-01-23,2025,Cooperation between the United Nations and regional and subregional organizations in maintaining international peace and security,OTHER_COUNCIL_AGENDA,original,https://docs.un.org/S/PV.9845,https://ydsftksff8.execute-api.us-east-1.amazonaws.com/dev/render_meeting/scmeetings_2025/EN,false,verbatim_document_variant_not_unique_meeting,public_2025_or_2026_meeting_index_entry,not_inferred_from_same_topic_alone,not_estimated
S/PV.9846,S/PV.9846,2025-01-23,2025,"The situation in the Middle East, including the Palestinian question",OTHER_COUNCIL_AGENDA,original,https://docs.un.org/S/PV.9846,https://ydsftksff8.execute-api.us-east-1.amazonaws.com/dev/render_meeting/scmeetings_2025/EN,false,verbatim_document_variant_not_unique_meeting,public_2025_or_2026_meeting_index_entry,not_inferred_from_same_topic_alone,not_estimated
S/PV.9841/Resumption_2,S/PV.9841,2025-01-24,2025,"The situation in the Middle East, including the Palestinian question",OTHER_COUNCIL_AGENDA,resumption,https://undocs.org/en/S/PV.9841 (Resumption 2),https://ydsftksff8.execute-api.us-east-1.amazonaws.com/dev/render_meeting/scmeetings_2025/EN,true,verbatim_document_variant_not_unique_meeting,public_2025_or_2026_meeting_index_entry,not_inferred_from_same_topic_alone,not_estimated
S/PV.9842/Resumption_2,S/PV.9842,2025-01-24,2025,Maintenance of international peace and security,OTHER_COUNCIL_AGENDA,resumption,https://undocs.org/en/S/PV.9842 (Resumption 2),https://ydsftksff8.execute-api.us-east-1.amazonaws.com/dev/render_meeting/scmeetings_2025/EN,true,verbatim_document_variant_not_unique_meeting,public_2025_or_2026_meeting_index_entry,not_inferred_from_same_topic_alone,not_estimated
S/PV.9847,S/PV.9847,2025-01-24,2025,Date of election to fill a vacancy in the International Court of Justice,OTHER_COUNCIL_AGENDA,original,https://docs.un.org/S/PV.9847,https://ydsftksff8.execute-api.us-east-1.amazonaws.com/dev/render_meeting/scmeetings_2025/EN,false,verbatim_document_variant_not_unique_meeting,public_2025_or_2026_meeting_index_entry,not_inferred_from_same_topic_alone,not_estimated
S/PV.9848,S/PV.9848,2025-01-24,2025,Maintenance of international peace and security,OTHER_COUNCIL_AGENDA,original,https://docs.un.org/S/PV.9848,https://ydsftksff8.execute-api.us-east-1.amazonaws.com/dev/render_meeting/scmeetings_2025/EN,false,verbatim_document_variant_not_unique_meeting,public_2025_or_2026_meeting_index_entry,not_inferred_from_same_topic_alone,not_estimated
S/PV.9849,S/PV.9849,2025-01-26,2025,The situation concerning the Democratic Republic of the Congo,MONUSCO,original,https://docs.un.org/S/PV.9849,https://ydsftksff8.execute-api.us-east-1.amazonaws.com/dev/render_meeting/scmeetings_2025/EN,false,verbatim_document_variant_not_unique_meeting,public_2025_or_2026_meeting_index_entry,not_inferred_from_same_topic_alone,not_estimated
S/PV.9850,S/PV.9850,2025-01-27,2025,Peacebuilding and sustaining peace,OTHER_COUNCIL_AGENDA,original,https://docs.un.org/S/PV.9850,https://ydsftksff8.execute-api.us-east-1.amazonaws.com/dev/render_meeting/scmeetings_2025/EN,false,verbatim_document_variant_not_unique_meeting,public_2025_or_2026_meeting_index_entry,not_inferred_from_same_topic_alone,not_estimated
S/PV.9851,S/PV.9851,2025-01-27,2025,Reports of the Secretary-General on the Sudan and South Sudan,UNMISS,original,https://docs.un.org/S/PV.9851,https://ydsftksff8.execute-api.us-east-1.amazonaws.com/dev/render_meeting/scmeetings_2025/EN,false,verbatim_document_variant_not_unique_meeting,public_2025_or_2026_meeting_index_entry,not_inferred_from_same_topic_alone,not_estimated
S/PV.9852,S/PV.9852,2025-01-28,2025,"The situation in the Middle East, including the Palestinian question",OTHER_COUNCIL_AGENDA,original,https://docs.un.org/S/PV.9852,https://ydsftksff8.execute-api.us-east-1.amazonaws.com/dev/render_meeting/scmeetings_2025/EN,false,verbatim_document_variant_not_unique_meeting,public_2025_or_2026_meeting_index_entry,not_inferred_from_same_topic_alone,not_estimated
S/PV.9852/Resumption_1,S/PV.9852,2025-01-28,2025,"The situation in the Middle East, including the Palestinian question",OTHER_COUNCIL_AGENDA,resumption,https://undocs.org/en/S/PV.9852 (Resumption 1),https://ydsftksff8.execute-api.us-east-1.amazonaws.com/dev/render_meeting/scmeetings_2025/EN,true,verbatim_document_variant_not_unique_meeting,public_2025_or_2026_meeting_index_entry,not_inferred_from_same_topic_alone,not_estimated
S/PV.9853,S/PV.9853,2025-01-28,2025,The situation concerning the Democratic Republic of the Congo,MONUSCO,original,https://docs.un.org/S/PV.9853,https://ydsftksff8.execute-api.us-east-1.amazonaws.com/dev/render_meeting/scmeetings_2025/EN,false,verbatim_document_variant_not_unique_meeting,public_2025_or_2026_meeting_index_entry,not_inferred_from_same_topic_alone,not_estimated
S/PV.9854,S/PV.9854,2025-01-31,2025,The situation in Cyprus,UNFICYP_CYPRUS,original,https://docs.un.org/S/PV.9854,https://ydsftksff8.execute-api.us-east-1.amazonaws.com/dev/render_meeting/scmeetings_2025/EN,false,verbatim_document_variant_not_unique_meeting,public_2025_or_2026_meeting_index_entry,not_inferred_from_same_topic_alone,not_estimated
S/PV.9855,S/PV.9855,2025-02-05,2025,Reports of the Secretary-General on the Sudan and South Sudan,UNMISS,original,https://docs.un.org/S/PV.9855,https://ydsftksff8.execute-api.us-east-1.amazonaws.com/dev/render_meeting/scmeetings_2025/EN,false,verbatim_document_variant_not_unique_meeting,public_2025_or_2026_meeting_index_entry,not_inferred_from_same_topic_alone,not_estimated
S/PV.9856,S/PV.9856,2025-02-10,2025,Threats to international peace and security caused by terrorist acts,COUNTERTERRORISM,original,https://docs.un.org/S/PV.9856,https://ydsftksff8.execute-api.us-east-1.amazonaws.com/dev/render_meeting/scmeetings_2025/EN,false,verbatim_document_variant_not_unique_meeting,public_2025_or_2026_meeting_index_entry,not_inferred_from_same_topic_alone,not_estimated
S/PV.9857,S/PV.9857,2025-02-12,2025,The situation in the Middle East,OTHER_COUNCIL_AGENDA,original,https://docs.un.org/S/PV.9857,https://ydsftksff8.execute-api.us-east-1.amazonaws.com/dev/render_meeting/scmeetings_2025/EN,false,verbatim_document_variant_not_unique_meeting,public_2025_or_2026_meeting_index_entry,not_inferred_from_same_topic_alone,not_estimated
S/PV.9858,S/PV.9858,2025-02-13,2025,The situation in the Middle East,OTHER_COUNCIL_AGENDA,original,https://docs.un.org/S/PV.9858,https://ydsftksff8.execute-api.us-east-1.amazonaws.com/dev/render_meeting/scmeetings_2025/EN,false,verbatim_document_variant_not_unique_meeting,public_2025_or_2026_meeting_index_entry,not_inferred_from_same_topic_alone,not_estimated
S/PV.9859,S/PV.9859,2025-02-17,2025,Threats to international peace and security,OTHER_COUNCIL_AGENDA,original,https://docs.un.org/S/PV.9859,https://ydsftksff8.execute-api.us-east-1.amazonaws.com/dev/render_meeting/scmeetings_2025/EN,false,verbatim_document_variant_not_unique_meeting,public_2025_or_2026_meeting_index_entry,not_inferred_from_same_topic_alone,not_estimated
S/PV.9860,S/PV.9860,2025-02-17,2025,Reports of the Secretary-General on the Sudan and South Sudan,UNMISS,original,https://docs.un.org/S/PV.9860,https://ydsftksff8.execute-api.us-east-1.amazonaws.com/dev/render_meeting/scmeetings_2025/EN,false,verbatim_document_variant_not_unique_meeting,public_2025_or_2026_meeting_index_entry,not_inferred_from_same_topic_alone,not_estimated
S/PV.9861,S/PV.9861,2025-02-18,2025,Maintenance of international peace and security,OTHER_COUNCIL_AGENDA,original,https://docs.un.org/S/PV.9861,https://ydsftksff8.execute-api.us-east-1.amazonaws.com/dev/render_meeting/scmeetings_2025/EN,false,verbatim_document_variant_not_unique_meeting,public_2025_or_2026_meeting_index_entry,not_inferred_from_same_topic_alone,not_estimated
S/PV.9861/Resumption_1,S/PV.9861,2025-02-18,2025,Maintenance of international peace and security,OTHER_COUNCIL_AGENDA,resumption,https://undocs.org/en/S/PV.9861 (Resumption 1),https://ydsftksff8.execute-api.us-east-1.amazonaws.com/dev/render_meeting/scmeetings_2025/EN,true,verbatim_document_variant_not_unique_meeting,public_2025_or_2026_meeting_index_entry,not_inferred_from_same_topic_alone,not_estimated
S/PV.9862,S/PV.9862,2025-02-19,2025,The situation in Libya,UNSMIL,original,https://docs.un.org/S/PV.9862,https://ydsftksff8.execute-api.us-east-1.amazonaws.com/dev/render_meeting/scmeetings_2025/EN,false,verbatim_document_variant_not_unique_meeting,public_2025_or_2026_meeting_index_entry,not_inferred_from_same_topic_alone,not_estimated
S/PV.9863,S/PV.9863,2025-02-19,2025,The situation concerning the Democratic Republic of the Congo,MONUSCO,original,https://docs.un.org/S/PV.9863,https://ydsftksff8.execute-api.us-east-1.amazonaws.com/dev/render_meeting/scmeetings_2025/EN,false,verbatim_document_variant_not_unique_meeting,public_2025_or_2026_meeting_index_entry,not_inferred_from_same_topic_alone,not_estimated
S/PV.9861/Resumption_2,S/PV.9861,2025-02-20,2025,Maintenance of international peace and security,OTHER_COUNCIL_AGENDA,resumption,https://undocs.org/en/S/PV.9861 (Resumption 2),https://ydsftksff8.execute-api.us-east-1.amazonaws.com/dev/render_meeting/scmeetings_2025/EN,true,verbatim_document_variant_not_unique_meeting,public_2025_or_2026_meeting_index_entry,not_inferred_from_same_topic_alone,not_estimated
S/PV.9864,S/PV.9864,2025-02-20,2025,The situation in the Central African Republic,MINUSCA,original,https://docs.un.org/S/PV.9864,https://ydsftksff8.execute-api.us-east-1.amazonaws.com/dev/render_meeting/scmeetings_2025/EN,false,verbatim_document_variant_not_unique_meeting,public_2025_or_2026_meeting_index_entry,not_inferred_from_same_topic_alone,not_estimated
S/PV.9865,S/PV.9865,2025-02-21,2025,The situation concerning the Democratic Republic of the Congo,MONUSCO,original,https://docs.un.org/S/PV.9865,https://ydsftksff8.execute-api.us-east-1.amazonaws.com/dev/render_meeting/scmeetings_2025/EN,false,verbatim_document_variant_not_unique_meeting,public_2025_or_2026_meeting_index_entry,not_inferred_from_same_topic_alone,not_estimated
S/PV.9866,S/PV.9866,2025-02-24,2025,Maintenance of peace and security of Ukraine,OTHER_COUNCIL_AGENDA,original,https://docs.un.org/S/PV.9866,https://ydsftksff8.execute-api.us-east-1.amazonaws.com/dev/render_meeting/scmeetings_2025/EN,false,verbatim_document_variant_not_unique_meeting,public_2025_or_2026_meeting_index_entry,not_inferred_from_same_topic_alone,not_estimated
S/PV.9867,S/PV.9867,2025-02-24,2025,Maintenance of peace and security of Ukraine,OTHER_COUNCIL_AGENDA,original,https://docs.un.org/S/PV.9867,https://ydsftksff8.execute-api.us-east-1.amazonaws.com/dev/render_meeting/scmeetings_2025/EN,false,verbatim_document_variant_not_unique_meeting,public_2025_or_2026_meeting_index_entry,not_inferred_from_same_topic_alone,not_estimated
S/PV.9868,S/PV.9868,2025-02-25,2025,"The situation in the Middle East, including the Palestinian question",OTHER_COUNCIL_AGENDA,original,https://docs.un.org/S/PV.9868,https://ydsftksff8.execute-api.us-east-1.amazonaws.com/dev/render_meeting/scmeetings_2025/EN,false,verbatim_document_variant_not_unique_meeting,public_2025_or_2026_meeting_index_entry,not_inferred_from_same_topic_alone,not_estimated
S/PV.9869,S/PV.9869,2025-02-26,2025,Reports of the Secretary-General on the Sudan and South Sudan,UNMISS,original,https://docs.un.org/S/PV.9869,https://ydsftksff8.execute-api.us-east-1.amazonaws.com/dev/render_meeting/scmeetings_2025/EN,false,verbatim_document_variant_not_unique_meeting,public_2025_or_2026_meeting_index_entry,not_inferred_from_same_topic_alone,not_estimated
S/PV.9870,S/PV.9870,2025-02-27,2025,United Nations peacekeeping operations,CROSS_CUTTING_PEACE_OPERATIONS,original,https://docs.un.org/S/PV.9870,https://ydsftksff8.execute-api.us-east-1.amazonaws.com/dev/render_meeting/scmeetings_2025/EN,false,verbatim_document_variant_not_unique_meeting,public_2025_or_2026_meeting_index_entry,not_inferred_from_same_topic_alone,not_estimated
S/PV.9871,S/PV.9871,2025-02-28,2025,Peace and security in Africa,OTHER_COUNCIL_AGENDA,original,https://docs.un.org/S/PV.9871,https://ydsftksff8.execute-api.us-east-1.amazonaws.com/dev/render_meeting/scmeetings_2025/EN,false,verbatim_document_variant_not_unique_meeting,public_2025_or_2026_meeting_index_entry,not_inferred_from_same_topic_alone,not_estimated
S/PV.9872,S/PV.9872,2025-03-03,2025,Peace and security in Africa,OTHER_COUNCIL_AGENDA,original,https://docs.un.org/S/PV.9872,https://ydsftksff8.execute-api.us-east-1.amazonaws.com/dev/render_meeting/scmeetings_2025/EN,false,verbatim_document_variant_not_unique_meeting,public_2025_or_2026_meeting_index_entry,not_inferred_from_same_topic_alone,not_estimated
S/PV.9873,S/PV.9873,2025-03-06,2025,The situation in the Middle East,OTHER_COUNCIL_AGENDA,original,https://docs.un.org/S/PV.9873,https://ydsftksff8.execute-api.us-east-1.amazonaws.com/dev/render_meeting/scmeetings_2025/EN,false,verbatim_document_variant_not_unique_meeting,public_2025_or_2026_meeting_index_entry,not_inferred_from_same_topic_alone,not_estimated
S/PV.9874,S/PV.9874,2025-03-07,2025,The situation in the Middle East,OTHER_COUNCIL_AGENDA,original,https://docs.un.org/S/PV.9874,https://ydsftksff8.execute-api.us-east-1.amazonaws.com/dev/render_meeting/scmeetings_2025/EN,false,verbatim_document_variant_not_unique_meeting,public_2025_or_2026_meeting_index_entry,not_inferred_from_same_topic_alone,not_estimated
S/PV.9875,S/PV.9875,2025-03-10,2025,The situation in Afghanistan,UNAMA,original,https://docs.un.org/S/PV.9875,https://ydsftksff8.execute-api.us-east-1.amazonaws.com/dev/render_meeting/scmeetings_2025/EN,false,verbatim_document_variant_not_unique_meeting,public_2025_or_2026_meeting_index_entry,not_inferred_from_same_topic_alone,not_estimated
S/PV.9876,S/PV.9876,2025-03-11,2025,Cooperation between the United Nations and regional and subregional organizations in maintaining international peace and security,OTHER_COUNCIL_AGENDA,original,https://docs.un.org/S/PV.9876,https://ydsftksff8.execute-api.us-east-1.amazonaws.com/dev/render_meeting/scmeetings_2025/EN,false,verbatim_document_variant_not_unique_meeting,public_2025_or_2026_meeting_index_entry,not_inferred_from_same_topic_alone,not_estimated
S/PV.9877,S/PV.9877,2025-03-12,2025,Non-proliferation,OTHER_COUNCIL_AGENDA,closed,https://undocs.org/en/S/PV.9877,https://ydsftksff8.execute-api.us-east-1.amazonaws.com/dev/render_meeting/scmeetings_2025/EN,false,verbatim_document_variant_not_unique_meeting,public_2025_or_2026_meeting_index_entry,not_inferred_from_same_topic_alone,not_estimated
S/PV.9878,S/PV.9878,2025-03-13,2025,Reports of the Secretary-General on the Sudan and South Sudan,UNMISS,original,https://docs.un.org/S/PV.9878,https://ydsftksff8.execute-api.us-east-1.amazonaws.com/dev/render_meeting/scmeetings_2025/EN,false,verbatim_document_variant_not_unique_meeting,public_2025_or_2026_meeting_index_entry,not_inferred_from_same_topic_alone,not_estimated
S/PV.9879,S/PV.9879,2025-03-14,2025,The situation in the Middle East,OTHER_COUNCIL_AGENDA,original,https://docs.un.org/S/PV.9879,https://ydsftksff8.execute-api.us-east-1.amazonaws.com/dev/render_meeting/scmeetings_2025/EN,false,verbatim_document_variant_not_unique_meeting,public_2025_or_2026_meeting_index_entry,not_inferred_from_same_topic_alone,not_estimated
S/PV.9880,S/PV.9880,2025-03-17,2025,The situation in Afghanistan,UNAMA,original,https://docs.un.org/S/PV.9880,https://ydsftksff8.execute-api.us-east-1.amazonaws.com/dev/render_meeting/scmeetings_2025/EN,false,verbatim_document_variant_not_unique_meeting,public_2025_or_2026_meeting_index_entry,not_inferred_from_same_topic_alone,not_estimated
S/PV.9881,S/PV.9881,2025-03-18,2025,"The situation in the Middle East, including the Palestinian question",OTHER_COUNCIL_AGENDA,original,https://docs.un.org/S/PV.9881,https://ydsftksff8.execute-api.us-east-1.amazonaws.com/dev/render_meeting/scmeetings_2025/EN,false,verbatim_document_variant_not_unique_meeting,public_2025_or_2026_meeting_index_entry,not_inferred_from_same_topic_alone,not_estimated
S/PV.9882,S/PV.9882,2025-03-20,2025,"The situation in the Middle East, including the Palestinian question",OTHER_COUNCIL_AGENDA,original,https://docs.un.org/S/PV.9882,https://ydsftksff8.execute-api.us-east-1.amazonaws.com/dev/render_meeting/scmeetings_2025/EN,false,verbatim_document_variant_not_unique_meeting,public_2025_or_2026_meeting_index_entry,not_inferred_from_same_topic_alone,not_estimated
S/PV.9883,S/PV.9883,2025-03-21,2025,"The situation in the Middle East, including the Palestinian question",OTHER_COUNCIL_AGENDA,original,https://docs.un.org/S/PV.9883,https://ydsftksff8.execute-api.us-east-1.amazonaws.com/dev/render_meeting/scmeetings_2025/EN,false,verbatim_document_variant_not_unique_meeting,public_2025_or_2026_meeting_index_entry,not_inferred_from_same_topic_alone,not_estimated
S/PV.9884,S/PV.9884,2025-03-24,2025,Maintenance of international peace and security,OTHER_COUNCIL_AGENDA,original,https://docs.un.org/S/PV.9884,https://ydsftksff8.execute-api.us-east-1.amazonaws.com/dev/render_meeting/scmeetings_2025/EN,false,verbatim_document_variant_not_unique_meeting,public_2025_or_2026_meeting_index_entry,not_inferred_from_same_topic_alone,not_estimated
S/PV.9884/Resumption_1,S/PV.9884,2025-03-24,2025,Maintenance of international peace and security,OTHER_COUNCIL_AGENDA,resumption,https://undocs.org/en/S/PV.9884 (Resumption 1),https://ydsftksff8.execute-api.us-east-1.amazonaws.com/dev/render_meeting/scmeetings_2025/EN,true,verbatim_document_variant_not_unique_meeting,public_2025_or_2026_meeting_index_entry,not_inferred_from_same_topic_alone,not_estimated
S/PV.9884/Resumption_2,S/PV.9884,2025-03-25,2025,Maintenance of international peace and security,OTHER_COUNCIL_AGENDA,resumption,https://undocs.org/en/S/PV.9884 (Resumption 2),https://ydsftksff8.execute-api.us-east-1.amazonaws.com/dev/render_meeting/scmeetings_2025/EN,true,verbatim_document_variant_not_unique_meeting,public_2025_or_2026_meeting_index_entry,not_inferred_from_same_topic_alone,not_estimated
S/PV.9885,S/PV.9885,2025-03-25,2025,The situation in the Middle East,OTHER_COUNCIL_AGENDA,original,https://docs.un.org/S/PV.9885,https://ydsftksff8.execute-api.us-east-1.amazonaws.com/dev/render_meeting/scmeetings_2025/EN,false,verbatim_document_variant_not_unique_meeting,public_2025_or_2026_meeting_index_entry,not_inferred_from_same_topic_alone,not_estimated
S/PV.9886,S/PV.9886,2025-03-26,2025,Maintenance of peace and security of Ukraine,OTHER_COUNCIL_AGENDA,original,https://docs.un.org/S/PV.9886,https://ydsftksff8.execute-api.us-east-1.amazonaws.com/dev/render_meeting/scmeetings_2025/EN,false,verbatim_document_variant_not_unique_meeting,public_2025_or_2026_meeting_index_entry,not_inferred_from_same_topic_alone,not_estimated
S/PV.9887,S/PV.9887,2025-03-27,2025,The situation concerning the Democratic Republic of the Congo,MONUSCO,original,https://docs.un.org/S/PV.9887,https://ydsftksff8.execute-api.us-east-1.amazonaws.com/dev/render_meeting/scmeetings_2025/EN,false,verbatim_document_variant_not_unique_meeting,public_2025_or_2026_meeting_index_entry,not_inferred_from_same_topic_alone,not_estimated
S/PV.9888,S/PV.9888,2025-03-28,2025,"The situation in the Middle East, including the Palestinian question",OTHER_COUNCIL_AGENDA,closed,https://undocs.org/en/S/PV.9888,https://ydsftksff8.execute-api.us-east-1.amazonaws.com/dev/render_meeting/scmeetings_2025/EN,false,verbatim_document_variant_not_unique_meeting,public_2025_or_2026_meeting_index_entry,not_inferred_from_same_topic_alone,not_estimated
S/PV.9889,S/PV.9889,2025-04-02,2025,Protection of civilians in armed conflict,OTHER_COUNCIL_AGENDA,original,https://docs.un.org/S/PV.9889,https://ydsftksff8.execute-api.us-east-1.amazonaws.com/dev/render_meeting/scmeetings_2025/EN,false,verbatim_document_variant_not_unique_meeting,public_2025_or_2026_meeting_index_entry,not_inferred_from_same_topic_alone,not_estimated
S/PV.9890,S/PV.9890,2025-04-03,2025,Peace consolidation in West Africa,OTHER_COUNCIL_AGENDA,original,https://docs.un.org/S/PV.9890,https://ydsftksff8.execute-api.us-east-1.amazonaws.com/dev/render_meeting/scmeetings_2025/EN,false,verbatim_document_variant_not_unique_meeting,public_2025_or_2026_meeting_index_entry,not_inferred_from_same_topic_alone,not_estimated
S/PV.9891,S/PV.9891,2025-04-03,2025,"The situation in the Middle East, including the Palestinian question",OTHER_COUNCIL_AGENDA,original,https://docs.un.org/S/PV.9891,https://ydsftksff8.execute-api.us-east-1.amazonaws.com/dev/render_meeting/scmeetings_2025/EN,false,verbatim_document_variant_not_unique_meeting,public_2025_or_2026_meeting_index_entry,not_inferred_from_same_topic_alone,not_estimated
S/PV.9892,S/PV.9892,2025-04-07,2025,United Nations peacekeeping operations,CROSS_CUTTING_PEACE_OPERATIONS,original,https://docs.un.org/S/PV.9892,https://ydsftksff8.execute-api.us-east-1.amazonaws.com/dev/render_meeting/scmeetings_2025/EN,false,verbatim_document_variant_not_unique_meeting,public_2025_or_2026_meeting_index_entry,not_inferred_from_same_topic_alone,not_estimated
S/PV.9893,S/PV.9893,2025-04-08,2025,Maintenance of peace and security of Ukraine,OTHER_COUNCIL_AGENDA,original,https://docs.un.org/S/PV.9893,https://ydsftksff8.execute-api.us-east-1.amazonaws.com/dev/render_meeting/scmeetings_2025/EN,false,verbatim_document_variant_not_unique_meeting,public_2025_or_2026_meeting_index_entry,not_inferred_from_same_topic_alone,not_estimated
S/PV.9894,S/PV.9894,2025-04-08,2025,"Security Council resolutions 1160 (1998), 1199 (1998), 1203 (1998), 1239 (1999) and 1244 (1999)",OTHER_COUNCIL_AGENDA,original,https://docs.un.org/S/PV.9894,https://ydsftksff8.execute-api.us-east-1.amazonaws.com/dev/render_meeting/scmeetings_2025/EN,false,verbatim_document_variant_not_unique_meeting,public_2025_or_2026_meeting_index_entry,not_inferred_from_same_topic_alone,not_estimated
S/PV.9895,S/PV.9895,2025-04-09,2025,The situation in Somalia,UNSOS_SOMALIA,closed,https://undocs.org/en/S/PV.9895,https://ydsftksff8.execute-api.us-east-1.amazonaws.com/dev/render_meeting/scmeetings_2025/EN,false,verbatim_document_variant_not_unique_meeting,public_2025_or_2026_meeting_index_entry,not_inferred_from_same_topic_alone,not_estimated
S/PV.9896,S/PV.9896,2025-04-10,2025,The situation in the Middle East,OTHER_COUNCIL_AGENDA,original,https://docs.un.org/S/PV.9896,https://ydsftksff8.execute-api.us-east-1.amazonaws.com/dev/render_meeting/scmeetings_2025/EN,false,verbatim_document_variant_not_unique_meeting,public_2025_or_2026_meeting_index_entry,not_inferred_from_same_topic_alone,not_estimated
S/PV.9897,S/PV.9897,2025-04-14,2025,"Meeting of the Security Council with the troop- and police-contributing countries pursuant to resolution 1353 (2001), annex II, sections A and B",OTHER_COUNCIL_AGENDA,closed,https://docs.un.org/S/PV.9897,https://ydsftksff8.execute-api.us-east-1.amazonaws.com/dev/render_meeting/scmeetings_2025/EN,false,verbatim_document_variant_not_unique_meeting,public_2025_or_2026_meeting_index_entry,not_inferred_from_same_topic_alone,not_estimated
S/PV.9898,S/PV.9898,2025-04-16,2025,Reports of the Secretary-General on the Sudan and South Sudan,UNMISS,original,https://docs.un.org/S/PV.9898,https://ydsftksff8.execute-api.us-east-1.amazonaws.com/dev/render_meeting/scmeetings_2025/EN,false,verbatim_document_variant_not_unique_meeting,public_2025_or_2026_meeting_index_entry,not_inferred_from_same_topic_alone,not_estimated
S/PV.9899,S/PV.9899,2025-04-16,2025,The situation in the Great Lakes region,OTHER_COUNCIL_AGENDA,original,https://docs.un.org/S/PV.9899,https://ydsftksff8.execute-api.us-east-1.amazonaws.com/dev/render_meeting/scmeetings_2025/EN,false,verbatim_document_variant_not_unique_meeting,public_2025_or_2026_meeting_index_entry,not_inferred_from_same_topic_alone,not_estimated
S/PV.9900,S/PV.9900,2025-04-17,2025,The situation in Libya,UNSMIL,original,https://docs.un.org/S/PV.9900,https://ydsftksff8.execute-api.us-east-1.amazonaws.com/dev/render_meeting/scmeetings_2025/EN,false,verbatim_document_variant_not_unique_meeting,public_2025_or_2026_meeting_index_entry,not_inferred_from_same_topic_alone,not_estimated
S/PV.9901,S/PV.9901,2025-04-17,2025,Maintenance of peace and security of Ukraine,OTHER_COUNCIL_AGENDA,closed,https://docs.un.org/S/PV.9901,https://ydsftksff8.execute-api.us-east-1.amazonaws.com/dev/render_meeting/scmeetings_2025/EN,false,verbatim_document_variant_not_unique_meeting,public_2025_or_2026_meeting_index_entry,not_inferred_from_same_topic_alone,not_estimated
S/PV.9902,S/PV.9902,2025-04-21,2025,The question concerning Haiti,BINUH,original,https://docs.un.org/S/PV.9902,https://ydsftksff8.execute-api.us-east-1.amazonaws.com/dev/render_meeting/scmeetings_2025/EN,false,verbatim_document_variant_not_unique_meeting,public_2025_or_2026_meeting_index_entry,not_inferred_from_same_topic_alone,not_estimated
S/PV.9903,S/PV.9903,2025-04-22,2025,Identical letters dated 19 January 2016 from the Permanent Representative of Colombia to the United Nations addressed to the Secretary-General and the President of the Security Council (S/2016/53),COLOMBIA,original,https://docs.un.org/S/PV.9903,https://ydsftksff8.execute-api.us-east-1.amazonaws.com/dev/render_meeting/scmeetings_2025/EN,false,verbatim_document_variant_not_unique_meeting,public_2025_or_2026_meeting_index_entry,not_inferred_from_same_topic_alone,not_estimated
S/PV.9904,S/PV.9904,2025-04-25,2025,The situation in the Middle East,OTHER_COUNCIL_AGENDA,original,https://docs.un.org/S/PV.9904,https://ydsftksff8.execute-api.us-east-1.amazonaws.com/dev/render_meeting/scmeetings_2025/EN,false,verbatim_document_variant_not_unique_meeting,public_2025_or_2026_meeting_index_entry,not_inferred_from_same_topic_alone,not_estimated
S/PV.9905,S/PV.9905,2025-04-28,2025,Briefing by the United Nations High Commissioner for Refugees,OTHER_COUNCIL_AGENDA,original,https://docs.un.org/S/PV.9905,https://ydsftksff8.execute-api.us-east-1.amazonaws.com/dev/render_meeting/scmeetings_2025/EN,false,verbatim_document_variant_not_unique_meeting,public_2025_or_2026_meeting_index_entry,not_inferred_from_same_topic_alone,not_estimated
S/PV.9906,S/PV.9906,2025-04-28,2025,Non-proliferation,OTHER_COUNCIL_AGENDA,closed,https://docs.un.org/S/PV.9906,https://ydsftksff8.execute-api.us-east-1.amazonaws.com/dev/render_meeting/scmeetings_2025/EN,false,verbatim_document_variant_not_unique_meeting,public_2025_or_2026_meeting_index_entry,not_inferred_from_same_topic_alone,not_estimated
S/PV.9907,S/PV.9907,2025-04-29,2025,"The situation in the Middle East, including the Palestinian question",OTHER_COUNCIL_AGENDA,original,https://docs.un.org/S/PV.9907,https://ydsftksff8.execute-api.us-east-1.amazonaws.com/dev/render_meeting/scmeetings_2025/EN,false,verbatim_document_variant_not_unique_meeting,public_2025_or_2026_meeting_index_entry,not_inferred_from_same_topic_alone,not_estimated
S/PV.9907/Resumption_1,S/PV.9907,2025-04-29,2025,"The situation in the Middle East, including the Palestinian question",OTHER_COUNCIL_AGENDA,resumption,https://undocs.org/en/S/PV.9907 (Resumption 1),https://ydsftksff8.execute-api.us-east-1.amazonaws.com/dev/render_meeting/scmeetings_2025/EN,true,verbatim_document_variant_not_unique_meeting,public_2025_or_2026_meeting_index_entry,not_inferred_from_same_topic_alone,not_estimated
S/PV.9908,S/PV.9908,2025-04-29,2025,Maintenance of peace and security of Ukraine,OTHER_COUNCIL_AGENDA,original,https://docs.un.org/S/PV.9908,https://ydsftksff8.execute-api.us-east-1.amazonaws.com/dev/render_meeting/scmeetings_2025/EN,false,verbatim_document_variant_not_unique_meeting,public_2025_or_2026_meeting_index_entry,not_inferred_from_same_topic_alone,not_estimated
S/PV.9907/Resumption_2,S/PV.9907,2025-04-30,2025,"The situation in the Middle East, including the Palestinian question",OTHER_COUNCIL_AGENDA,resumption,https://undocs.org/en/S/PV.9907 (Resumption 2),https://ydsftksff8.execute-api.us-east-1.amazonaws.com/dev/render_meeting/scmeetings_2025/EN,true,verbatim_document_variant_not_unique_meeting,public_2025_or_2026_meeting_index_entry,not_inferred_from_same_topic_alone,not_estimated
S/PV.9908/Resumption_1,S/PV.9908,2025-04-30,2025,Maintenance of peace and security of Ukraine,OTHER_COUNCIL_AGENDA,resumption,https://undocs.org/en/S/PV.9908 (Resumption 1),https://ydsftksff8.execute-api.us-east-1.amazonaws.com/dev/render_meeting/scmeetings_2025/EN,true,verbatim_document_variant_not_unique_meeting,public_2025_or_2026_meeting_index_entry,not_inferred_from_same_topic_alone,not_estimated
S/PV.9909,S/PV.9909,2025-04-30,2025,Reports of the Secretary-General on the Sudan and South Sudan,UNMISS,original,https://docs.un.org/S/PV.9909,https://ydsftksff8.execute-api.us-east-1.amazonaws.com/dev/render_meeting/scmeetings_2025/EN,false,verbatim_document_variant_not_unique_meeting,public_2025_or_2026_meeting_index_entry,not_inferred_from_same_topic_alone,not_estimated
S/PV.9910,S/PV.9910,2025-04-30,2025,The situation in Myanmar,OTHER_COUNCIL_AGENDA,closed,https://docs.un.org/S/PV.9910,https://ydsftksff8.execute-api.us-east-1.amazonaws.com/dev/render_meeting/scmeetings_2025/EN,false,verbatim_document_variant_not_unique_meeting,public_2025_or_2026_meeting_index_entry,not_inferred_from_same_topic_alone,not_estimated
S/PV.9911,S/PV.9911,2025-05-06,2025,The situation in Bosnia and Herzegovina,OTHER_COUNCIL_AGENDA,original,https://docs.un.org/S/PV.9911,https://ydsftksff8.execute-api.us-east-1.amazonaws.com/dev/render_meeting/scmeetings_2025/EN,false,verbatim_document_variant_not_unique_meeting,public_2025_or_2026_meeting_index_entry,not_inferred_from_same_topic_alone,not_estimated
S/PV.9912,S/PV.9912,2025-05-07,2025,Non-proliferation/Democratic People's Republic of Korea,OTHER_COUNCIL_AGENDA,original,https://docs.un.org/S/PV.9912,https://ydsftksff8.execute-api.us-east-1.amazonaws.com/dev/render_meeting/scmeetings_2025/EN,false,verbatim_document_variant_not_unique_meeting,public_2025_or_2026_meeting_index_entry,not_inferred_from_same_topic_alone,not_estimated
S/PV.9913,S/PV.9913,2025-05-08,2025,Reports of the Secretary-General on the Sudan and South Sudan,UNMISS,original,https://docs.un.org/S/PV.9913,https://ydsftksff8.execute-api.us-east-1.amazonaws.com/dev/render_meeting/scmeetings_2025/EN,false,verbatim_document_variant_not_unique_meeting,public_2025_or_2026_meeting_index_entry,not_inferred_from_same_topic_alone,not_estimated
S/PV.9914,S/PV.9914,2025-05-13,2025,"The situation in the Middle East, including the Palestinian question",OTHER_COUNCIL_AGENDA,original,https://docs.un.org/S/PV.9914,https://ydsftksff8.execute-api.us-east-1.amazonaws.com/dev/render_meeting/scmeetings_2025/EN,false,verbatim_document_variant_not_unique_meeting,public_2025_or_2026_meeting_index_entry,not_inferred_from_same_topic_alone,not_estimated
S/PV.9915,S/PV.9915,2025-05-14,2025,The situation in the Middle East,OTHER_COUNCIL_AGENDA,original,https://docs.un.org/S/PV.9915,https://ydsftksff8.execute-api.us-east-1.amazonaws.com/dev/render_meeting/scmeetings_2025/EN,false,verbatim_document_variant_not_unique_meeting,public_2025_or_2026_meeting_index_entry,not_inferred_from_same_topic_alone,not_estimated
S/PV.9916,S/PV.9916,2025-05-15,2025,The situation in Libya,UNSMIL,original,https://docs.un.org/S/PV.9916,https://ydsftksff8.execute-api.us-east-1.amazonaws.com/dev/render_meeting/scmeetings_2025/EN,false,verbatim_document_variant_not_unique_meeting,public_2025_or_2026_meeting_index_entry,not_inferred_from_same_topic_alone,not_estimated
S/PV.9917,S/PV.9917,2025-05-15,2025,Protection of civilians in armed conflict,OTHER_COUNCIL_AGENDA,original,https://docs.un.org/S/PV.9917,https://ydsftksff8.execute-api.us-east-1.amazonaws.com/dev/render_meeting/scmeetings_2025/EN,false,verbatim_document_variant_not_unique_meeting,public_2025_or_2026_meeting_index_entry,not_inferred_from_same_topic_alone,not_estimated
S/PV.9918,S/PV.9918,2025-05-19,2025,Reports of the Secretary-General on the Sudan and South Sudan,UNMISS,closed,https://docs.un.org/S/PV.9918,https://ydsftksff8.execute-api.us-east-1.amazonaws.com/dev/render_meeting/scmeetings_2025/EN,false,verbatim_document_variant_not_unique_meeting,public_2025_or_2026_meeting_index_entry,not_inferred_from_same_topic_alone,not_estimated
S/PV.9919,S/PV.9919,2025-05-20,2025,Maintenance of international peace and security,OTHER_COUNCIL_AGENDA,original,https://docs.un.org/S/PV.9919,https://ydsftksff8.execute-api.us-east-1.amazonaws.com/dev/render_meeting/scmeetings_2025/EN,false,verbatim_document_variant_not_unique_meeting,public_2025_or_2026_meeting_index_entry,not_inferred_from_same_topic_alone,not_estimated
S/PV.9919/Resumption_1,S/PV.9919,2025-05-20,2025,Maintenance of international peace and security,OTHER_COUNCIL_AGENDA,resumption,https://undocs.org/en/S/PV.9919 (Resumption 1),https://ydsftksff8.execute-api.us-east-1.amazonaws.com/dev/render_meeting/scmeetings_2025/EN,true,verbatim_document_variant_not_unique_meeting,public_2025_or_2026_meeting_index_entry,not_inferred_from_same_topic_alone,not_estimated
S/PV.9919/Resumption_2,S/PV.9919,2025-05-21,2025,Maintenance of international peace and security,OTHER_COUNCIL_AGENDA,resumption,https://undocs.org/en/S/PV.9919 (Resumption 2),https://ydsftksff8.execute-api.us-east-1.amazonaws.com/dev/render_meeting/scmeetings_2025/EN,true,verbatim_document_variant_not_unique_meeting,public_2025_or_2026_meeting_index_entry,not_inferred_from_same_topic_alone,not_estimated
S/PV.9920,S/PV.9920,2025-05-21,2025,The situation in the Middle East,OTHER_COUNCIL_AGENDA,original,https://docs.un.org/S/PV.9920,https://ydsftksff8.execute-api.us-east-1.amazonaws.com/dev/render_meeting/scmeetings_2025/EN,false,verbatim_document_variant_not_unique_meeting,public_2025_or_2026_meeting_index_entry,not_inferred_from_same_topic_alone,not_estimated
S/PV.9921,S/PV.9921,2025-05-22,2025,Protection of civilians in armed conflict,OTHER_COUNCIL_AGENDA,original,https://docs.un.org/S/PV.9921,https://ydsftksff8.execute-api.us-east-1.amazonaws.com/dev/render_meeting/scmeetings_2025/EN,false,verbatim_document_variant_not_unique_meeting,public_2025_or_2026_meeting_index_entry,not_inferred_from_same_topic_alone,not_estimated
S/PV.9921/Resumption_1,S/PV.9921,2025-05-22,2025,Protection of civilians in armed conflict,OTHER_COUNCIL_AGENDA,resumption,https://undocs.org/en/S/PV.9921 (Resumption 1),https://ydsftksff8.execute-api.us-east-1.amazonaws.com/dev/render_meeting/scmeetings_2025/EN,true,verbatim_document_variant_not_unique_meeting,public_2025_or_2026_meeting_index_entry,not_inferred_from_same_topic_alone,not_estimated
S/PV.9921/Resumption_2,S/PV.9921,2025-05-23,2025,Protection of civilians in armed conflict,OTHER_COUNCIL_AGENDA,resumption,https://undocs.org/en/S/PV.9921 (Resumption 2),https://ydsftksff8.execute-api.us-east-1.amazonaws.com/dev/render_meeting/scmeetings_2025/EN,true,verbatim_document_variant_not_unique_meeting,public_2025_or_2026_meeting_index_entry,not_inferred_from_same_topic_alone,not_estimated
S/PV.9922,S/PV.9922,2025-05-27,2025,Election of a member of the International Court of Justice,OTHER_COUNCIL_AGENDA,original,https://docs.un.org/S/PV.9922,https://ydsftksff8.execute-api.us-east-1.amazonaws.com/dev/render_meeting/scmeetings_2025/EN,false,verbatim_document_variant_not_unique_meeting,public_2025_or_2026_meeting_index_entry,not_inferred_from_same_topic_alone,not_estimated
S/PV.9923,S/PV.9923,2025-05-28,2025,"The situation in the Middle East, including the Palestinian question",OTHER_COUNCIL_AGENDA,original,https://docs.un.org/S/PV.9923,https://ydsftksff8.execute-api.us-east-1.amazonaws.com/dev/render_meeting/scmeetings_2025/EN,false,verbatim_document_variant_not_unique_meeting,public_2025_or_2026_meeting_index_entry,not_inferred_from_same_topic_alone,not_estimated
S/PV.9924,S/PV.9924,2025-05-29,2025,Maintenance of peace and security of Ukraine,OTHER_COUNCIL_AGENDA,original,https://docs.un.org/S/PV.9924,https://ydsftksff8.execute-api.us-east-1.amazonaws.com/dev/render_meeting/scmeetings_2025/EN,false,verbatim_document_variant_not_unique_meeting,public_2025_or_2026_meeting_index_entry,not_inferred_from_same_topic_alone,not_estimated
S/PV.9925,S/PV.9925,2025-05-29,2025,The situation in Libya,UNSMIL,original,https://docs.un.org/S/PV.9925,https://ydsftksff8.execute-api.us-east-1.amazonaws.com/dev/render_meeting/scmeetings_2025/EN,false,verbatim_document_variant_not_unique_meeting,public_2025_or_2026_meeting_index_entry,not_inferred_from_same_topic_alone,not_estimated
S/PV.9926,S/PV.9926,2025-05-30,2025,Threats to international peace and security,OTHER_COUNCIL_AGENDA,original,https://docs.un.org/S/PV.9926,https://ydsftksff8.execute-api.us-east-1.amazonaws.com/dev/render_meeting/scmeetings_2025/EN,false,verbatim_document_variant_not_unique_meeting,public_2025_or_2026_meeting_index_entry,not_inferred_from_same_topic_alone,not_estimated
S/PV.9927,S/PV.9927,2025-05-30,2025,Consideration of the draft report of the Security Council to the General Assembly,OTHER_COUNCIL_AGENDA,original,https://docs.un.org/S/PV.9927,https://ydsftksff8.execute-api.us-east-1.amazonaws.com/dev/render_meeting/scmeetings_2025/EN,false,verbatim_document_variant_not_unique_meeting,public_2025_or_2026_meeting_index_entry,not_inferred_from_same_topic_alone,not_estimated
S/PV.9928,S/PV.9928,2025-05-30,2025,Reports of the Secretary-General on the Sudan and South Sudan,UNMISS,original,https://docs.un.org/S/PV.9928,https://ydsftksff8.execute-api.us-east-1.amazonaws.com/dev/render_meeting/scmeetings_2025/EN,false,verbatim_document_variant_not_unique_meeting,public_2025_or_2026_meeting_index_entry,not_inferred_from_same_topic_alone,not_estimated
S/PV.9929,S/PV.9929,2025-06-04,2025,"The situation in the Middle East, including the Palestinian question",OTHER_COUNCIL_AGENDA,original,https://undocs.org/en/S/PV.9929,https://ydsftksff8.execute-api.us-east-1.amazonaws.com/dev/render_meeting/scmeetings_2025/EN,false,verbatim_document_variant_not_unique_meeting,public_2025_or_2026_meeting_index_entry,not_inferred_from_same_topic_alone,not_estimated
S/PV.9930,S/PV.9930,2025-06-05,2025,The situation in the Middle East,OTHER_COUNCIL_AGENDA,original,https://docs.un.org/S/PV.9930,https://ydsftksff8.execute-api.us-east-1.amazonaws.com/dev/render_meeting/scmeetings_2025/EN,false,verbatim_document_variant_not_unique_meeting,public_2025_or_2026_meeting_index_entry,not_inferred_from_same_topic_alone,not_estimated
S/PV.9931,S/PV.9931,2025-06-09,2025,Central African region,OTHER_COUNCIL_AGENDA,original,https://docs.un.org/S/PV.9931,https://ydsftksff8.execute-api.us-east-1.amazonaws.com/dev/render_meeting/scmeetings_2025/EN,false,verbatim_document_variant_not_unique_meeting,public_2025_or_2026_meeting_index_entry,not_inferred_from_same_topic_alone,not_estimated
S/PV.9932,S/PV.9932,2025-06-09,2025,"Meeting of the Security Council with the troop- and police-contributing countries pursuant to resolution 1353 (2001), annex II, sections A and B",OTHER_COUNCIL_AGENDA,closed,https://docs.un.org/S/PV.9932,https://ydsftksff8.execute-api.us-east-1.amazonaws.com/dev/render_meeting/scmeetings_2025/EN,false,verbatim_document_variant_not_unique_meeting,public_2025_or_2026_meeting_index_entry,not_inferred_from_same_topic_alone,not_estimated
S/PV.9933,S/PV.9933,2025-06-10,2025,The situation concerning Iraq,OTHER_COUNCIL_AGENDA,original,https://docs.un.org/S/PV.9933,https://ydsftksff8.execute-api.us-east-1.amazonaws.com/dev/render_meeting/scmeetings_2025/EN,false,verbatim_document_variant_not_unique_meeting,public_2025_or_2026_meeting_index_entry,not_inferred_from_same_topic_alone,not_estimated
S/PV.9934,S/PV.9934,2025-06-11,2025,International Residual Mechanism for Criminal Tribunals,OTHER_COUNCIL_AGENDA,original,https://docs.un.org/S/PV.9934,https://ydsftksff8.execute-api.us-east-1.amazonaws.com/dev/render_meeting/scmeetings_2025/EN,false,verbatim_document_variant_not_unique_meeting,public_2025_or_2026_meeting_index_entry,not_inferred_from_same_topic_alone,not_estimated
S/PV.9935,S/PV.9935,2025-06-12,2025,The situation in the Middle East,OTHER_COUNCIL_AGENDA,original,https://docs.un.org/S/PV.9935,https://ydsftksff8.execute-api.us-east-1.amazonaws.com/dev/render_meeting/scmeetings_2025/EN,false,verbatim_document_variant_not_unique_meeting,public_2025_or_2026_meeting_index_entry,not_inferred_from_same_topic_alone,not_estimated
S/PV.9936,S/PV.9936,2025-06-13,2025,Threats to international peace and security,OTHER_COUNCIL_AGENDA,original,https://docs.un.org/S/PV.9936,https://ydsftksff8.execute-api.us-east-1.amazonaws.com/dev/render_meeting/scmeetings_2025/EN,false,verbatim_document_variant_not_unique_meeting,public_2025_or_2026_meeting_index_entry,not_inferred_from_same_topic_alone,not_estimated
S/PV.9937,S/PV.9937,2025-06-17,2025,The situation in the Middle East,OTHER_COUNCIL_AGENDA,original,https://docs.un.org/S/PV.9937,https://ydsftksff8.execute-api.us-east-1.amazonaws.com/dev/render_meeting/scmeetings_2025/EN,false,verbatim_document_variant_not_unique_meeting,public_2025_or_2026_meeting_index_entry,not_inferred_from_same_topic_alone,not_estimated
S/PV.9938,S/PV.9938,2025-06-19,2025,Maintenance of international peace and security,OTHER_COUNCIL_AGENDA,original,https://docs.un.org/S/PV.9938,https://ydsftksff8.execute-api.us-east-1.amazonaws.com/dev/render_meeting/scmeetings_2025/EN,false,verbatim_document_variant_not_unique_meeting,public_2025_or_2026_meeting_index_entry,not_inferred_from_same_topic_alone,not_estimated
S/PV.9938/Resumption_1,S/PV.9938,2025-06-19,2025,Maintenance of international peace and security,OTHER_COUNCIL_AGENDA,resumption,https://undocs.org/en/S/PV.9938 (Resumption 1),https://ydsftksff8.execute-api.us-east-1.amazonaws.com/dev/render_meeting/scmeetings_2025/EN,true,verbatim_document_variant_not_unique_meeting,public_2025_or_2026_meeting_index_entry,not_inferred_from_same_topic_alone,not_estimated
S/PV.9939,S/PV.9939,2025-06-20,2025,Threats to international peace and security,OTHER_COUNCIL_AGENDA,original,https://docs.un.org/S/PV.9939,https://ydsftksff8.execute-api.us-east-1.amazonaws.com/dev/render_meeting/scmeetings_2025/EN,false,verbatim_document_variant_not_unique_meeting,public_2025_or_2026_meeting_index_entry,not_inferred_from_same_topic_alone,not_estimated
S/PV.9940,S/PV.9940,2025-06-20,2025,Maintenance of peace and security of Ukraine,OTHER_COUNCIL_AGENDA,original,https://docs.un.org/S/PV.9940,https://ydsftksff8.execute-api.us-east-1.amazonaws.com/dev/render_meeting/scmeetings_2025/EN,false,verbatim_document_variant_not_unique_meeting,public_2025_or_2026_meeting_index_entry,not_inferred_from_same_topic_alone,not_estimated
S/PV.9941,S/PV.9941,2025-06-22,2025,Threats to international peace and security,OTHER_COUNCIL_AGENDA,original,https://docs.un.org/S/PV.9941,https://ydsftksff8.execute-api.us-east-1.amazonaws.com/dev/render_meeting/scmeetings_2025/EN,false,verbatim_document_variant_not_unique_meeting,public_2025_or_2026_meeting_index_entry,not_inferred_from_same_topic_alone,not_estimated
S/PV.9938/Resumption_2,S/PV.9938,2025-06-23,2025,Maintenance of international peace and security,OTHER_COUNCIL_AGENDA,resumption,https://undocs.org/en/S/PV.9938 (Resumption 2),https://ydsftksff8.execute-api.us-east-1.amazonaws.com/dev/render_meeting/scmeetings_2025/EN,true,verbatim_document_variant_not_unique_meeting,public_2025_or_2026_meeting_index_entry,not_inferred_from_same_topic_alone,not_estimated
S/PV.9942,S/PV.9942,2025-06-23,2025,The situation in Afghanistan,UNAMA,original,https://docs.un.org/S/PV.9942,https://ydsftksff8.execute-api.us-east-1.amazonaws.com/dev/render_meeting/scmeetings_2025/EN,false,verbatim_document_variant_not_unique_meeting,public_2025_or_2026_meeting_index_entry,not_inferred_from_same_topic_alone,not_estimated
S/PV.9943,S/PV.9943,2025-06-24,2025,The situation in Libya,UNSMIL,original,https://docs.un.org/S/PV.9943,https://ydsftksff8.execute-api.us-east-1.amazonaws.com/dev/render_meeting/scmeetings_2025/EN,false,verbatim_document_variant_not_unique_meeting,public_2025_or_2026_meeting_index_entry,not_inferred_from_same_topic_alone,not_estimated
S/PV.9944,S/PV.9944,2025-06-24,2025,Non-proliferation,OTHER_COUNCIL_AGENDA,original,https://docs.un.org/S/PV.9944,https://ydsftksff8.execute-api.us-east-1.amazonaws.com/dev/render_meeting/scmeetings_2025/EN,false,verbatim_document_variant_not_unique_meeting,public_2025_or_2026_meeting_index_entry,not_inferred_from_same_topic_alone,not_estimated
S/PV.9945,S/PV.9945,2025-06-25,2025,Children and armed conflict,OTHER_COUNCIL_AGENDA,original,https://docs.un.org/S/PV.9945,https://ydsftksff8.execute-api.us-east-1.amazonaws.com/dev/render_meeting/scmeetings_2025/EN,false,verbatim_document_variant_not_unique_meeting,public_2025_or_2026_meeting_index_entry,not_inferred_from_same_topic_alone,not_estimated
S/PV.9945/Resumption_1,S/PV.9945,2025-06-25,2025,Children and armed conflict,OTHER_COUNCIL_AGENDA,resumption,https://undocs.org/en/S/PV.9945 (Resumption 1),https://ydsftksff8.execute-api.us-east-1.amazonaws.com/dev/render_meeting/scmeetings_2025/EN,true,verbatim_document_variant_not_unique_meeting,public_2025_or_2026_meeting_index_entry,not_inferred_from_same_topic_alone,not_estimated
S/PV.9945/Resumption_2,S/PV.9945,2025-06-26,2025,Children and armed conflict,OTHER_COUNCIL_AGENDA,resumption,https://undocs.org/en/S/PV.9945 (Resumption 2),https://ydsftksff8.execute-api.us-east-1.amazonaws.com/dev/render_meeting/scmeetings_2025/EN,true,verbatim_document_variant_not_unique_meeting,public_2025_or_2026_meeting_index_entry,not_inferred_from_same_topic_alone,not_estimated
S/PV.9946,S/PV.9946,2025-06-26,2025,The situation in the Central African Republic,MINUSCA,original,https://docs.un.org/S/PV.9946,https://ydsftksff8.execute-api.us-east-1.amazonaws.com/dev/render_meeting/scmeetings_2025/EN,false,verbatim_document_variant_not_unique_meeting,public_2025_or_2026_meeting_index_entry,not_inferred_from_same_topic_alone,not_estimated
S/PV.9947,S/PV.9947,2025-06-27,2025,Reports of the Secretary-General on the Sudan and South Sudan,UNMISS,original,https://docs.un.org/S/PV.9947,https://ydsftksff8.execute-api.us-east-1.amazonaws.com/dev/render_meeting/scmeetings_2025/EN,false,verbatim_document_variant_not_unique_meeting,public_2025_or_2026_meeting_index_entry,not_inferred_from_same_topic_alone,not_estimated
S/PV.9948,S/PV.9948,2025-06-27,2025,The situation concerning the Democratic Republic of the Congo,MONUSCO,original,https://docs.un.org/S/PV.9948,https://ydsftksff8.execute-api.us-east-1.amazonaws.com/dev/render_meeting/scmeetings_2025/EN,false,verbatim_document_variant_not_unique_meeting,public_2025_or_2026_meeting_index_entry,not_inferred_from_same_topic_alone,not_estimated
S/PV.9949,S/PV.9949,2025-06-30,2025,The situation in the Middle East,OTHER_COUNCIL_AGENDA,original,https://docs.un.org/S/PV.9949,https://ydsftksff8.execute-api.us-east-1.amazonaws.com/dev/render_meeting/scmeetings_2025/EN,false,verbatim_document_variant_not_unique_meeting,public_2025_or_2026_meeting_index_entry,not_inferred_from_same_topic_alone,not_estimated
S/PV.9950,S/PV.9950,2025-06-30,2025,"The situation in the Middle East, including the Palestinian question",OTHER_COUNCIL_AGENDA,original,https://docs.un.org/S/PV.9950,https://ydsftksff8.execute-api.us-east-1.amazonaws.com/dev/render_meeting/scmeetings_2025/EN,false,verbatim_document_variant_not_unique_meeting,public_2025_or_2026_meeting_index_entry,not_inferred_from_same_topic_alone,not_estimated
S/PV.9951,S/PV.9951,2025-06-30,2025,The situation concerning the Democratic Republic of the Congo,MONUSCO,original,https://docs.un.org/S/PV.9951,https://ydsftksff8.execute-api.us-east-1.amazonaws.com/dev/render_meeting/scmeetings_2025/EN,false,verbatim_document_variant_not_unique_meeting,public_2025_or_2026_meeting_index_entry,not_inferred_from_same_topic_alone,not_estimated
S/PV.9952,S/PV.9952,2025-07-02,2025,Date of election to fill a vacancy in the International Court of Justice,OTHER_COUNCIL_AGENDA,original,https://docs.un.org/S/PV.9952,https://ydsftksff8.execute-api.us-east-1.amazonaws.com/dev/render_meeting/scmeetings_2025/EN,false,verbatim_document_variant_not_unique_meeting,public_2025_or_2026_meeting_index_entry,not_inferred_from_same_topic_alone,not_estimated
S/PV.9953,S/PV.9953,2025-07-02,2025,The question concerning Haiti,BINUH,original,https://docs.un.org/S/PV.9953,https://ydsftksff8.execute-api.us-east-1.amazonaws.com/dev/render_meeting/scmeetings_2025/EN,false,verbatim_document_variant_not_unique_meeting,public_2025_or_2026_meeting_index_entry,not_inferred_from_same_topic_alone,not_estimated
S/PV.9954,S/PV.9954,2025-07-09,2025,The situation in the Middle East,OTHER_COUNCIL_AGENDA,original,https://docs.un.org/S/PV.9954,https://ydsftksff8.execute-api.us-east-1.amazonaws.com/dev/render_meeting/scmeetings_2025/EN,false,verbatim_document_variant_not_unique_meeting,public_2025_or_2026_meeting_index_entry,not_inferred_from_same_topic_alone,not_estimated
S/PV.9955,S/PV.9955,2025-07-10,2025,Reports of the Secretary-General on the Sudan and South Sudan,UNMISS,original,https://docs.un.org/S/PV.9955,https://ydsftksff8.execute-api.us-east-1.amazonaws.com/dev/render_meeting/scmeetings_2025/EN,false,verbatim_document_variant_not_unique_meeting,public_2025_or_2026_meeting_index_entry,not_inferred_from_same_topic_alone,not_estimated
S/PV.9956,S/PV.9956,2025-07-14,2025,The question concerning Haiti,BINUH,original,https://docs.un.org/S/PV.9956,https://ydsftksff8.execute-api.us-east-1.amazonaws.com/dev/render_meeting/scmeetings_2025/EN,false,verbatim_document_variant_not_unique_meeting,public_2025_or_2026_meeting_index_entry,not_inferred_from_same_topic_alone,not_estimated
S/PV.9957,S/PV.9957,2025-07-14,2025,The situation in the Middle East,OTHER_COUNCIL_AGENDA,original,https://docs.un.org/S/PV.9957,https://ydsftksff8.execute-api.us-east-1.amazonaws.com/dev/render_meeting/scmeetings_2025/EN,false,verbatim_document_variant_not_unique_meeting,public_2025_or_2026_meeting_index_entry,not_inferred_from_same_topic_alone,not_estimated
S/PV.9958,S/PV.9958,2025-07-15,2025,Maintenance of international peace and security,OTHER_COUNCIL_AGENDA,original,https://docs.un.org/S/PV.9958,https://ydsftksff8.execute-api.us-east-1.amazonaws.com/dev/render_meeting/scmeetings_2025/EN,false,verbatim_document_variant_not_unique_meeting,public_2025_or_2026_meeting_index_entry,not_inferred_from_same_topic_alone,not_estimated
S/PV.9959,S/PV.9959,2025-07-16,2025,"The situation in the Middle East, including the Palestinian question",OTHER_COUNCIL_AGENDA,original,https://docs.un.org/S/PV.9959,https://ydsftksff8.execute-api.us-east-1.amazonaws.com/dev/render_meeting/scmeetings_2025/EN,false,verbatim_document_variant_not_unique_meeting,public_2025_or_2026_meeting_index_entry,not_inferred_from_same_topic_alone,not_estimated
S/PV.9960,S/PV.9960,2025-07-17,2025,The situation in the Middle East,OTHER_COUNCIL_AGENDA,original,https://docs.un.org/S/PV.9960,https://ydsftksff8.execute-api.us-east-1.amazonaws.com/dev/render_meeting/scmeetings_2025/EN,false,verbatim_document_variant_not_unique_meeting,public_2025_or_2026_meeting_index_entry,not_inferred_from_same_topic_alone,not_estimated
S/PV.9961,S/PV.9961,2025-07-18,2025,Identical letters dated 19 January 2016 from the Permanent Representative of Colombia to the United Nations addressed to the Secretary-General and the President of the Security Council (S/2016/53),COLOMBIA,original,https://docs.un.org/S/PV.9961,https://ydsftksff8.execute-api.us-east-1.amazonaws.com/dev/render_meeting/scmeetings_2025/EN,false,verbatim_document_variant_not_unique_meeting,public_2025_or_2026_meeting_index_entry,not_inferred_from_same_topic_alone,not_estimated
S/PV.9962,S/PV.9962,2025-07-22,2025,Maintenance of international peace and security,OTHER_COUNCIL_AGENDA,original,https://docs.un.org/S/PV.9962,https://ydsftksff8.execute-api.us-east-1.amazonaws.com/dev/render_meeting/scmeetings_2025/EN,false,verbatim_document_variant_not_unique_meeting,public_2025_or_2026_meeting_index_entry,not_inferred_from_same_topic_alone,not_estimated
S/PV.9962/Resumption_1,S/PV.9962,2025-07-22,2025,Maintenance of international peace and security,OTHER_COUNCIL_AGENDA,resumption,https://undocs.org/en/S/PV.9962 (Resumption 1),https://ydsftksff8.execute-api.us-east-1.amazonaws.com/dev/render_meeting/scmeetings_2025/EN,true,verbatim_document_variant_not_unique_meeting,public_2025_or_2026_meeting_index_entry,not_inferred_from_same_topic_alone,not_estimated
S/PV.9963,S/PV.9963,2025-07-23,2025,"The situation in the Middle East, including the Palestinian question",OTHER_COUNCIL_AGENDA,original,https://docs.un.org/S/PV.9963,https://ydsftksff8.execute-api.us-east-1.amazonaws.com/dev/render_meeting/scmeetings_2025/EN,false,verbatim_document_variant_not_unique_meeting,public_2025_or_2026_meeting_index_entry,not_inferred_from_same_topic_alone,not_estimated
S/PV.9963/Resumption_1,S/PV.9963,2025-07-23,2025,"The situation in the Middle East, including the Palestinian question",OTHER_COUNCIL_AGENDA,resumption,https://undocs.org/en/S/PV.9963 (Resumption 1),https://ydsftksff8.execute-api.us-east-1.amazonaws.com/dev/render_meeting/scmeetings_2025/EN,true,verbatim_document_variant_not_unique_meeting,public_2025_or_2026_meeting_index_entry,not_inferred_from_same_topic_alone,not_estimated
S/PV.9962/Resumption_2,S/PV.9962,2025-07-24,2025,Maintenance of international peace and security,OTHER_COUNCIL_AGENDA,resumption,https://undocs.org/en/S/PV.9962 (Resumption 2),https://ydsftksff8.execute-api.us-east-1.amazonaws.com/dev/render_meeting/scmeetings_2025/EN,true,verbatim_document_variant_not_unique_meeting,public_2025_or_2026_meeting_index_entry,not_inferred_from_same_topic_alone,not_estimated
S/PV.9964,S/PV.9964,2025-07-24,2025,Cooperation between the United Nations and regional and subregional organizations in maintaining international peace and security,OTHER_COUNCIL_AGENDA,original,https://docs.un.org/S/PV.9964,https://ydsftksff8.execute-api.us-east-1.amazonaws.com/dev/render_meeting/scmeetings_2025/EN,false,verbatim_document_variant_not_unique_meeting,public_2025_or_2026_meeting_index_entry,not_inferred_from_same_topic_alone,not_estimated
S/PV.9965,S/PV.9965,2025-07-25,2025,Maintenance of peace and security of Ukraine,OTHER_COUNCIL_AGENDA,original,https://docs.un.org/S/PV.9965,https://ydsftksff8.execute-api.us-east-1.amazonaws.com/dev/render_meeting/scmeetings_2025/EN,false,verbatim_document_variant_not_unique_meeting,public_2025_or_2026_meeting_index_entry,not_inferred_from_same_topic_alone,not_estimated
S/PV.9966,S/PV.9966,2025-07-25,2025,Threats to international peace and security,OTHER_COUNCIL_AGENDA,closed,https://docs.un.org/S/PV.9966,https://ydsftksff8.execute-api.us-east-1.amazonaws.com/dev/render_meeting/scmeetings_2025/EN,false,verbatim_document_variant_not_unique_meeting,public_2025_or_2026_meeting_index_entry,not_inferred_from_same_topic_alone,not_estimated
S/PV.9967,S/PV.9967,2025-07-28,2025,The situation in the Middle East,OTHER_COUNCIL_AGENDA,original,https://docs.un.org/S/PV.9967,https://ydsftksff8.execute-api.us-east-1.amazonaws.com/dev/render_meeting/scmeetings_2025/EN,false,verbatim_document_variant_not_unique_meeting,public_2025_or_2026_meeting_index_entry,not_inferred_from_same_topic_alone,not_estimated
S/PV.9963/Resumption_2,S/PV.9963,2025-07-29,2025,"The situation in the Middle East, including the Palestinian question",OTHER_COUNCIL_AGENDA,resumption,https://undocs.org/en/S/PV.9963 (Resumption 2),https://ydsftksff8.execute-api.us-east-1.amazonaws.com/dev/render_meeting/scmeetings_2025/EN,true,verbatim_document_variant_not_unique_meeting,public_2025_or_2026_meeting_index_entry,not_inferred_from_same_topic_alone,not_estimated
S/PV.9968,S/PV.9968,2025-07-29,2025,Peace and security in Africa,OTHER_COUNCIL_AGENDA,original,https://docs.un.org/S/PV.9968,https://ydsftksff8.execute-api.us-east-1.amazonaws.com/dev/render_meeting/scmeetings_2025/EN,false,verbatim_document_variant_not_unique_meeting,public_2025_or_2026_meeting_index_entry,not_inferred_from_same_topic_alone,not_estimated
S/PV.9969,S/PV.9969,2025-07-29,2025,Maintenance of international peace and security,OTHER_COUNCIL_AGENDA,original,https://docs.un.org/S/PV.9969,https://ydsftksff8.execute-api.us-east-1.amazonaws.com/dev/render_meeting/scmeetings_2025/EN,false,verbatim_document_variant_not_unique_meeting,public_2025_or_2026_meeting_index_entry,not_inferred_from_same_topic_alone,not_estimated
S/PV.9970,S/PV.9970,2025-07-31,2025,Threats to international peace and security,OTHER_COUNCIL_AGENDA,original,https://docs.un.org/S/PV.9970,https://ydsftksff8.execute-api.us-east-1.amazonaws.com/dev/render_meeting/scmeetings_2025/EN,false,verbatim_document_variant_not_unique_meeting,public_2025_or_2026_meeting_index_entry,not_inferred_from_same_topic_alone,not_estimated
S/PV.9971,S/PV.9971,2025-08-01,2025,Maintenance of peace and security of Ukraine,OTHER_COUNCIL_AGENDA,original,https://docs.un.org/S/PV.9971,https://ydsftksff8.execute-api.us-east-1.amazonaws.com/dev/render_meeting/scmeetings_2025/EN,false,verbatim_document_variant_not_unique_meeting,public_2025_or_2026_meeting_index_entry,not_inferred_from_same_topic_alone,not_estimated
S/PV.9972,S/PV.9972,2025-08-05,2025,"The situation in the Middle East, including the Palestinian question",OTHER_COUNCIL_AGENDA,original,https://docs.un.org/S/PV.9972,https://ydsftksff8.execute-api.us-east-1.amazonaws.com/dev/render_meeting/scmeetings_2025/EN,false,verbatim_document_variant_not_unique_meeting,public_2025_or_2026_meeting_index_entry,not_inferred_from_same_topic_alone,not_estimated
S/PV.9973,S/PV.9973,2025-08-06,2025,Non-proliferation of weapons of mass destruction,OTHER_COUNCIL_AGENDA,original,https://docs.un.org/S/PV.9973,https://ydsftksff8.execute-api.us-east-1.amazonaws.com/dev/render_meeting/scmeetings_2025/EN,false,verbatim_document_variant_not_unique_meeting,public_2025_or_2026_meeting_index_entry,not_inferred_from_same_topic_alone,not_estimated
S/PV.9974,S/PV.9974,2025-08-07,2025,Peace consolidation in West Africa,OTHER_COUNCIL_AGENDA,original,https://docs.un.org/S/PV.9974,https://ydsftksff8.execute-api.us-east-1.amazonaws.com/dev/render_meeting/scmeetings_2025/EN,false,verbatim_document_variant_not_unique_meeting,public_2025_or_2026_meeting_index_entry,not_inferred_from_same_topic_alone,not_estimated
S/PV.9975,S/PV.9975,2025-08-10,2025,"The situation in the Middle East, including the Palestinian question",OTHER_COUNCIL_AGENDA,original,https://docs.un.org/S/PV.9975,https://ydsftksff8.execute-api.us-east-1.amazonaws.com/dev/render_meeting/scmeetings_2025/EN,false,verbatim_document_variant_not_unique_meeting,public_2025_or_2026_meeting_index_entry,not_inferred_from_same_topic_alone,not_estimated
S/PV.9976,S/PV.9976,2025-08-10,2025,The situation in the Middle East,OTHER_COUNCIL_AGENDA,original,https://docs.un.org/S/PV.9976,https://ydsftksff8.execute-api.us-east-1.amazonaws.com/dev/render_meeting/scmeetings_2025/EN,false,verbatim_document_variant_not_unique_meeting,public_2025_or_2026_meeting_index_entry,not_inferred_from_same_topic_alone,not_estimated
S/PV.9977,S/PV.9977,2025-08-11,2025,Maintenance of international peace and security,OTHER_COUNCIL_AGENDA,original,https://docs.un.org/S/PV.9977,https://ydsftksff8.execute-api.us-east-1.amazonaws.com/dev/render_meeting/scmeetings_2025/EN,false,verbatim_document_variant_not_unique_meeting,public_2025_or_2026_meeting_index_entry,not_inferred_from_same_topic_alone,not_estimated
S/PV.9977/Resumption_1,S/PV.9977,2025-08-12,2025,Maintenance of international peace and security,OTHER_COUNCIL_AGENDA,resumption,https://undocs.org/en/S/PV.9977 (Resumption 1),https://ydsftksff8.execute-api.us-east-1.amazonaws.com/dev/render_meeting/scmeetings_2025/EN,true,verbatim_document_variant_not_unique_meeting,public_2025_or_2026_meeting_index_entry,not_inferred_from_same_topic_alone,not_estimated
S/PV.9977/Resumption_2,S/PV.9977,2025-08-12,2025,Maintenance of international peace and security,OTHER_COUNCIL_AGENDA,resumption,https://undocs.org/en/S/PV.9977 (Resumption 2),https://ydsftksff8.execute-api.us-east-1.amazonaws.com/dev/render_meeting/scmeetings_2025/EN,true,verbatim_document_variant_not_unique_meeting,public_2025_or_2026_meeting_index_entry,not_inferred_from_same_topic_alone,not_estimated
S/PV.9978,S/PV.9978,2025-08-12,2025,The situation in the Middle East,OTHER_COUNCIL_AGENDA,original,https://docs.un.org/S/PV.9978,https://ydsftksff8.execute-api.us-east-1.amazonaws.com/dev/render_meeting/scmeetings_2025/EN,false,verbatim_document_variant_not_unique_meeting,public_2025_or_2026_meeting_index_entry,not_inferred_from_same_topic_alone,not_estimated
S/PV.9979,S/PV.9979,2025-08-14,2025,"Meeting of the Security Council with the troop- and police-contributing countries pursuant to resolution 1353 (2001), annex II, sections A and B",OTHER_COUNCIL_AGENDA,closed,https://docs.un.org/S/PV.9979,https://ydsftksff8.execute-api.us-east-1.amazonaws.com/dev/render_meeting/scmeetings_2025/EN,false,verbatim_document_variant_not_unique_meeting,public_2025_or_2026_meeting_index_entry,not_inferred_from_same_topic_alone,not_estimated
S/PV.9980,S/PV.9980,2025-08-18,2025,Reports of the Secretary-General on the Sudan and South Sudan,UNMISS,original,https://docs.un.org/S/PV.9980,https://ydsftksff8.execute-api.us-east-1.amazonaws.com/dev/render_meeting/scmeetings_2025/EN,false,verbatim_document_variant_not_unique_meeting,public_2025_or_2026_meeting_index_entry,not_inferred_from_same_topic_alone,not_estimated
S/PV.9981,S/PV.9981,2025-08-19,2025,Women and peace and security,WPS,original,https://docs.un.org/S/PV.9981,https://ydsftksff8.execute-api.us-east-1.amazonaws.com/dev/render_meeting/scmeetings_2025/EN,false,verbatim_document_variant_not_unique_meeting,public_2025_or_2026_meeting_index_entry,not_inferred_from_same_topic_alone,not_estimated
S/PV.9981/Resumption_1,S/PV.9981,2025-08-19,2025,Women and peace and security,WPS,resumption,https://docs.un.org/S/PV.9981 (Resumption 1),https://ydsftksff8.execute-api.us-east-1.amazonaws.com/dev/render_meeting/scmeetings_2025/EN,true,verbatim_document_variant_not_unique_meeting,public_2025_or_2026_meeting_index_entry,not_inferred_from_same_topic_alone,not_estimated
S/PV.9982,S/PV.9982,2025-08-20,2025,Threats to international peace and security caused by terrorist acts,COUNTERTERRORISM,original,https://docs.un.org/S/PV.9982,https://ydsftksff8.execute-api.us-east-1.amazonaws.com/dev/render_meeting/scmeetings_2025/EN,false,verbatim_document_variant_not_unique_meeting,public_2025_or_2026_meeting_index_entry,not_inferred_from_same_topic_alone,not_estimated
S/PV.9983,S/PV.9983,2025-08-21,2025,The situation in the Middle East,OTHER_COUNCIL_AGENDA,original,https://docs.un.org/S/PV.9983,https://ydsftksff8.execute-api.us-east-1.amazonaws.com/dev/render_meeting/scmeetings_2025/EN,false,verbatim_document_variant_not_unique_meeting,public_2025_or_2026_meeting_index_entry,not_inferred_from_same_topic_alone,not_estimated
S/PV.9984,S/PV.9984,2025-08-21,2025,The situation in Libya,UNSMIL,original,https://docs.un.org/S/PV.9984,https://ydsftksff8.execute-api.us-east-1.amazonaws.com/dev/render_meeting/scmeetings_2025/EN,false,verbatim_document_variant_not_unique_meeting,public_2025_or_2026_meeting_index_entry,not_inferred_from_same_topic_alone,not_estimated
S/PV.9985,S/PV.9985,2025-08-22,2025,The situation concerning the Democratic Republic of the Congo,MONUSCO,original,https://docs.un.org/S/PV.9985,https://ydsftksff8.execute-api.us-east-1.amazonaws.com/dev/render_meeting/scmeetings_2025/EN,false,verbatim_document_variant_not_unique_meeting,public_2025_or_2026_meeting_index_entry,not_inferred_from_same_topic_alone,not_estimated
S/PV.9986,S/PV.9986,2025-08-26,2025,Threats to international peace and security,OTHER_COUNCIL_AGENDA,original,https://docs.un.org/S/PV.9986,https://ydsftksff8.execute-api.us-east-1.amazonaws.com/dev/render_meeting/scmeetings_2025/EN,false,verbatim_document_variant_not_unique_meeting,public_2025_or_2026_meeting_index_entry,not_inferred_from_same_topic_alone,not_estimated
S/PV.9987,S/PV.9987,2025-08-27,2025,"The situation in the Middle East, including the Palestinian question",OTHER_COUNCIL_AGENDA,original,https://docs.un.org/S/PV.9987,https://ydsftksff8.execute-api.us-east-1.amazonaws.com/dev/render_meeting/scmeetings_2025/EN,false,verbatim_document_variant_not_unique_meeting,public_2025_or_2026_meeting_index_entry,not_inferred_from_same_topic_alone,not_estimated
S/PV.9988,S/PV.9988,2025-08-28,2025,The question concerning Haiti,BINUH,original,https://docs.un.org/S/PV.9988,https://ydsftksff8.execute-api.us-east-1.amazonaws.com/dev/render_meeting/scmeetings_2025/EN,false,verbatim_document_variant_not_unique_meeting,public_2025_or_2026_meeting_index_entry,not_inferred_from_same_topic_alone,not_estimated
S/PV.9989,S/PV.9989,2025-08-28,2025,The situation in the Middle East,OTHER_COUNCIL_AGENDA,original,https://docs.un.org/S/PV.9989,https://ydsftksff8.execute-api.us-east-1.amazonaws.com/dev/render_meeting/scmeetings_2025/EN,false,verbatim_document_variant_not_unique_meeting,public_2025_or_2026_meeting_index_entry,not_inferred_from_same_topic_alone,not_estimated
S/PV.9990,S/PV.9990,2025-08-29,2025,Maintenance of peace and security of Ukraine,OTHER_COUNCIL_AGENDA,original,https://docs.un.org/S/PV.9990,https://ydsftksff8.execute-api.us-east-1.amazonaws.com/dev/render_meeting/scmeetings_2025/EN,false,verbatim_document_variant_not_unique_meeting,public_2025_or_2026_meeting_index_entry,not_inferred_from_same_topic_alone,not_estimated
S/PV.9991,S/PV.9991,2025-09-09,2025,Maintenance of international peace and security,OTHER_COUNCIL_AGENDA,original,https://docs.un.org/S/PV.9991,https://ydsftksff8.execute-api.us-east-1.amazonaws.com/dev/render_meeting/scmeetings_2025/EN,false,verbatim_document_variant_not_unique_meeting,public_2025_or_2026_meeting_index_entry,not_inferred_from_same_topic_alone,not_estimated
S/PV.9991/Resumption_1,S/PV.9991,2025-09-09,2025,Maintenance of international peace and security,OTHER_COUNCIL_AGENDA,resumption,https://undocs.org/en/S/PV.9991 (Resumption 1),https://ydsftksff8.execute-api.us-east-1.amazonaws.com/dev/render_meeting/scmeetings_2025/EN,true,verbatim_document_variant_not_unique_meeting,public_2025_or_2026_meeting_index_entry,not_inferred_from_same_topic_alone,not_estimated
S/PV.9991/Resumption_2,S/PV.9991,2025-09-10,2025,Maintenance of international peace and security,OTHER_COUNCIL_AGENDA,resumption,https://undocs.org/en/S/PV.9991 (Resumption 2),https://ydsftksff8.execute-api.us-east-1.amazonaws.com/dev/render_meeting/scmeetings_2025/EN,true,verbatim_document_variant_not_unique_meeting,public_2025_or_2026_meeting_index_entry,not_inferred_from_same_topic_alone,not_estimated
S/PV.9992,S/PV.9992,2025-09-11,2025,The situation in the Middle East,OTHER_COUNCIL_AGENDA,original,https://docs.un.org/S/PV.9992,https://ydsftksff8.execute-api.us-east-1.amazonaws.com/dev/render_meeting/scmeetings_2025/EN,false,verbatim_document_variant_not_unique_meeting,public_2025_or_2026_meeting_index_entry,not_inferred_from_same_topic_alone,not_estimated
S/PV.9993,S/PV.9993,2025-09-12,2025,Reports of the Secretary-General on the Sudan and South Sudan,UNMISS,original,https://docs.un.org/S/PV.9993,https://ydsftksff8.execute-api.us-east-1.amazonaws.com/dev/render_meeting/scmeetings_2025/EN,false,verbatim_document_variant_not_unique_meeting,public_2025_or_2026_meeting_index_entry,not_inferred_from_same_topic_alone,not_estimated
S/PV.9994,S/PV.9994,2025-09-12,2025,The situation in the Middle East,OTHER_COUNCIL_AGENDA,original,https://docs.un.org/S/PV.9994,https://ydsftksff8.execute-api.us-east-1.amazonaws.com/dev/render_meeting/scmeetings_2025/EN,false,verbatim_document_variant_not_unique_meeting,public_2025_or_2026_meeting_index_entry,not_inferred_from_same_topic_alone,not_estimated
S/PV.9995,S/PV.9995,2025-09-12,2025,Threats to international peace and security,OTHER_COUNCIL_AGENDA,original,https://docs.un.org/S/PV.9995,https://ydsftksff8.execute-api.us-east-1.amazonaws.com/dev/render_meeting/scmeetings_2025/EN,false,verbatim_document_variant_not_unique_meeting,public_2025_or_2026_meeting_index_entry,not_inferred_from_same_topic_alone,not_estimated
S/PV.9996,S/PV.9996,2025-09-15,2025,The situation in the Middle East,OTHER_COUNCIL_AGENDA,original,https://docs.un.org/S/PV.9996,https://ydsftksff8.execute-api.us-east-1.amazonaws.com/dev/render_meeting/scmeetings_2025/EN,false,verbatim_document_variant_not_unique_meeting,public_2025_or_2026_meeting_index_entry,not_inferred_from_same_topic_alone,not_estimated
S/PV.9997,S/PV.9997,2025-09-17,2025,The situation between Iraq and Kuwait,OTHER_COUNCIL_AGENDA,original,https://docs.un.org/S/PV.9997,https://ydsftksff8.execute-api.us-east-1.amazonaws.com/dev/render_meeting/scmeetings_2025/EN,false,verbatim_document_variant_not_unique_meeting,public_2025_or_2026_meeting_index_entry,not_inferred_from_same_topic_alone,not_estimated
S/PV.9998,S/PV.9998,2025-09-17,2025,The situation in Afghanistan,UNAMA,original,https://docs.un.org/S/PV.9998,https://ydsftksff8.execute-api.us-east-1.amazonaws.com/dev/render_meeting/scmeetings_2025/EN,false,verbatim_document_variant_not_unique_meeting,public_2025_or_2026_meeting_index_entry,not_inferred_from_same_topic_alone,not_estimated
S/PV.10000,S/PV.10000,2025-09-18,2025,"The situation in the Middle East, including the Palestinian question",OTHER_COUNCIL_AGENDA,original,https://docs.un.org/S/PV.10000,https://ydsftksff8.execute-api.us-east-1.amazonaws.com/dev/render_meeting/scmeetings_2025/EN,false,verbatim_document_variant_not_unique_meeting,public_2025_or_2026_meeting_index_entry,not_inferred_from_same_topic_alone,not_estimated
S/PV.9999,S/PV.9999,2025-09-18,2025,The situation in the Middle East,OTHER_COUNCIL_AGENDA,original,https://docs.un.org/S/PV.9999,https://ydsftksff8.execute-api.us-east-1.amazonaws.com/dev/render_meeting/scmeetings_2025/EN,false,verbatim_document_variant_not_unique_meeting,public_2025_or_2026_meeting_index_entry,not_inferred_from_same_topic_alone,not_estimated
S/PV.10001,S/PV.10001,2025-09-19,2025,Non-proliferation,OTHER_COUNCIL_AGENDA,original,https://docs.un.org/S/PV.10001,https://ydsftksff8.execute-api.us-east-1.amazonaws.com/dev/render_meeting/scmeetings_2025/EN,false,verbatim_document_variant_not_unique_meeting,public_2025_or_2026_meeting_index_entry,not_inferred_from_same_topic_alone,not_estimated
S/PV.10002,S/PV.10002,2025-09-22,2025,Threats to international peace and security,OTHER_COUNCIL_AGENDA,original,https://docs.un.org/S/PV.10002,https://ydsftksff8.execute-api.us-east-1.amazonaws.com/dev/render_meeting/scmeetings_2025/EN,false,verbatim_document_variant_not_unique_meeting,public_2025_or_2026_meeting_index_entry,not_inferred_from_same_topic_alone,not_estimated
S/PV.10003,S/PV.10003,2025-09-23,2025,"The situation in the Middle East, including the Palestinian question",OTHER_COUNCIL_AGENDA,original,https://docs.un.org/S/PV.10003,https://ydsftksff8.execute-api.us-east-1.amazonaws.com/dev/render_meeting/scmeetings_2025/EN,false,verbatim_document_variant_not_unique_meeting,public_2025_or_2026_meeting_index_entry,not_inferred_from_same_topic_alone,not_estimated
S/PV.10004,S/PV.10004,2025-09-23,2025,Maintenance of peace and security of Ukraine,OTHER_COUNCIL_AGENDA,original,https://docs.un.org/S/PV.10004,https://ydsftksff8.execute-api.us-east-1.amazonaws.com/dev/render_meeting/scmeetings_2025/EN,false,verbatim_document_variant_not_unique_meeting,public_2025_or_2026_meeting_index_entry,not_inferred_from_same_topic_alone,not_estimated
S/PV.10005,S/PV.10005,2025-09-24,2025,Maintenance of international peace and security,OTHER_COUNCIL_AGENDA,original,https://docs.un.org/S/PV.10005,https://ydsftksff8.execute-api.us-east-1.amazonaws.com/dev/render_meeting/scmeetings_2025/EN,false,verbatim_document_variant_not_unique_meeting,public_2025_or_2026_meeting_index_entry,not_inferred_from_same_topic_alone,not_estimated
S/PV.10005/Resumption_1,S/PV.10005,2025-09-25,2025,Maintenance of international peace and security,OTHER_COUNCIL_AGENDA,resumption,https://docs.un.org/S/PV.10005 (Resumption 1),https://ydsftksff8.execute-api.us-east-1.amazonaws.com/dev/render_meeting/scmeetings_2025/EN,true,verbatim_document_variant_not_unique_meeting,public_2025_or_2026_meeting_index_entry,not_inferred_from_same_topic_alone,not_estimated
S/PV.10005/Resumption_2,S/PV.10005,2025-09-26,2025,Maintenance of international peace and security,OTHER_COUNCIL_AGENDA,resumption,https://docs.un.org/S/PV.10005 (Resumption 2),https://ydsftksff8.execute-api.us-east-1.amazonaws.com/dev/render_meeting/scmeetings_2025/EN,true,verbatim_document_variant_not_unique_meeting,public_2025_or_2026_meeting_index_entry,not_inferred_from_same_topic_alone,not_estimated
S/PV.10006,S/PV.10006,2025-09-26,2025,Non-proliferation,OTHER_COUNCIL_AGENDA,original,https://docs.un.org/S/PV.10006,https://ydsftksff8.execute-api.us-east-1.amazonaws.com/dev/render_meeting/scmeetings_2025/EN,false,verbatim_document_variant_not_unique_meeting,public_2025_or_2026_meeting_index_entry,not_inferred_from_same_topic_alone,not_estimated
S/PV.10007,S/PV.10007,2025-09-29,2025,"The situation in the Middle East, including the Palestinian question",OTHER_COUNCIL_AGENDA,original,https://docs.un.org/S/PV.10007,https://ydsftksff8.execute-api.us-east-1.amazonaws.com/dev/render_meeting/scmeetings_2025/EN,false,verbatim_document_variant_not_unique_meeting,public_2025_or_2026_meeting_index_entry,not_inferred_from_same_topic_alone,not_estimated
S/PV.10008,S/PV.10008,2025-09-30,2025,The situation concerning the Democratic Republic of the Congo,MONUSCO,original,https://docs.un.org/S/PV.10008,https://ydsftksff8.execute-api.us-east-1.amazonaws.com/dev/render_meeting/scmeetings_2025/EN,false,verbatim_document_variant_not_unique_meeting,public_2025_or_2026_meeting_index_entry,not_inferred_from_same_topic_alone,not_estimated
S/PV.10009,S/PV.10009,2025-09-30,2025,The question concerning Haiti,BINUH,original,https://docs.un.org/S/PV.10009,https://ydsftksff8.execute-api.us-east-1.amazonaws.com/dev/render_meeting/scmeetings_2025/EN,false,verbatim_document_variant_not_unique_meeting,public_2025_or_2026_meeting_index_entry,not_inferred_from_same_topic_alone,not_estimated
S/PV.10010,S/PV.10010,2025-10-03,2025,Identical letters dated 19 January 2016 from the Permanent Representative of Colombia to the United Nations addressed to the Secretary-General and the President of the Security Council (S/2016/53),COLOMBIA,original,https://docs.un.org/S/PV.10010,https://ydsftksff8.execute-api.us-east-1.amazonaws.com/dev/render_meeting/scmeetings_2025/EN,false,verbatim_document_variant_not_unique_meeting,public_2025_or_2026_meeting_index_entry,not_inferred_from_same_topic_alone,not_estimated
S/PV.10011,S/PV.10011,2025-10-06,2025,Women and peace and security,WPS,original,https://docs.un.org/S/PV.10011,https://ydsftksff8.execute-api.us-east-1.amazonaws.com/dev/render_meeting/scmeetings_2025/EN,false,verbatim_document_variant_not_unique_meeting,public_2025_or_2026_meeting_index_entry,not_inferred_from_same_topic_alone,not_estimated
S/PV.10011/Resumption_1,S/PV.10011,2025-10-06,2025,Women and peace and security,WPS,resumption,https://docs.un.org/S/PV.10011 (Resumption 1),https://ydsftksff8.execute-api.us-east-1.amazonaws.com/dev/render_meeting/scmeetings_2025/EN,true,verbatim_document_variant_not_unique_meeting,public_2025_or_2026_meeting_index_entry,not_inferred_from_same_topic_alone,not_estimated
S/PV.10011/Resumption_2,S/PV.10011,2025-10-07,2025,Women and peace and security,WPS,resumption,https://docs.un.org/S/PV.10011 (Resumption 2),https://ydsftksff8.execute-api.us-east-1.amazonaws.com/dev/render_meeting/scmeetings_2025/EN,true,verbatim_document_variant_not_unique_meeting,public_2025_or_2026_meeting_index_entry,not_inferred_from_same_topic_alone,not_estimated
S/PV.10012,S/PV.10012,2025-10-07,2025,Cooperation between the United Nations and regional and subregional organizations in maintaining international peace and security,OTHER_COUNCIL_AGENDA,original,https://docs.un.org/S/PV.10012,https://ydsftksff8.execute-api.us-east-1.amazonaws.com/dev/render_meeting/scmeetings_2025/EN,false,verbatim_document_variant_not_unique_meeting,public_2025_or_2026_meeting_index_entry,not_inferred_from_same_topic_alone,not_estimated
S/PV.10013,S/PV.10013,2025-10-08,2025,The situation in Somalia,UNSOS_SOMALIA,closed,https://docs.un.org/S/PV.10013,https://ydsftksff8.execute-api.us-east-1.amazonaws.com/dev/render_meeting/scmeetings_2025/EN,false,verbatim_document_variant_not_unique_meeting,public_2025_or_2026_meeting_index_entry,not_inferred_from_same_topic_alone,not_estimated
S/PV.10014,S/PV.10014,2025-10-08,2025,"Meeting of the Security Council with the troop- and police-contributing countries pursuant to resolution 1353 (2001), annex II, sections A and B",OTHER_COUNCIL_AGENDA,closed,https://docs.un.org/S/PV.10014,https://ydsftksff8.execute-api.us-east-1.amazonaws.com/dev/render_meeting/scmeetings_2025/EN,false,verbatim_document_variant_not_unique_meeting,public_2025_or_2026_meeting_index_entry,not_inferred_from_same_topic_alone,not_estimated
S/PV.10015,S/PV.10015,2025-10-10,2025,Threats to international peace and security,OTHER_COUNCIL_AGENDA,original,https://docs.un.org/S/PV.10015,https://ydsftksff8.execute-api.us-east-1.amazonaws.com/dev/render_meeting/scmeetings_2025/EN,false,verbatim_document_variant_not_unique_meeting,public_2025_or_2026_meeting_index_entry,not_inferred_from_same_topic_alone,not_estimated
S/PV.10016,S/PV.10016,2025-10-13,2025,The situation in the Great Lakes region,OTHER_COUNCIL_AGENDA,original,https://docs.un.org/S/PV.10016,https://ydsftksff8.execute-api.us-east-1.amazonaws.com/dev/render_meeting/scmeetings_2025/EN,false,verbatim_document_variant_not_unique_meeting,public_2025_or_2026_meeting_index_entry,not_inferred_from_same_topic_alone,not_estimated
S/PV.10017,S/PV.10017,2025-10-14,2025,The situation in Libya,UNSMIL,original,https://docs.un.org/S/PV.10017,https://ydsftksff8.execute-api.us-east-1.amazonaws.com/dev/render_meeting/scmeetings_2025/EN,false,verbatim_document_variant_not_unique_meeting,public_2025_or_2026_meeting_index_entry,not_inferred_from_same_topic_alone,not_estimated
S/PV.10018,S/PV.10018,2025-10-17,2025,The question concerning Haiti,BINUH,original,https://docs.un.org/S/PV.10018,https://ydsftksff8.execute-api.us-east-1.amazonaws.com/dev/render_meeting/scmeetings_2025/EN,false,verbatim_document_variant_not_unique_meeting,public_2025_or_2026_meeting_index_entry,not_inferred_from_same_topic_alone,not_estimated
S/PV.10019,S/PV.10019,2025-10-21,2025,"Security Council resolutions 1160 (1998), 1199 (1998), 1203 (1998), 1239 (1999) and 1244 (1999)",OTHER_COUNCIL_AGENDA,original,https://docs.un.org/S/PV.10019,https://ydsftksff8.execute-api.us-east-1.amazonaws.com/dev/render_meeting/scmeetings_2025/EN,false,verbatim_document_variant_not_unique_meeting,public_2025_or_2026_meeting_index_entry,not_inferred_from_same_topic_alone,not_estimated
S/PV.10020,S/PV.10020,2025-10-21,2025,"Meeting of the Security Council with the troop- and police-contributing countries pursuant to resolution 1353 (2001), annex II, sections A and B",OTHER_COUNCIL_AGENDA,closed,https://docs.un.org/S/PV.10020,https://ydsftksff8.execute-api.us-east-1.amazonaws.com/dev/render_meeting/scmeetings_2025/EN,false,verbatim_document_variant_not_unique_meeting,public_2025_or_2026_meeting_index_entry,not_inferred_from_same_topic_alone,not_estimated
S/PV.10021,S/PV.10021,2025-10-22,2025,The situation in the Middle East,OTHER_COUNCIL_AGENDA,original,https://docs.un.org/S/PV.10021,https://ydsftksff8.execute-api.us-east-1.amazonaws.com/dev/render_meeting/scmeetings_2025/EN,false,verbatim_document_variant_not_unique_meeting,public_2025_or_2026_meeting_index_entry,not_inferred_from_same_topic_alone,not_estimated
S/PV.10022,S/PV.10022,2025-10-22,2025,The question concerning Haiti,BINUH,original,https://docs.un.org/S/PV.10022,https://ydsftksff8.execute-api.us-east-1.amazonaws.com/dev/render_meeting/scmeetings_2025/EN,false,verbatim_document_variant_not_unique_meeting,public_2025_or_2026_meeting_index_entry,not_inferred_from_same_topic_alone,not_estimated
S/PV.10023,S/PV.10023,2025-10-23,2025,"The situation in the Middle East, including the Palestinian question",OTHER_COUNCIL_AGENDA,original,https://docs.un.org/S/PV.10023,https://ydsftksff8.execute-api.us-east-1.amazonaws.com/dev/render_meeting/scmeetings_2025/EN,false,verbatim_document_variant_not_unique_meeting,public_2025_or_2026_meeting_index_entry,not_inferred_from_same_topic_alone,not_estimated
S/PV.10024,S/PV.10024,2025-10-24,2025,Maintenance of international peace and security,OTHER_COUNCIL_AGENDA,original,https://docs.un.org/S/PV.10024,https://ydsftksff8.execute-api.us-east-1.amazonaws.com/dev/render_meeting/scmeetings_2025/EN,false,verbatim_document_variant_not_unique_meeting,public_2025_or_2026_meeting_index_entry,not_inferred_from_same_topic_alone,not_estimated
S/PV.10024/Resumption_1,S/PV.10024,2025-10-24,2025,Maintenance of international peace and security,OTHER_COUNCIL_AGENDA,resumption,https://docs.un.org/S/PV.10024 (Resumption 1),https://ydsftksff8.execute-api.us-east-1.amazonaws.com/dev/render_meeting/scmeetings_2025/EN,true,verbatim_document_variant_not_unique_meeting,public_2025_or_2026_meeting_index_entry,not_inferred_from_same_topic_alone,not_estimated
S/PV.10023/Resumption_1,S/PV.10023,2025-10-27,2025,"The situation in the Middle East, including the Palestinian question",OTHER_COUNCIL_AGENDA,resumption,https://docs.un.org/S/PV.10023 (Resumption 1),https://ydsftksff8.execute-api.us-east-1.amazonaws.com/dev/render_meeting/scmeetings_2025/EN,true,verbatim_document_variant_not_unique_meeting,public_2025_or_2026_meeting_index_entry,not_inferred_from_same_topic_alone,not_estimated
S/PV.10023/Resumption_2,S/PV.10023,2025-10-27,2025,"The situation in the Middle East, including the Palestinian question",OTHER_COUNCIL_AGENDA,resumption,https://docs.un.org/S/PV.10023 (Resumption 2),https://ydsftksff8.execute-api.us-east-1.amazonaws.com/dev/render_meeting/scmeetings_2025/EN,true,verbatim_document_variant_not_unique_meeting,public_2025_or_2026_meeting_index_entry,not_inferred_from_same_topic_alone,not_estimated
S/PV.10025,S/PV.10025,2025-10-28,2025,The situation in the Central African Republic,MINUSCA,original,https://docs.un.org/S/PV.10025,https://ydsftksff8.execute-api.us-east-1.amazonaws.com/dev/render_meeting/scmeetings_2025/EN,false,verbatim_document_variant_not_unique_meeting,public_2025_or_2026_meeting_index_entry,not_inferred_from_same_topic_alone,not_estimated
S/PV.10026,S/PV.10026,2025-10-29,2025,Briefing by the President of the International Court of Justice,OTHER_COUNCIL_AGENDA,original,https://docs.un.org/S/PV.10026,https://ydsftksff8.execute-api.us-east-1.amazonaws.com/dev/render_meeting/scmeetings_2025/EN,false,verbatim_document_variant_not_unique_meeting,public_2025_or_2026_meeting_index_entry,not_inferred_from_same_topic_alone,not_estimated
S/PV.10027,S/PV.10027,2025-10-30,2025,Reports of the Secretary-General on the Sudan and South Sudan,UNMISS,original,https://docs.un.org/S/PV.10027,https://ydsftksff8.execute-api.us-east-1.amazonaws.com/dev/render_meeting/scmeetings_2025/EN,false,verbatim_document_variant_not_unique_meeting,public_2025_or_2026_meeting_index_entry,not_inferred_from_same_topic_alone,not_estimated
S/PV.10028,S/PV.10028,2025-10-31,2025,The situation in Bosnia and Herzegovina,OTHER_COUNCIL_AGENDA,original,https://docs.un.org/S/PV.10028,https://ydsftksff8.execute-api.us-east-1.amazonaws.com/dev/render_meeting/scmeetings_2025/EN,false,verbatim_document_variant_not_unique_meeting,public_2025_or_2026_meeting_index_entry,not_inferred_from_same_topic_alone,not_estimated
S/PV.10029,S/PV.10029,2025-10-31,2025,The situation in Libya,UNSMIL,original,https://docs.un.org/S/PV.10029,https://ydsftksff8.execute-api.us-east-1.amazonaws.com/dev/render_meeting/scmeetings_2025/EN,false,verbatim_document_variant_not_unique_meeting,public_2025_or_2026_meeting_index_entry,not_inferred_from_same_topic_alone,not_estimated
S/PV.10030,S/PV.10030,2025-10-31,2025,The situation concerning Western Sahara,MINURSO_SAHARA,original,https://docs.un.org/S/PV.10030,https://ydsftksff8.execute-api.us-east-1.amazonaws.com/dev/render_meeting/scmeetings_2025/EN,false,verbatim_document_variant_not_unique_meeting,public_2025_or_2026_meeting_index_entry,not_inferred_from_same_topic_alone,not_estimated
S/PV.10031,S/PV.10031,2025-10-31,2025,Identical letters dated 19 January 2016 from the Permanent Representative of Colombia to the United Nations addressed to the Secretary-General and the President of the Security Council (S/2016/53),COLOMBIA,original,https://docs.un.org/S/PV.10031,https://ydsftksff8.execute-api.us-east-1.amazonaws.com/dev/render_meeting/scmeetings_2025/EN,false,verbatim_document_variant_not_unique_meeting,public_2025_or_2026_meeting_index_entry,not_inferred_from_same_topic_alone,not_estimated
S/PV.10032,S/PV.10032,2025-11-04,2025,"Meeting of the Security Council with the troop- and police-contributing countries pursuant to resolution 1353 (2001), annex II, sections A and B",OTHER_COUNCIL_AGENDA,closed,https://docs.un.org/S/PV.10032,https://ydsftksff8.execute-api.us-east-1.amazonaws.com/dev/render_meeting/scmeetings_2025/EN,false,verbatim_document_variant_not_unique_meeting,public_2025_or_2026_meeting_index_entry,not_inferred_from_same_topic_alone,not_estimated
S/PV.10033,S/PV.10033,2025-11-05,2025,The situation in the Middle East,OTHER_COUNCIL_AGENDA,original,https://docs.un.org/S/PV.10033,https://ydsftksff8.execute-api.us-east-1.amazonaws.com/dev/render_meeting/scmeetings_2025/EN,false,verbatim_document_variant_not_unique_meeting,public_2025_or_2026_meeting_index_entry,not_inferred_from_same_topic_alone,not_estimated
S/PV.10034,S/PV.10034,2025-11-05,2025,Reports of the Secretary-General on the Sudan and South Sudan,UNMISS,original,https://docs.un.org/S/PV.10034,https://ydsftksff8.execute-api.us-east-1.amazonaws.com/dev/render_meeting/scmeetings_2025/EN,false,verbatim_document_variant_not_unique_meeting,public_2025_or_2026_meeting_index_entry,not_inferred_from_same_topic_alone,not_estimated
S/PV.10035,S/PV.10035,2025-11-06,2025,Threats to international peace and security,OTHER_COUNCIL_AGENDA,original,https://docs.un.org/S/PV.10035,https://ydsftksff8.execute-api.us-east-1.amazonaws.com/dev/render_meeting/scmeetings_2025/EN,false,verbatim_document_variant_not_unique_meeting,public_2025_or_2026_meeting_index_entry,not_inferred_from_same_topic_alone,not_estimated
S/PV.10036,S/PV.10036,2025-11-06,2025,Threats to international peace and security caused by terrorist acts,COUNTERTERRORISM,original,https://docs.un.org/S/PV.10036,https://ydsftksff8.execute-api.us-east-1.amazonaws.com/dev/render_meeting/scmeetings_2025/EN,false,verbatim_document_variant_not_unique_meeting,public_2025_or_2026_meeting_index_entry,not_inferred_from_same_topic_alone,not_estimated
S/PV.10037,S/PV.10037,2025-11-10,2025,Small arms,OTHER_COUNCIL_AGENDA,original,https://docs.un.org/S/PV.10037,https://ydsftksff8.execute-api.us-east-1.amazonaws.com/dev/render_meeting/scmeetings_2025/EN,false,verbatim_document_variant_not_unique_meeting,public_2025_or_2026_meeting_index_entry,not_inferred_from_same_topic_alone,not_estimated
S/PV.10037/Resumption_1,S/PV.10037,2025-11-10,2025,Small arms,OTHER_COUNCIL_AGENDA,resumption,https://docs.un.org/S/PV.10037 (Resumption 1),https://ydsftksff8.execute-api.us-east-1.amazonaws.com/dev/render_meeting/scmeetings_2025/EN,true,verbatim_document_variant_not_unique_meeting,public_2025_or_2026_meeting_index_entry,not_inferred_from_same_topic_alone,not_estimated
S/PV.10038,S/PV.10038,2025-11-11,2025,Reports of the Secretary-General on the Sudan and South Sudan,UNMISS,original,https://docs.un.org/S/PV.10038,https://ydsftksff8.execute-api.us-east-1.amazonaws.com/dev/render_meeting/scmeetings_2025/EN,false,verbatim_document_variant_not_unique_meeting,public_2025_or_2026_meeting_index_entry,not_inferred_from_same_topic_alone,not_estimated
S/PV.10039,S/PV.10039,2025-11-12,2025,Election of a member of the International Court of Justice,OTHER_COUNCIL_AGENDA,original,https://docs.un.org/S/PV.10039,https://ydsftksff8.execute-api.us-east-1.amazonaws.com/dev/render_meeting/scmeetings_2025/EN,false,verbatim_document_variant_not_unique_meeting,public_2025_or_2026_meeting_index_entry,not_inferred_from_same_topic_alone,not_estimated
S/PV.10040,S/PV.10040,2025-11-12,2025,Election of a member of the International Court of Justice,OTHER_COUNCIL_AGENDA,original,https://docs.un.org/S/PV.10040,https://ydsftksff8.execute-api.us-east-1.amazonaws.com/dev/render_meeting/scmeetings_2025/EN,false,verbatim_document_variant_not_unique_meeting,public_2025_or_2026_meeting_index_entry,not_inferred_from_same_topic_alone,not_estimated
S/PV.10041,S/PV.10041,2025-11-13,2025,The situation in the Central African Republic,MINUSCA,original,https://docs.un.org/S/PV.10041,https://ydsftksff8.execute-api.us-east-1.amazonaws.com/dev/render_meeting/scmeetings_2025/EN,false,verbatim_document_variant_not_unique_meeting,public_2025_or_2026_meeting_index_entry,not_inferred_from_same_topic_alone,not_estimated
S/PV.10042,S/PV.10042,2025-11-13,2025,Reports of the Secretary-General on the Sudan and South Sudan,UNMISS,original,https://docs.un.org/S/PV.10042,https://ydsftksff8.execute-api.us-east-1.amazonaws.com/dev/render_meeting/scmeetings_2025/EN,false,verbatim_document_variant_not_unique_meeting,public_2025_or_2026_meeting_index_entry,not_inferred_from_same_topic_alone,not_estimated
S/PV.10042/Resumption_1,S/PV.10042,2025-11-14,2025,Reports of the Secretary-General on the Sudan and South Sudan,UNMISS,resumption,https://docs.un.org/S/PV.10042 (Resumption 1),https://ydsftksff8.execute-api.us-east-1.amazonaws.com/dev/render_meeting/scmeetings_2025/EN,true,verbatim_document_variant_not_unique_meeting,public_2025_or_2026_meeting_index_entry,not_inferred_from_same_topic_alone,not_estimated
S/PV.10043,S/PV.10043,2025-11-14,2025,Implementation of the note by the President of the Security Council (S/2024/507),OTHER_COUNCIL_AGENDA,original,https://docs.un.org/S/PV.10043,https://ydsftksff8.execute-api.us-east-1.amazonaws.com/dev/render_meeting/scmeetings_2025/EN,false,verbatim_document_variant_not_unique_meeting,public_2025_or_2026_meeting_index_entry,not_inferred_from_same_topic_alone,not_estimated
S/PV.10043/Resumption_1,S/PV.10043,2025-11-14,2025,Implementation of the note by the President of the Security Council (S/2024/507),OTHER_COUNCIL_AGENDA,resumption,https://docs.un.org/S/PV.10043 (Resumption 1),https://ydsftksff8.execute-api.us-east-1.amazonaws.com/dev/render_meeting/scmeetings_2025/EN,true,verbatim_document_variant_not_unique_meeting,public_2025_or_2026_meeting_index_entry,not_inferred_from_same_topic_alone,not_estimated
S/PV.10044,S/PV.10044,2025-11-14,2025,The situation in the Middle East,OTHER_COUNCIL_AGENDA,original,https://docs.un.org/S/PV.10044,https://ydsftksff8.execute-api.us-east-1.amazonaws.com/dev/render_meeting/scmeetings_2025/EN,false,verbatim_document_variant_not_unique_meeting,public_2025_or_2026_meeting_index_entry,not_inferred_from_same_topic_alone,not_estimated
S/PV.10045,S/PV.10045,2025-11-17,2025,Threats to international peace and security,OTHER_COUNCIL_AGENDA,original,https://docs.un.org/S/PV.10045,https://ydsftksff8.execute-api.us-east-1.amazonaws.com/dev/render_meeting/scmeetings_2025/EN,false,verbatim_document_variant_not_unique_meeting,public_2025_or_2026_meeting_index_entry,not_inferred_from_same_topic_alone,not_estimated
S/PV.10046,S/PV.10046,2025-11-17,2025,"The situation in the Middle East, including the Palestinian question",OTHER_COUNCIL_AGENDA,original,https://docs.un.org/S/PV.10046,https://ydsftksff8.execute-api.us-east-1.amazonaws.com/dev/render_meeting/scmeetings_2025/EN,false,verbatim_document_variant_not_unique_meeting,public_2025_or_2026_meeting_index_entry,not_inferred_from_same_topic_alone,not_estimated
S/PV.10045/Resumption_1,S/PV.10045,2025-11-18,2025,Threats to international peace and security,OTHER_COUNCIL_AGENDA,resumption,https://docs.un.org/S/PV.10045 (Resumption 1),https://ydsftksff8.execute-api.us-east-1.amazonaws.com/dev/render_meeting/scmeetings_2025/EN,true,verbatim_document_variant_not_unique_meeting,public_2025_or_2026_meeting_index_entry,not_inferred_from_same_topic_alone,not_estimated
S/PV.10047,S/PV.10047,2025-11-18,2025,Peace consolidation in West Africa,OTHER_COUNCIL_AGENDA,original,https://docs.un.org/S/PV.10047,https://ydsftksff8.execute-api.us-east-1.amazonaws.com/dev/render_meeting/scmeetings_2025/EN,false,verbatim_document_variant_not_unique_meeting,public_2025_or_2026_meeting_index_entry,not_inferred_from_same_topic_alone,not_estimated
S/PV.10048,S/PV.10048,2025-11-19,2025,The situation in the Middle East,OTHER_COUNCIL_AGENDA,original,https://docs.un.org/S/PV.10048,https://ydsftksff8.execute-api.us-east-1.amazonaws.com/dev/render_meeting/scmeetings_2025/EN,false,verbatim_document_variant_not_unique_meeting,public_2025_or_2026_meeting_index_entry,not_inferred_from_same_topic_alone,not_estimated
S/PV.10049,S/PV.10049,2025-11-19,2025,Briefings by Chairs of subsidiary bodies of the Security Council,OTHER_COUNCIL_AGENDA,original,https://docs.un.org/S/PV.10049,https://ydsftksff8.execute-api.us-east-1.amazonaws.com/dev/render_meeting/scmeetings_2025/EN,false,verbatim_document_variant_not_unique_meeting,public_2025_or_2026_meeting_index_entry,not_inferred_from_same_topic_alone,not_estimated
S/PV.10050,S/PV.10050,2025-11-20,2025,Maintenance of peace and security of Ukraine,OTHER_COUNCIL_AGENDA,original,https://docs.un.org/S/PV.10050,https://ydsftksff8.execute-api.us-east-1.amazonaws.com/dev/render_meeting/scmeetings_2025/EN,false,verbatim_document_variant_not_unique_meeting,public_2025_or_2026_meeting_index_entry,not_inferred_from_same_topic_alone,not_estimated
S/PV.10051,S/PV.10051,2025-11-24,2025,"The situation in the Middle East, including the Palestinian question",OTHER_COUNCIL_AGENDA,original,https://docs.un.org/S/PV.10051,https://ydsftksff8.execute-api.us-east-1.amazonaws.com/dev/render_meeting/scmeetings_2025/EN,false,verbatim_document_variant_not_unique_meeting,public_2025_or_2026_meeting_index_entry,not_inferred_from_same_topic_alone,not_estimated
S/PV.10052,S/PV.10052,2025-11-25,2025,The situation in Libya,UNSMIL,original,https://docs.un.org/S/PV.10052,https://ydsftksff8.execute-api.us-east-1.amazonaws.com/dev/render_meeting/scmeetings_2025/EN,false,verbatim_document_variant_not_unique_meeting,public_2025_or_2026_meeting_index_entry,not_inferred_from_same_topic_alone,not_estimated
S/PV.10053,S/PV.10053,2025-11-25,2025,The situation in Libya,UNSMIL,original,https://docs.un.org/S/PV.10053,https://ydsftksff8.execute-api.us-east-1.amazonaws.com/dev/render_meeting/scmeetings_2025/EN,false,verbatim_document_variant_not_unique_meeting,public_2025_or_2026_meeting_index_entry,not_inferred_from_same_topic_alone,not_estimated
S/PV.10054,S/PV.10054,2025-11-26,2025,Peacebuilding and sustaining peace,OTHER_COUNCIL_AGENDA,original,https://docs.un.org/S/PV.10054,https://ydsftksff8.execute-api.us-east-1.amazonaws.com/dev/render_meeting/scmeetings_2025/EN,false,verbatim_document_variant_not_unique_meeting,public_2025_or_2026_meeting_index_entry,not_inferred_from_same_topic_alone,not_estimated
S/PV.10055,S/PV.10055,2025-12-02,2025,The situation concerning Iraq,OTHER_COUNCIL_AGENDA,original,https://docs.un.org/S/PV.10055,https://ydsftksff8.execute-api.us-east-1.amazonaws.com/dev/render_meeting/scmeetings_2025/EN,false,verbatim_document_variant_not_unique_meeting,public_2025_or_2026_meeting_index_entry,not_inferred_from_same_topic_alone,not_estimated
S/PV.10056,S/PV.10056,2025-12-08,2025,Briefing by the Chairperson-in-Office of the Organization for Security and Cooperation in Europe,OTHER_COUNCIL_AGENDA,original,https://docs.un.org/S/PV.10056,https://ydsftksff8.execute-api.us-east-1.amazonaws.com/dev/render_meeting/scmeetings_2025/EN,false,verbatim_document_variant_not_unique_meeting,public_2025_or_2026_meeting_index_entry,not_inferred_from_same_topic_alone,not_estimated
S/PV.10057,S/PV.10057,2025-12-09,2025,Maintenance of peace and security of Ukraine,OTHER_COUNCIL_AGENDA,original,https://docs.un.org/S/PV.10057,https://ydsftksff8.execute-api.us-east-1.amazonaws.com/dev/render_meeting/scmeetings_2025/EN,false,verbatim_document_variant_not_unique_meeting,public_2025_or_2026_meeting_index_entry,not_inferred_from_same_topic_alone,not_estimated
S/PV.10058,S/PV.10058,2025-12-10,2025,The situation in Afghanistan,UNAMA,original,https://docs.un.org/S/PV.10058,https://ydsftksff8.execute-api.us-east-1.amazonaws.com/dev/render_meeting/scmeetings_2025/EN,false,verbatim_document_variant_not_unique_meeting,public_2025_or_2026_meeting_index_entry,not_inferred_from_same_topic_alone,not_estimated
S/PV.10059,S/PV.10059,2025-12-10,2025,International Residual Mechanism for Criminal Tribunals,OTHER_COUNCIL_AGENDA,original,https://docs.un.org/S/PV.10059,https://ydsftksff8.execute-api.us-east-1.amazonaws.com/dev/render_meeting/scmeetings_2025/EN,false,verbatim_document_variant_not_unique_meeting,public_2025_or_2026_meeting_index_entry,not_inferred_from_same_topic_alone,not_estimated
S/PV.10060,S/PV.10060,2025-12-11,2025,Central African region,OTHER_COUNCIL_AGENDA,original,https://docs.un.org/S/PV.10060,https://ydsftksff8.execute-api.us-east-1.amazonaws.com/dev/render_meeting/scmeetings_2025/EN,false,verbatim_document_variant_not_unique_meeting,public_2025_or_2026_meeting_index_entry,not_inferred_from_same_topic_alone,not_estimated
S/PV.10061,S/PV.10061,2025-12-11,2025,"Meeting of the Security Council with the troop- and police-contributing countries pursuant to resolution 1353 (2001), annex II, sections A and B",OTHER_COUNCIL_AGENDA,closed,https://docs.un.org/S/PV.10061,https://ydsftksff8.execute-api.us-east-1.amazonaws.com/dev/render_meeting/scmeetings_2025/EN,false,verbatim_document_variant_not_unique_meeting,public_2025_or_2026_meeting_index_entry,not_inferred_from_same_topic_alone,not_estimated
S/PV.10062,S/PV.10062,2025-12-11,2025,"Meeting of the Security Council with the troop- and police-contributing countries pursuant to resolution 1353 (2001), annex II, sections A and B",OTHER_COUNCIL_AGENDA,closed,https://docs.un.org/S/PV.10062,https://ydsftksff8.execute-api.us-east-1.amazonaws.com/dev/render_meeting/scmeetings_2025/EN,false,verbatim_document_variant_not_unique_meeting,public_2025_or_2026_meeting_index_entry,not_inferred_from_same_topic_alone,not_estimated
S/PV.10063,S/PV.10063,2025-12-12,2025,The situation concerning the Democratic Republic of the Congo,MONUSCO,original,https://docs.un.org/S/PV.10063,https://ydsftksff8.execute-api.us-east-1.amazonaws.com/dev/render_meeting/scmeetings_2025/EN,false,verbatim_document_variant_not_unique_meeting,public_2025_or_2026_meeting_index_entry,not_inferred_from_same_topic_alone,not_estimated
S/PV.10064,S/PV.10064,2025-12-12,2025,Peace and security in Africa,OTHER_COUNCIL_AGENDA,original,https://docs.un.org/S/PV.10064,https://ydsftksff8.execute-api.us-east-1.amazonaws.com/dev/render_meeting/scmeetings_2025/EN,false,verbatim_document_variant_not_unique_meeting,public_2025_or_2026_meeting_index_entry,not_inferred_from_same_topic_alone,not_estimated
S/PV.10065,S/PV.10065,2025-12-12,2025,Maintenance of international peace and security,OTHER_COUNCIL_AGENDA,original,https://docs.un.org/S/PV.10065,https://ydsftksff8.execute-api.us-east-1.amazonaws.com/dev/render_meeting/scmeetings_2025/EN,false,verbatim_document_variant_not_unique_meeting,public_2025_or_2026_meeting_index_entry,not_inferred_from_same_topic_alone,not_estimated
S/PV.10066,S/PV.10066,2025-12-12,2025,The question concerning Haiti,BINUH,original,https://docs.un.org/S/PV.10066,https://ydsftksff8.execute-api.us-east-1.amazonaws.com/dev/render_meeting/scmeetings_2025/EN,false,verbatim_document_variant_not_unique_meeting,public_2025_or_2026_meeting_index_entry,not_inferred_from_same_topic_alone,not_estimated
S/PV.10067,S/PV.10067,2025-12-15,2025,Maintenance of international peace and security,OTHER_COUNCIL_AGENDA,original,https://docs.un.org/S/PV.10067,https://ydsftksff8.execute-api.us-east-1.amazonaws.com/dev/render_meeting/scmeetings_2025/EN,false,verbatim_document_variant_not_unique_meeting,public_2025_or_2026_meeting_index_entry,not_inferred_from_same_topic_alone,not_estimated
S/PV.10067/Resumption_1,S/PV.10067,2025-12-15,2025,Maintenance of international peace and security,OTHER_COUNCIL_AGENDA,resumption,https://docs.un.org/S/PV.10067 (Resumption 1),https://ydsftksff8.execute-api.us-east-1.amazonaws.com/dev/render_meeting/scmeetings_2025/EN,true,verbatim_document_variant_not_unique_meeting,public_2025_or_2026_meeting_index_entry,not_inferred_from_same_topic_alone,not_estimated
S/PV.10068,S/PV.10068,2025-12-16,2025,"The situation in the Middle East, including the Palestinian question",OTHER_COUNCIL_AGENDA,original,https://docs.un.org/S/PV.10068,https://ydsftksff8.execute-api.us-east-1.amazonaws.com/dev/render_meeting/scmeetings_2025/EN,false,verbatim_document_variant_not_unique_meeting,public_2025_or_2026_meeting_index_entry,not_inferred_from_same_topic_alone,not_estimated
S/PV.10069,S/PV.10069,2025-12-17,2025,Peace and security in Africa,OTHER_COUNCIL_AGENDA,original,https://docs.un.org/S/PV.10069,https://ydsftksff8.execute-api.us-east-1.amazonaws.com/dev/render_meeting/scmeetings_2025/EN,false,verbatim_document_variant_not_unique_meeting,public_2025_or_2026_meeting_index_entry,not_inferred_from_same_topic_alone,not_estimated
S/PV.10070,S/PV.10070,2025-12-17,2025,Briefings by Chairs of subsidiary bodies of the Security Council,OTHER_COUNCIL_AGENDA,original,https://docs.un.org/S/PV.10070,https://ydsftksff8.execute-api.us-east-1.amazonaws.com/dev/render_meeting/scmeetings_2025/EN,false,verbatim_document_variant_not_unique_meeting,public_2025_or_2026_meeting_index_entry,not_inferred_from_same_topic_alone,not_estimated
S/PV.10071,S/PV.10071,2025-12-18,2025,Security Council mission,OTHER_COUNCIL_AGENDA,original,https://docs.un.org/S/PV.10071,https://ydsftksff8.execute-api.us-east-1.amazonaws.com/dev/render_meeting/scmeetings_2025/EN,false,verbatim_document_variant_not_unique_meeting,public_2025_or_2026_meeting_index_entry,not_inferred_from_same_topic_alone,not_estimated
S/PV.10072,S/PV.10072,2025-12-18,2025,The situation in the Middle East,OTHER_COUNCIL_AGENDA,original,https://docs.un.org/S/PV.10072,https://ydsftksff8.execute-api.us-east-1.amazonaws.com/dev/render_meeting/scmeetings_2025/EN,false,verbatim_document_variant_not_unique_meeting,public_2025_or_2026_meeting_index_entry,not_inferred_from_same_topic_alone,not_estimated
S/PV.10073,S/PV.10073,2025-12-18,2025,Peace consolidation in West Africa,OTHER_COUNCIL_AGENDA,original,https://docs.un.org/S/PV.10073,https://ydsftksff8.execute-api.us-east-1.amazonaws.com/dev/render_meeting/scmeetings_2025/EN,false,verbatim_document_variant_not_unique_meeting,public_2025_or_2026_meeting_index_entry,not_inferred_from_same_topic_alone,not_estimated
S/PV.10074,S/PV.10074,2025-12-19,2025,The situation in Libya,UNSMIL,original,https://docs.un.org/S/PV.10074,https://ydsftksff8.execute-api.us-east-1.amazonaws.com/dev/render_meeting/scmeetings_2025/EN,false,verbatim_document_variant_not_unique_meeting,public_2025_or_2026_meeting_index_entry,not_inferred_from_same_topic_alone,not_estimated
S/PV.10075,S/PV.10075,2025-12-19,2025,The situation concerning the Democratic Republic of the Congo,MONUSCO,original,https://docs.un.org/S/PV.10075,https://ydsftksff8.execute-api.us-east-1.amazonaws.com/dev/render_meeting/scmeetings_2025/EN,false,verbatim_document_variant_not_unique_meeting,public_2025_or_2026_meeting_index_entry,not_inferred_from_same_topic_alone,not_estimated
S/PV.10076,S/PV.10076,2025-12-22,2025,The situation in Myanmar,OTHER_COUNCIL_AGENDA,closed,https://docs.un.org/S/PV.10076,https://ydsftksff8.execute-api.us-east-1.amazonaws.com/dev/render_meeting/scmeetings_2025/EN,false,verbatim_document_variant_not_unique_meeting,public_2025_or_2026_meeting_index_entry,not_inferred_from_same_topic_alone,not_estimated
S/PV.10077,S/PV.10077,2025-12-22,2025,Reports of the Secretary-General on the Sudan and South Sudan,UNMISS,original,https://docs.un.org/S/PV.10077,https://ydsftksff8.execute-api.us-east-1.amazonaws.com/dev/render_meeting/scmeetings_2025/EN,false,verbatim_document_variant_not_unique_meeting,public_2025_or_2026_meeting_index_entry,not_inferred_from_same_topic_alone,not_estimated
S/PV.10078,S/PV.10078,2025-12-23,2025,The situation in Somalia,UNSOS_SOMALIA,original,https://docs.un.org/S/PV.10078,https://ydsftksff8.execute-api.us-east-1.amazonaws.com/dev/render_meeting/scmeetings_2025/EN,false,verbatim_document_variant_not_unique_meeting,public_2025_or_2026_meeting_index_entry,not_inferred_from_same_topic_alone,not_estimated
S/PV.10079,S/PV.10079,2025-12-23,2025,Non-proliferation,OTHER_COUNCIL_AGENDA,original,https://docs.un.org/S/PV.10079,https://ydsftksff8.execute-api.us-east-1.amazonaws.com/dev/render_meeting/scmeetings_2025/EN,false,verbatim_document_variant_not_unique_meeting,public_2025_or_2026_meeting_index_entry,not_inferred_from_same_topic_alone,not_estimated
S/PV.10080,S/PV.10080,2025-12-23,2025,Threats to international peace and security,OTHER_COUNCIL_AGENDA,original,https://docs.un.org/S/PV.10080,https://ydsftksff8.execute-api.us-east-1.amazonaws.com/dev/render_meeting/scmeetings_2025/EN,false,verbatim_document_variant_not_unique_meeting,public_2025_or_2026_meeting_index_entry,not_inferred_from_same_topic_alone,not_estimated
S/PV.10081,S/PV.10081,2025-12-29,2025,Threats to international peace and security caused by terrorist acts,COUNTERTERRORISM,original,https://docs.un.org/S/PV.10081,https://ydsftksff8.execute-api.us-east-1.amazonaws.com/dev/render_meeting/scmeetings_2025/EN,false,verbatim_document_variant_not_unique_meeting,public_2025_or_2026_meeting_index_entry,not_inferred_from_same_topic_alone,not_estimated
S/PV.10082,S/PV.10082,2025-12-29,2025,The situation in Bosnia and Herzegovina,OTHER_COUNCIL_AGENDA,original,https://docs.un.org/S/PV.10082,https://ydsftksff8.execute-api.us-east-1.amazonaws.com/dev/render_meeting/scmeetings_2025/EN,false,verbatim_document_variant_not_unique_meeting,public_2025_or_2026_meeting_index_entry,not_inferred_from_same_topic_alone,not_estimated
S/PV.10083,S/PV.10083,2025-12-29,2025,The situation in the Middle East,OTHER_COUNCIL_AGENDA,original,https://docs.un.org/S/PV.10083,https://ydsftksff8.execute-api.us-east-1.amazonaws.com/dev/render_meeting/scmeetings_2025/EN,false,verbatim_document_variant_not_unique_meeting,public_2025_or_2026_meeting_index_entry,not_inferred_from_same_topic_alone,not_estimated
S/PV.10084,S/PV.10084,2025-12-29,2025,Threats to international peace and security,OTHER_COUNCIL_AGENDA,original,https://docs.un.org/S/PV.10084,https://ydsftksff8.execute-api.us-east-1.amazonaws.com/dev/render_meeting/scmeetings_2025/EN,false,verbatim_document_variant_not_unique_meeting,public_2025_or_2026_meeting_index_entry,not_inferred_from_same_topic_alone,not_estimated
S/PV.10085,S/PV.10085,2026-01-05,2026,Threats to international peace and security,OTHER_COUNCIL_AGENDA,original,https://docs.un.org/S/PV.10085,https://ydsftksff8.execute-api.us-east-1.amazonaws.com/dev/render_meeting/scmeetings_2026/EN,false,verbatim_document_variant_not_unique_meeting,public_2025_or_2026_meeting_index_entry,not_inferred_from_same_topic_alone,not_estimated
S/PV.10086,S/PV.10086,2026-01-08,2026,The situation in the Middle East,OTHER_COUNCIL_AGENDA,original,https://docs.un.org/S/PV.10086,https://ydsftksff8.execute-api.us-east-1.amazonaws.com/dev/render_meeting/scmeetings_2026/EN,false,verbatim_document_variant_not_unique_meeting,public_2025_or_2026_meeting_index_entry,not_inferred_from_same_topic_alone,not_estimated
S/PV.10087,S/PV.10087,2026-01-12,2026,Maintenance of peace and security of Ukraine,OTHER_COUNCIL_AGENDA,original,https://docs.un.org/S/PV.10087,https://ydsftksff8.execute-api.us-east-1.amazonaws.com/dev/render_meeting/scmeetings_2026/EN,false,verbatim_document_variant_not_unique_meeting,public_2025_or_2026_meeting_index_entry,not_inferred_from_same_topic_alone,not_estimated
S/PV.10088,S/PV.10088,2026-01-13,2026,"Meeting of the Security Council with the troop- and police-contributing countries pursuant to resolution 1353 (2001), annex II, sections A and B",OTHER_COUNCIL_AGENDA,closed,https://docs.un.org/S/PV.10088,https://ydsftksff8.execute-api.us-east-1.amazonaws.com/dev/render_meeting/scmeetings_2026/EN,false,verbatim_document_variant_not_unique_meeting,public_2025_or_2026_meeting_index_entry,not_inferred_from_same_topic_alone,not_estimated
S/PV.10089,S/PV.10089,2026-01-14,2026,Maintenance of international peace and security,OTHER_COUNCIL_AGENDA,original,https://docs.un.org/S/PV.10089,https://ydsftksff8.execute-api.us-east-1.amazonaws.com/dev/render_meeting/scmeetings_2026/EN,false,verbatim_document_variant_not_unique_meeting,public_2025_or_2026_meeting_index_entry,not_inferred_from_same_topic_alone,not_estimated
S/PV.10090,S/PV.10090,2026-01-14,2026,The situation in the Middle East,OTHER_COUNCIL_AGENDA,original,https://docs.un.org/S/PV.10090,https://ydsftksff8.execute-api.us-east-1.amazonaws.com/dev/render_meeting/scmeetings_2026/EN,false,verbatim_document_variant_not_unique_meeting,public_2025_or_2026_meeting_index_entry,not_inferred_from_same_topic_alone,not_estimated
S/PV.10091,S/PV.10091,2026-01-15,2026,The situation in the Middle East,OTHER_COUNCIL_AGENDA,original,https://docs.un.org/S/PV.10091,https://ydsftksff8.execute-api.us-east-1.amazonaws.com/dev/render_meeting/scmeetings_2026/EN,false,verbatim_document_variant_not_unique_meeting,public_2025_or_2026_meeting_index_entry,not_inferred_from_same_topic_alone,not_estimated
S/PV.10092,S/PV.10092,2026-01-19,2026,Reports of the Secretary-General on the Sudan and South Sudan,UNMISS,original,https://docs.un.org/S/PV.10092,https://ydsftksff8.execute-api.us-east-1.amazonaws.com/dev/render_meeting/scmeetings_2026/EN,false,verbatim_document_variant_not_unique_meeting,public_2025_or_2026_meeting_index_entry,not_inferred_from_same_topic_alone,not_estimated
S/PV.10093,S/PV.10093,2026-01-21,2026,The question concerning Haiti,BINUH,original,https://docs.un.org/S/PV.10093,https://ydsftksff8.execute-api.us-east-1.amazonaws.com/dev/render_meeting/scmeetings_2026/EN,false,verbatim_document_variant_not_unique_meeting,public_2025_or_2026_meeting_index_entry,not_inferred_from_same_topic_alone,not_estimated
S/PV.10094,S/PV.10094,2026-01-22,2026,The situation in the Middle East,OTHER_COUNCIL_AGENDA,original,https://docs.un.org/S/PV.10094,https://ydsftksff8.execute-api.us-east-1.amazonaws.com/dev/render_meeting/scmeetings_2026/EN,false,verbatim_document_variant_not_unique_meeting,public_2025_or_2026_meeting_index_entry,not_inferred_from_same_topic_alone,not_estimated
S/PV.10095,S/PV.10095,2026-01-23,2026,Identical letters dated 19 January 2016 from the Permanent Representative of Colombia to the United Nations addressed to the Secretary-General and the President of the Security Council (S/2016/53),COLOMBIA,original,https://docs.un.org/S/PV.10095,https://ydsftksff8.execute-api.us-east-1.amazonaws.com/dev/render_meeting/scmeetings_2026/EN,false,verbatim_document_variant_not_unique_meeting,public_2025_or_2026_meeting_index_entry,not_inferred_from_same_topic_alone,not_estimated
S/PV.10096,S/PV.10096,2026-01-26,2026,The promotion and strengthening of the rule of law in the maintenance of  international peace and security,OTHER_COUNCIL_AGENDA,original,https://docs.un.org/S/PV.10096,https://ydsftksff8.execute-api.us-east-1.amazonaws.com/dev/render_meeting/scmeetings_2026/EN,false,verbatim_document_variant_not_unique_meeting,public_2025_or_2026_meeting_index_entry,not_inferred_from_same_topic_alone,not_estimated
S/PV.10096/Resumption_1,S/PV.10096,2026-01-26,2026,The promotion and strengthening of the rule of law in the maintenance of  international peace and security,OTHER_COUNCIL_AGENDA,resumption,https://docs.un.org/S/PV.10096 (Resumption 1),https://ydsftksff8.execute-api.us-east-1.amazonaws.com/dev/render_meeting/scmeetings_2026/EN,true,verbatim_document_variant_not_unique_meeting,public_2025_or_2026_meeting_index_entry,not_inferred_from_same_topic_alone,not_estimated
S/PV.10096/Resumption_2,S/PV.10096,2026-01-27,2026,The promotion and strengthening of the rule of law in the maintenance of  international peace and security,OTHER_COUNCIL_AGENDA,resumption,https://docs.un.org/S/PV.10096 (Resumption 2),https://ydsftksff8.execute-api.us-east-1.amazonaws.com/dev/render_meeting/scmeetings_2026/EN,true,verbatim_document_variant_not_unique_meeting,public_2025_or_2026_meeting_index_entry,not_inferred_from_same_topic_alone,not_estimated
S/PV.10097,S/PV.10097,2026-01-27,2026,The situation in the Middle East,OTHER_COUNCIL_AGENDA,original,https://docs.un.org/S/PV.10097,https://ydsftksff8.execute-api.us-east-1.amazonaws.com/dev/render_meeting/scmeetings_2026/EN,false,verbatim_document_variant_not_unique_meeting,public_2025_or_2026_meeting_index_entry,not_inferred_from_same_topic_alone,not_estimated
S/PV.10098,S/PV.10098,2026-01-28,2026,"The situation in the Middle East, including the Palestinian question",OTHER_COUNCIL_AGENDA,original,https://docs.un.org/S/PV.10098,https://ydsftksff8.execute-api.us-east-1.amazonaws.com/dev/render_meeting/scmeetings_2026/EN,false,verbatim_document_variant_not_unique_meeting,public_2025_or_2026_meeting_index_entry,not_inferred_from_same_topic_alone,not_estimated
S/PV.10098/Resumption_1,S/PV.10098,2026-01-28,2026,"The situation in the Middle East, including the Palestinian question",OTHER_COUNCIL_AGENDA,resumption,https://docs.un.org/S/PV.10098 (Resumption 1),https://ydsftksff8.execute-api.us-east-1.amazonaws.com/dev/render_meeting/scmeetings_2026/EN,true,verbatim_document_variant_not_unique_meeting,public_2025_or_2026_meeting_index_entry,not_inferred_from_same_topic_alone,not_estimated
S/PV.10098/Resumption_2,S/PV.10098,2026-01-29,2026,"The situation in the Middle East, including the Palestinian question",OTHER_COUNCIL_AGENDA,resumption,https://docs.un.org/S/PV.10098 (Resumption 2),https://ydsftksff8.execute-api.us-east-1.amazonaws.com/dev/render_meeting/scmeetings_2026/EN,true,verbatim_document_variant_not_unique_meeting,public_2025_or_2026_meeting_index_entry,not_inferred_from_same_topic_alone,not_estimated
S/PV.10099,S/PV.10099,2026-01-29,2026,The question concerning Haiti,BINUH,original,https://docs.un.org/S/PV.10099,https://ydsftksff8.execute-api.us-east-1.amazonaws.com/dev/render_meeting/scmeetings_2026/EN,false,verbatim_document_variant_not_unique_meeting,public_2025_or_2026_meeting_index_entry,not_inferred_from_same_topic_alone,not_estimated
S/PV.10100,S/PV.10100,2026-01-30,2026,The situation in Cyprus,UNFICYP_CYPRUS,original,https://docs.un.org/S/PV.10100,https://ydsftksff8.execute-api.us-east-1.amazonaws.com/dev/render_meeting/scmeetings_2026/EN,false,verbatim_document_variant_not_unique_meeting,public_2025_or_2026_meeting_index_entry,not_inferred_from_same_topic_alone,not_estimated
S/PV.10101,S/PV.10101,2026-02-04,2026,Threats to international peace and security caused by terrorist acts,COUNTERTERRORISM,original,https://docs.un.org/S/PV.10101,https://ydsftksff8.execute-api.us-east-1.amazonaws.com/dev/render_meeting/scmeetings_2026/EN,false,verbatim_document_variant_not_unique_meeting,public_2025_or_2026_meeting_index_entry,not_inferred_from_same_topic_alone,not_estimated
S/PV.10102,S/PV.10102,2026-02-05,2026,United Nations peacekeeping operations,CROSS_CUTTING_PEACE_OPERATIONS,original,https://docs.un.org/S/PV.10102,https://ydsftksff8.execute-api.us-east-1.amazonaws.com/dev/render_meeting/scmeetings_2026/EN,false,verbatim_document_variant_not_unique_meeting,public_2025_or_2026_meeting_index_entry,not_inferred_from_same_topic_alone,not_estimated
S/PV.10103,S/PV.10103,2026-02-10,2026,Reports of the Secretary-General on the Sudan and South Sudan,UNMISS,original,https://docs.un.org/S/PV.10103,https://ydsftksff8.execute-api.us-east-1.amazonaws.com/dev/render_meeting/scmeetings_2026/EN,false,verbatim_document_variant_not_unique_meeting,public_2025_or_2026_meeting_index_entry,not_inferred_from_same_topic_alone,not_estimated
S/PV.10104,S/PV.10104,2026-02-12,2026,Threats to international peace and security caused by terrorist acts,COUNTERTERRORISM,original,https://docs.un.org/S/PV.10104,https://ydsftksff8.execute-api.us-east-1.amazonaws.com/dev/render_meeting/scmeetings_2026/EN,false,verbatim_document_variant_not_unique_meeting,public_2025_or_2026_meeting_index_entry,not_inferred_from_same_topic_alone,not_estimated
S/PV.10105,S/PV.10105,2026-02-12,2026,The situation in the Middle East,OTHER_COUNCIL_AGENDA,original,https://docs.un.org/S/PV.10105,https://ydsftksff8.execute-api.us-east-1.amazonaws.com/dev/render_meeting/scmeetings_2026/EN,false,verbatim_document_variant_not_unique_meeting,public_2025_or_2026_meeting_index_entry,not_inferred_from_same_topic_alone,not_estimated
S/PV.10106,S/PV.10106,2026-02-13,2026,The situation in the Middle East,OTHER_COUNCIL_AGENDA,original,https://docs.un.org/S/PV.10106,https://ydsftksff8.execute-api.us-east-1.amazonaws.com/dev/render_meeting/scmeetings_2026/EN,false,verbatim_document_variant_not_unique_meeting,public_2025_or_2026_meeting_index_entry,not_inferred_from_same_topic_alone,not_estimated
S/PV.10107,S/PV.10107,2026-02-18,2026,The situation in Libya,UNSMIL,original,https://docs.un.org/S/PV.10107,https://ydsftksff8.execute-api.us-east-1.amazonaws.com/dev/render_meeting/scmeetings_2026/EN,false,verbatim_document_variant_not_unique_meeting,public_2025_or_2026_meeting_index_entry,not_inferred_from_same_topic_alone,not_estimated
S/PV.10108,S/PV.10108,2026-02-18,2026,"The situation in the Middle East, including the Palestinian question",OTHER_COUNCIL_AGENDA,original,https://docs.un.org/S/PV.10108,https://ydsftksff8.execute-api.us-east-1.amazonaws.com/dev/render_meeting/scmeetings_2026/EN,false,verbatim_document_variant_not_unique_meeting,public_2025_or_2026_meeting_index_entry,not_inferred_from_same_topic_alone,not_estimated
S/PV.10109,S/PV.10109,2026-02-19,2026,Reports of the Secretary-General on the Sudan and South Sudan,UNMISS,original,https://docs.un.org/S/PV.10109,https://ydsftksff8.execute-api.us-east-1.amazonaws.com/dev/render_meeting/scmeetings_2026/EN,false,verbatim_document_variant_not_unique_meeting,public_2025_or_2026_meeting_index_entry,not_inferred_from_same_topic_alone,not_estimated
S/PV.10110,S/PV.10110,2026-02-24,2026,Maintenance of peace and security of Ukraine,OTHER_COUNCIL_AGENDA,original,https://docs.un.org/S/PV.10110,https://ydsftksff8.execute-api.us-east-1.amazonaws.com/dev/render_meeting/scmeetings_2026/EN,false,verbatim_document_variant_not_unique_meeting,public_2025_or_2026_meeting_index_entry,not_inferred_from_same_topic_alone,not_estimated
S/PV.10111,S/PV.10111,2026-02-25,2026,The situation in the Central African Republic,MINUSCA,original,https://docs.un.org/S/PV.10111,https://ydsftksff8.execute-api.us-east-1.amazonaws.com/dev/render_meeting/scmeetings_2026/EN,false,verbatim_document_variant_not_unique_meeting,public_2025_or_2026_meeting_index_entry,not_inferred_from_same_topic_alone,not_estimated
S/PV.10112,S/PV.10112,2026-02-28,2026,The situation in the Middle East,OTHER_COUNCIL_AGENDA,original,https://docs.un.org/S/PV.10112,https://ydsftksff8.execute-api.us-east-1.amazonaws.com/dev/render_meeting/scmeetings_2026/EN,false,verbatim_document_variant_not_unique_meeting,public_2025_or_2026_meeting_index_entry,not_inferred_from_same_topic_alone,not_estimated
S/PV.10113,S/PV.10113,2026-03-02,2026,Maintenance of international peace and security,OTHER_COUNCIL_AGENDA,original,https://docs.un.org/S/PV.10113,https://ydsftksff8.execute-api.us-east-1.amazonaws.com/dev/render_meeting/scmeetings_2026/EN,false,verbatim_document_variant_not_unique_meeting,public_2025_or_2026_meeting_index_entry,not_inferred_from_same_topic_alone,not_estimated
S/PV.10114,S/PV.10114,2026-03-05,2026,Maintenance of international peace and security,OTHER_COUNCIL_AGENDA,original,https://docs.un.org/S/PV.10114,https://ydsftksff8.execute-api.us-east-1.amazonaws.com/dev/render_meeting/scmeetings_2026/EN,false,verbatim_document_variant_not_unique_meeting,public_2025_or_2026_meeting_index_entry,not_inferred_from_same_topic_alone,not_estimated
S/PV.10115,S/PV.10115,2026-03-06,2026,The situation in Myanmar,OTHER_COUNCIL_AGENDA,closed,https://docs.un.org/S/PV.10115,https://ydsftksff8.execute-api.us-east-1.amazonaws.com/dev/render_meeting/scmeetings_2026/EN,false,verbatim_document_variant_not_unique_meeting,public_2025_or_2026_meeting_index_entry,not_inferred_from_same_topic_alone,not_estimated
S/PV.10116,S/PV.10116,2026-03-09,2026,The situation in Afghanistan,UNAMA,original,https://docs.un.org/S/PV.10116,https://ydsftksff8.execute-api.us-east-1.amazonaws.com/dev/render_meeting/scmeetings_2026/EN,false,verbatim_document_variant_not_unique_meeting,public_2025_or_2026_meeting_index_entry,not_inferred_from_same_topic_alone,not_estimated
S/PV.10117,S/PV.10117,2026-03-10,2026,The situation in the Middle East,OTHER_COUNCIL_AGENDA,original,https://docs.un.org/S/PV.10117,https://ydsftksff8.execute-api.us-east-1.amazonaws.com/dev/render_meeting/scmeetings_2026/EN,false,verbatim_document_variant_not_unique_meeting,public_2025_or_2026_meeting_index_entry,not_inferred_from_same_topic_alone,not_estimated
S/PV.10118,S/PV.10118,2026-03-11,2026,The situation in the Middle East,OTHER_COUNCIL_AGENDA,original,https://docs.un.org/S/PV.10118,https://ydsftksff8.execute-api.us-east-1.amazonaws.com/dev/render_meeting/scmeetings_2026/EN,false,verbatim_document_variant_not_unique_meeting,public_2025_or_2026_meeting_index_entry,not_inferred_from_same_topic_alone,not_estimated
S/PV.10119,S/PV.10119,2026-03-11,2026,The situation in the Middle East,OTHER_COUNCIL_AGENDA,original,https://docs.un.org/S/PV.10119,https://ydsftksff8.execute-api.us-east-1.amazonaws.com/dev/render_meeting/scmeetings_2026/EN,false,verbatim_document_variant_not_unique_meeting,public_2025_or_2026_meeting_index_entry,not_inferred_from_same_topic_alone,not_estimated
S/PV.10120,S/PV.10120,2026-03-12,2026,Non-proliferation,OTHER_COUNCIL_AGENDA,original,https://docs.un.org/S/PV.10120,https://ydsftksff8.execute-api.us-east-1.amazonaws.com/dev/render_meeting/scmeetings_2026/EN,false,verbatim_document_variant_not_unique_meeting,public_2025_or_2026_meeting_index_entry,not_inferred_from_same_topic_alone,not_estimated
S/PV.10121,S/PV.10121,2026-03-16,2026,The situation in Afghanistan,UNAMA,original,https://docs.un.org/S/PV.10121,https://ydsftksff8.execute-api.us-east-1.amazonaws.com/dev/render_meeting/scmeetings_2026/EN,false,verbatim_document_variant_not_unique_meeting,public_2025_or_2026_meeting_index_entry,not_inferred_from_same_topic_alone,not_estimated
S/PV.10122,S/PV.10122,2026-03-16,2026,Non-proliferation of weapons of mass destruction,OTHER_COUNCIL_AGENDA,original,https://docs.un.org/S/PV.10122,https://ydsftksff8.execute-api.us-east-1.amazonaws.com/dev/render_meeting/scmeetings_2026/EN,false,verbatim_document_variant_not_unique_meeting,public_2025_or_2026_meeting_index_entry,not_inferred_from_same_topic_alone,not_estimated
S/PV.10123,S/PV.10123,2026-03-18,2026,The situation in the Middle East,OTHER_COUNCIL_AGENDA,original,https://docs.un.org/S/PV.10123,https://ydsftksff8.execute-api.us-east-1.amazonaws.com/dev/render_meeting/scmeetings_2026/EN,false,verbatim_document_variant_not_unique_meeting,public_2025_or_2026_meeting_index_entry,not_inferred_from_same_topic_alone,not_estimated
S/PV.10124,S/PV.10124,2026-03-23,2026,Maintenance of peace and security of Ukraine,OTHER_COUNCIL_AGENDA,original,https://docs.un.org/S/PV.10124,https://ydsftksff8.execute-api.us-east-1.amazonaws.com/dev/render_meeting/scmeetings_2026/EN,false,verbatim_document_variant_not_unique_meeting,public_2025_or_2026_meeting_index_entry,not_inferred_from_same_topic_alone,not_estimated
S/PV.10125,S/PV.10125,2026-03-24,2026,"The situation in the Middle East, including the Palestinian question",OTHER_COUNCIL_AGENDA,original,https://docs.un.org/S/PV.10125,https://ydsftksff8.execute-api.us-east-1.amazonaws.com/dev/render_meeting/scmeetings_2026/EN,false,verbatim_document_variant_not_unique_meeting,public_2025_or_2026_meeting_index_entry,not_inferred_from_same_topic_alone,not_estimated
S/PV.10126,S/PV.10126,2026-03-26,2026,The situation concerning the Democratic Republic of the Congo,MONUSCO,original,https://docs.un.org/S/PV.10126,https://ydsftksff8.execute-api.us-east-1.amazonaws.com/dev/render_meeting/scmeetings_2026/EN,false,verbatim_document_variant_not_unique_meeting,public_2025_or_2026_meeting_index_entry,not_inferred_from_same_topic_alone,not_estimated
S/PV.10127,S/PV.10127,2026-03-31,2026,The situation in the Middle East,OTHER_COUNCIL_AGENDA,original,https://docs.un.org/S/PV.10127,https://ydsftksff8.execute-api.us-east-1.amazonaws.com/dev/render_meeting/scmeetings_2026/EN,false,verbatim_document_variant_not_unique_meeting,public_2025_or_2026_meeting_index_entry,not_inferred_from_same_topic_alone,not_estimated
S/PV.10128,S/PV.10128,2026-04-02,2026,Cooperation between the United Nations and regional and subregional organizations in maintaining international peace and security,OTHER_COUNCIL_AGENDA,original,https://docs.un.org/S/PV.10128,https://ydsftksff8.execute-api.us-east-1.amazonaws.com/dev/render_meeting/scmeetings_2026/EN,false,verbatim_document_variant_not_unique_meeting,public_2025_or_2026_meeting_index_entry,not_inferred_from_same_topic_alone,not_estimated
S/PV.10129,S/PV.10129,2026-04-02,2026,Cooperation between the United Nations and regional and subregional organizations in maintaining international peace and security,OTHER_COUNCIL_AGENDA,original,https://docs.un.org/S/PV.10129,https://ydsftksff8.execute-api.us-east-1.amazonaws.com/dev/render_meeting/scmeetings_2026/EN,false,verbatim_document_variant_not_unique_meeting,public_2025_or_2026_meeting_index_entry,not_inferred_from_same_topic_alone,not_estimated
S/PV.10130,S/PV.10130,2026-04-07,2026,The situation in the Middle East,OTHER_COUNCIL_AGENDA,original,https://docs.un.org/S/PV.10130,https://ydsftksff8.execute-api.us-east-1.amazonaws.com/dev/render_meeting/scmeetings_2026/EN,false,verbatim_document_variant_not_unique_meeting,public_2025_or_2026_meeting_index_entry,not_inferred_from_same_topic_alone,not_estimated
S/PV.10131,S/PV.10131,2026-04-08,2026,Protection of civilians in armed conflict,OTHER_COUNCIL_AGENDA,original,https://docs.un.org/S/PV.10131,https://ydsftksff8.execute-api.us-east-1.amazonaws.com/dev/render_meeting/scmeetings_2026/EN,false,verbatim_document_variant_not_unique_meeting,public_2025_or_2026_meeting_index_entry,not_inferred_from_same_topic_alone,not_estimated
S/PV.10132,S/PV.10132,2026-04-09,2026,"Security Council resolutions 1160 (1998), 1199 (1998), 1203 (1998), 1239 (1999) and 1244 (1999)",OTHER_COUNCIL_AGENDA,original,https://docs.un.org/S/PV.10132,https://ydsftksff8.execute-api.us-east-1.amazonaws.com/dev/render_meeting/scmeetings_2026/EN,false,verbatim_document_variant_not_unique_meeting,public_2025_or_2026_meeting_index_entry,not_inferred_from_same_topic_alone,not_estimated
S/PV.10133,S/PV.10133,2026-04-13,2026,Cooperation between the United Nations and regional and subregional organizations in maintaining international peace and security,OTHER_COUNCIL_AGENDA,original,https://docs.un.org/S/PV.10133,https://ydsftksff8.execute-api.us-east-1.amazonaws.com/dev/render_meeting/scmeetings_2026/EN,false,verbatim_document_variant_not_unique_meeting,public_2025_or_2026_meeting_index_entry,not_inferred_from_same_topic_alone,not_estimated
S/PV.10134,S/PV.10134,2026-04-14,2026,The situation in Libya,UNSMIL,original,https://docs.un.org/S/PV.10134,https://ydsftksff8.execute-api.us-east-1.amazonaws.com/dev/render_meeting/scmeetings_2026/EN,false,verbatim_document_variant_not_unique_meeting,public_2025_or_2026_meeting_index_entry,not_inferred_from_same_topic_alone,not_estimated
S/PV.10135,S/PV.10135,2026-04-14,2026,The situation in the Middle East,OTHER_COUNCIL_AGENDA,original,https://docs.un.org/S/PV.10135,https://ydsftksff8.execute-api.us-east-1.amazonaws.com/dev/render_meeting/scmeetings_2026/EN,false,verbatim_document_variant_not_unique_meeting,public_2025_or_2026_meeting_index_entry,not_inferred_from_same_topic_alone,not_estimated
S/PV.10136,S/PV.10136,2026-04-15,2026,The situation in the Great Lakes region,OTHER_COUNCIL_AGENDA,original,https://docs.un.org/S/PV.10136,https://ydsftksff8.execute-api.us-east-1.amazonaws.com/dev/render_meeting/scmeetings_2026/EN,false,verbatim_document_variant_not_unique_meeting,public_2025_or_2026_meeting_index_entry,not_inferred_from_same_topic_alone,not_estimated
S/PV.10137,S/PV.10137,2026-04-15,2026,United Nations peacekeeping operations,CROSS_CUTTING_PEACE_OPERATIONS,original,https://docs.un.org/S/PV.10137,https://ydsftksff8.execute-api.us-east-1.amazonaws.com/dev/render_meeting/scmeetings_2026/EN,false,verbatim_document_variant_not_unique_meeting,public_2025_or_2026_meeting_index_entry,not_inferred_from_same_topic_alone,not_estimated
S/PV.10138,S/PV.10138,2026-04-16,2026,"Meeting of the Security Council with the troop- and police-contributing countries pursuant to resolution 1353 (2001), annex II, sections A and B",OTHER_COUNCIL_AGENDA,closed,https://docs.un.org/S/PV.10138,https://ydsftksff8.execute-api.us-east-1.amazonaws.com/dev/render_meeting/scmeetings_2026/EN,false,verbatim_document_variant_not_unique_meeting,public_2025_or_2026_meeting_index_entry,not_inferred_from_same_topic_alone,not_estimated
S/PV.10139,S/PV.10139,2026-04-17,2026,Reports of the Secretary-General on the Sudan and South Sudan,UNMISS,original,https://docs.un.org/S/PV.10139,https://ydsftksff8.execute-api.us-east-1.amazonaws.com/dev/render_meeting/scmeetings_2026/EN,false,verbatim_document_variant_not_unique_meeting,public_2025_or_2026_meeting_index_entry,not_inferred_from_same_topic_alone,not_estimated
S/PV.10140,S/PV.10140,2026-04-20,2026,Maintenance of peace and security of Ukraine,OTHER_COUNCIL_AGENDA,original,https://docs.un.org/S/PV.10140,https://ydsftksff8.execute-api.us-east-1.amazonaws.com/dev/render_meeting/scmeetings_2026/EN,false,verbatim_document_variant_not_unique_meeting,public_2025_or_2026_meeting_index_entry,not_inferred_from_same_topic_alone,not_estimated
S/PV.10141,S/PV.10141,2026-04-21,2026,Identical letters dated 19 January 2016 from the Permanent Representative of Colombia to the United Nations addressed to the Secretary-General and the President of the Security Council (S/2016/53),COLOMBIA,original,https://docs.un.org/S/PV.10141,https://ydsftksff8.execute-api.us-east-1.amazonaws.com/dev/render_meeting/scmeetings_2026/EN,false,verbatim_document_variant_not_unique_meeting,public_2025_or_2026_meeting_index_entry,not_inferred_from_same_topic_alone,not_estimated
S/PV.10142,S/PV.10142,2026-04-22,2026,The situation in Libya,UNSMIL,original,https://docs.un.org/S/PV.10142,https://ydsftksff8.execute-api.us-east-1.amazonaws.com/dev/render_meeting/scmeetings_2026/EN,false,verbatim_document_variant_not_unique_meeting,public_2025_or_2026_meeting_index_entry,not_inferred_from_same_topic_alone,not_estimated
S/PV.10143,S/PV.10143,2026-04-22,2026,The situation in the Middle East,OTHER_COUNCIL_AGENDA,original,https://docs.un.org/S/PV.10143,https://ydsftksff8.execute-api.us-east-1.amazonaws.com/dev/render_meeting/scmeetings_2026/EN,false,verbatim_document_variant_not_unique_meeting,public_2025_or_2026_meeting_index_entry,not_inferred_from_same_topic_alone,not_estimated
S/PV.10144,S/PV.10144,2026-04-23,2026,The question concerning Haiti,BINUH,original,https://docs.un.org/S/PV.10144,https://ydsftksff8.execute-api.us-east-1.amazonaws.com/dev/render_meeting/scmeetings_2026/EN,false,verbatim_document_variant_not_unique_meeting,public_2025_or_2026_meeting_index_entry,not_inferred_from_same_topic_alone,not_estimated
S/PV.10145,S/PV.10145,2026-04-27,2026,Maintenance of international peace and security,OTHER_COUNCIL_AGENDA,original,https://docs.un.org/S/PV.10145,https://ydsftksff8.execute-api.us-east-1.amazonaws.com/dev/render_meeting/scmeetings_2026/EN,false,verbatim_document_variant_not_unique_meeting,public_2025_or_2026_meeting_index_entry,not_inferred_from_same_topic_alone,not_estimated
S/PV.10145/Resumption_1,S/PV.10145,2026-04-27,2026,Maintenance of international peace and security,OTHER_COUNCIL_AGENDA,resumption,https://docs.un.org/S/PV.10145 (Resumption 1),https://ydsftksff8.execute-api.us-east-1.amazonaws.com/dev/render_meeting/scmeetings_2026/EN,true,verbatim_document_variant_not_unique_meeting,public_2025_or_2026_meeting_index_entry,not_inferred_from_same_topic_alone,not_estimated
S/PV.10146,S/PV.10146,2026-04-28,2026,"The situation in the Middle East, including the Palestinian question",OTHER_COUNCIL_AGENDA,original,https://docs.un.org/S/PV.10146,https://ydsftksff8.execute-api.us-east-1.amazonaws.com/dev/render_meeting/scmeetings_2026/EN,false,verbatim_document_variant_not_unique_meeting,public_2025_or_2026_meeting_index_entry,not_inferred_from_same_topic_alone,not_estimated
S/PV.10146/Resumption_1,S/PV.10146,2026-04-28,2026,"The situation in the Middle East, including the Palestinian question",OTHER_COUNCIL_AGENDA,resumption,https://docs.un.org/S/PV.10146 (Resumption 1),https://ydsftksff8.execute-api.us-east-1.amazonaws.com/dev/render_meeting/scmeetings_2026/EN,true,verbatim_document_variant_not_unique_meeting,public_2025_or_2026_meeting_index_entry,not_inferred_from_same_topic_alone,not_estimated
S/PV.10145/Resumption_2,S/PV.10145,2026-04-29,2026,Maintenance of international peace and security,OTHER_COUNCIL_AGENDA,resumption,https://docs.un.org/S/PV.10145 (Resumption 2),https://ydsftksff8.execute-api.us-east-1.amazonaws.com/dev/render_meeting/scmeetings_2026/EN,true,verbatim_document_variant_not_unique_meeting,public_2025_or_2026_meeting_index_entry,not_inferred_from_same_topic_alone,not_estimated
S/PV.10146/Resumption_2,S/PV.10146,2026-04-30,2026,"The situation in the Middle East, including the Palestinian question",OTHER_COUNCIL_AGENDA,resumption,https://docs.un.org/S/PV.10146 (Resumption 2),https://ydsftksff8.execute-api.us-east-1.amazonaws.com/dev/render_meeting/scmeetings_2026/EN,true,verbatim_document_variant_not_unique_meeting,public_2025_or_2026_meeting_index_entry,not_inferred_from_same_topic_alone,not_estimated
S/PV.10147,S/PV.10147,2026-04-30,2026,Non-proliferation/Democratic People's Republic of Korea,OTHER_COUNCIL_AGENDA,original,https://docs.un.org/S/PV.10147,https://ydsftksff8.execute-api.us-east-1.amazonaws.com/dev/render_meeting/scmeetings_2026/EN,false,verbatim_document_variant_not_unique_meeting,public_2025_or_2026_meeting_index_entry,not_inferred_from_same_topic_alone,not_estimated
S/PV.10148,S/PV.10148,2026-04-30,2026,Reports of the Secretary-General on the Sudan and South Sudan,UNMISS,original,https://docs.un.org/S/PV.10148,https://ydsftksff8.execute-api.us-east-1.amazonaws.com/dev/render_meeting/scmeetings_2026/EN,false,verbatim_document_variant_not_unique_meeting,public_2025_or_2026_meeting_index_entry,not_inferred_from_same_topic_alone,not_estimated
S/PV.10149,S/PV.10149,2026-05-07,2026,Reports of the Secretary-General on the Sudan and South Sudan,UNMISS,original,https://docs.un.org/S/PV.10149,https://ydsftksff8.execute-api.us-east-1.amazonaws.com/dev/render_meeting/scmeetings_2026/EN,false,verbatim_document_variant_not_unique_meeting,public_2025_or_2026_meeting_index_entry,not_inferred_from_same_topic_alone,not_estimated
S/PV.10150,S/PV.10150,2026-05-12,2026,The situation in Bosnia and Herzegovina,OTHER_COUNCIL_AGENDA,original,https://docs.un.org/S/PV.10150,https://ydsftksff8.execute-api.us-east-1.amazonaws.com/dev/render_meeting/scmeetings_2026/EN,false,verbatim_document_variant_not_unique_meeting,public_2025_or_2026_meeting_index_entry,not_inferred_from_same_topic_alone,not_estimated
S/PV.10151,S/PV.10151,2026-05-15,2026,The situation in the Middle East,OTHER_COUNCIL_AGENDA,original,https://docs.un.org/S/PV.10151,https://ydsftksff8.execute-api.us-east-1.amazonaws.com/dev/render_meeting/scmeetings_2026/EN,false,verbatim_document_variant_not_unique_meeting,public_2025_or_2026_meeting_index_entry,not_inferred_from_same_topic_alone,not_estimated
S/PV.10152,S/PV.10152,2026-05-19,2026,Maintenance of peace and security of Ukraine,OTHER_COUNCIL_AGENDA,original,https://docs.un.org/S/PV.10152,https://ydsftksff8.execute-api.us-east-1.amazonaws.com/dev/render_meeting/scmeetings_2026/EN,false,verbatim_document_variant_not_unique_meeting,public_2025_or_2026_meeting_index_entry,not_inferred_from_same_topic_alone,not_estimated
S/PV.10153,S/PV.10153,2026-05-19,2026,The situation in the Middle East,OTHER_COUNCIL_AGENDA,original,https://docs.un.org/S/PV.10153,https://ydsftksff8.execute-api.us-east-1.amazonaws.com/dev/render_meeting/scmeetings_2026/EN,false,verbatim_document_variant_not_unique_meeting,public_2025_or_2026_meeting_index_entry,not_inferred_from_same_topic_alone,not_estimated
S/PV.10154,S/PV.10154,2026-05-20,2026,Protection of civilians in armed conflict,OTHER_COUNCIL_AGENDA,original,https://docs.un.org/S/PV.10154,https://ydsftksff8.execute-api.us-east-1.amazonaws.com/dev/render_meeting/scmeetings_2026/EN,false,verbatim_document_variant_not_unique_meeting,public_2025_or_2026_meeting_index_entry,not_inferred_from_same_topic_alone,not_estimated
S/PV.10154/Resumption_1,S/PV.10154,2026-05-20,2026,Protection of civilians in armed conflict,OTHER_COUNCIL_AGENDA,resumption,https://docs.un.org/S/PV.10154 (Resumption 1),https://ydsftksff8.execute-api.us-east-1.amazonaws.com/dev/render_meeting/scmeetings_2026/EN,true,verbatim_document_variant_not_unique_meeting,public_2025_or_2026_meeting_index_entry,not_inferred_from_same_topic_alone,not_estimated
S/PV.10154/Resumption_2,S/PV.10154,2026-05-21,2026,Protection of civilians in armed conflict,OTHER_COUNCIL_AGENDA,resumption,https://docs.un.org/S/PV.10154 (Resumption 2),https://ydsftksff8.execute-api.us-east-1.amazonaws.com/dev/render_meeting/scmeetings_2026/EN,true,verbatim_document_variant_not_unique_meeting,public_2025_or_2026_meeting_index_entry,not_inferred_from_same_topic_alone,not_estimated
S/PV.10155,S/PV.10155,2026-05-21,2026,"The situation in the Middle East, including the Palestinian question",OTHER_COUNCIL_AGENDA,original,https://docs.un.org/S/PV.10155,https://ydsftksff8.execute-api.us-east-1.amazonaws.com/dev/render_meeting/scmeetings_2026/EN,false,verbatim_document_variant_not_unique_meeting,public_2025_or_2026_meeting_index_entry,not_inferred_from_same_topic_alone,not_estimated
S/PV.10156,S/PV.10156,2026-05-22,2026,Consideration of the draft report of the Security Council to the General Assembly,OTHER_COUNCIL_AGENDA,original,https://docs.un.org/S/PV.10156,https://ydsftksff8.execute-api.us-east-1.amazonaws.com/dev/render_meeting/scmeetings_2026/EN,false,verbatim_document_variant_not_unique_meeting,public_2025_or_2026_meeting_index_entry,not_inferred_from_same_topic_alone,not_estimated
S/PV.10157,S/PV.10157,2026-05-22,2026,The situation in Libya,UNSMIL,original,https://docs.un.org/S/PV.10157,https://ydsftksff8.execute-api.us-east-1.amazonaws.com/dev/render_meeting/scmeetings_2026/EN,false,verbatim_document_variant_not_unique_meeting,public_2025_or_2026_meeting_index_entry,not_inferred_from_same_topic_alone,not_estimated
S/PV.10158,S/PV.10158,2026-05-22,2026,Threats to international peace and security,OTHER_COUNCIL_AGENDA,original,https://docs.un.org/S/PV.10158,https://ydsftksff8.execute-api.us-east-1.amazonaws.com/dev/render_meeting/scmeetings_2026/EN,false,verbatim_document_variant_not_unique_meeting,public_2025_or_2026_meeting_index_entry,not_inferred_from_same_topic_alone,not_estimated
S/PV.10159,S/PV.10159,2026-05-26,2026,Maintenance of international peace and security,OTHER_COUNCIL_AGENDA,original,https://docs.un.org/S/PV.10159,https://ydsftksff8.execute-api.us-east-1.amazonaws.com/dev/render_meeting/scmeetings_2026/EN,false,verbatim_document_variant_not_unique_meeting,public_2025_or_2026_meeting_index_entry,not_inferred_from_same_topic_alone,not_estimated
S/PV.10159/Resumption_1,S/PV.10159,2026-05-26,2026,Maintenance of international peace and security,OTHER_COUNCIL_AGENDA,resumption,https://docs.un.org/S/PV.10159 (Resumption 1),https://ydsftksff8.execute-api.us-east-1.amazonaws.com/dev/render_meeting/scmeetings_2026/EN,true,verbatim_document_variant_not_unique_meeting,public_2025_or_2026_meeting_index_entry,not_inferred_from_same_topic_alone,not_estimated
S/PV.10159/Resumption_2,S/PV.10159,2026-05-28,2026,Maintenance of international peace and security,OTHER_COUNCIL_AGENDA,resumption,https://docs.un.org/S/PV.10159 (Resumption 2),https://ydsftksff8.execute-api.us-east-1.amazonaws.com/dev/render_meeting/scmeetings_2026/EN,true,verbatim_document_variant_not_unique_meeting,public_2025_or_2026_meeting_index_entry,not_inferred_from_same_topic_alone,not_estimated
S/PV.10160,S/PV.10160,2026-05-28,2026,Maintenance of peace and security of Ukraine,OTHER_COUNCIL_AGENDA,original,https://docs.un.org/S/PV.10160,https://ydsftksff8.execute-api.us-east-1.amazonaws.com/dev/render_meeting/scmeetings_2026/EN,false,verbatim_document_variant_not_unique_meeting,public_2025_or_2026_meeting_index_entry,not_inferred_from_same_topic_alone,not_estimated
S/PV.10161,S/PV.10161,2026-05-29,2026,Reports of the Secretary-General on the Sudan and South Sudan,UNMISS,original,https://docs.un.org/S/PV.10161,https://ydsftksff8.execute-api.us-east-1.amazonaws.com/dev/render_meeting/scmeetings_2026/EN,false,verbatim_document_variant_not_unique_meeting,public_2025_or_2026_meeting_index_entry,not_inferred_from_same_topic_alone,not_estimated
S/PV.10162,S/PV.10162,2026-06-01,2026,Threats to international peace and security,OTHER_COUNCIL_AGENDA,original,https://docs.un.org/S/PV.10162,https://ydsftksff8.execute-api.us-east-1.amazonaws.com/dev/render_meeting/scmeetings_2026/EN,false,verbatim_document_variant_not_unique_meeting,public_2025_or_2026_meeting_index_entry,not_inferred_from_same_topic_alone,not_estimated
S/PV.10163,S/PV.10163,2026-06-01,2026,The situation in the Middle East,OTHER_COUNCIL_AGENDA,original,https://docs.un.org/S/PV.10163,https://ydsftksff8.execute-api.us-east-1.amazonaws.com/dev/render_meeting/scmeetings_2026/EN,false,verbatim_document_variant_not_unique_meeting,public_2025_or_2026_meeting_index_entry,not_inferred_from_same_topic_alone,not_estimated
S/PV.10164,S/PV.10164,2026-06-04,2026,The situation in the Middle East,OTHER_COUNCIL_AGENDA,original,https://docs.un.org/S/PV.10164,https://ydsftksff8.execute-api.us-east-1.amazonaws.com/dev/render_meeting/scmeetings_2026/EN,false,verbatim_document_variant_not_unique_meeting,public_2025_or_2026_meeting_index_entry,not_inferred_from_same_topic_alone,not_estimated
S/PV.10165,S/PV.10165,2026-06-08,2026,The situation in Afghanistan,UNAMA,original,https://docs.un.org/S/PV.10165,https://ydsftksff8.execute-api.us-east-1.amazonaws.com/dev/render_meeting/scmeetings_2026/EN,false,verbatim_document_variant_not_unique_meeting,public_2025_or_2026_meeting_index_entry,not_inferred_from_same_topic_alone,not_estimated
S/PV.10166,S/PV.10166,2026-06-08,2026,Maintenance of peace and security of Ukraine,OTHER_COUNCIL_AGENDA,original,https://docs.un.org/S/PV.10166,https://ydsftksff8.execute-api.us-east-1.amazonaws.com/dev/render_meeting/scmeetings_2026/EN,false,verbatim_document_variant_not_unique_meeting,public_2025_or_2026_meeting_index_entry,not_inferred_from_same_topic_alone,not_estimated
S/PV.10167,S/PV.10167,2026-06-09,2026,Central African region,OTHER_COUNCIL_AGENDA,original,https://docs.un.org/S/PV.10167,https://ydsftksff8.execute-api.us-east-1.amazonaws.com/dev/render_meeting/scmeetings_2026/EN,false,verbatim_document_variant_not_unique_meeting,public_2025_or_2026_meeting_index_entry,not_inferred_from_same_topic_alone,not_estimated
S/PV.10168,S/PV.10168,2026-06-09,2026,Non-proliferation,OTHER_COUNCIL_AGENDA,original,https://docs.un.org/S/PV.10168,https://ydsftksff8.execute-api.us-east-1.amazonaws.com/dev/render_meeting/scmeetings_2026/EN,false,verbatim_document_variant_not_unique_meeting,public_2025_or_2026_meeting_index_entry,not_inferred_from_same_topic_alone,not_estimated
S/PV.10169,S/PV.10169,2026-06-10,2026,Maintenance of international peace and security,OTHER_COUNCIL_AGENDA,original,https://docs.un.org/S/PV.10169,https://ydsftksff8.execute-api.us-east-1.amazonaws.com/dev/render_meeting/scmeetings_2026/EN,false,verbatim_document_variant_not_unique_meeting,public_2025_or_2026_meeting_index_entry,not_inferred_from_same_topic_alone,not_estimated
S/PV.10169/Resumption_1,S/PV.10169,2026-06-10,2026,Maintenance of international peace and security,OTHER_COUNCIL_AGENDA,resumption,https://docs.un.org/S/PV.10169 (Resumption 1),https://ydsftksff8.execute-api.us-east-1.amazonaws.com/dev/render_meeting/scmeetings_2026/EN,true,verbatim_document_variant_not_unique_meeting,public_2025_or_2026_meeting_index_entry,not_inferred_from_same_topic_alone,not_estimated
S/PV.10169/Resumption_2,S/PV.10169,2026-06-11,2026,Maintenance of international peace and security,OTHER_COUNCIL_AGENDA,resumption,https://docs.un.org/S/PV.10169 (Resumption 2),https://ydsftksff8.execute-api.us-east-1.amazonaws.com/dev/render_meeting/scmeetings_2026/EN,true,verbatim_document_variant_not_unique_meeting,public_2025_or_2026_meeting_index_entry,not_inferred_from_same_topic_alone,not_estimated
S/PV.10170,S/PV.10170,2026-06-12,2026,International Residual Mechanism for Criminal Tribunals,OTHER_COUNCIL_AGENDA,original,https://docs.un.org/S/PV.10170,https://ydsftksff8.execute-api.us-east-1.amazonaws.com/dev/render_meeting/scmeetings_2026/EN,false,verbatim_document_variant_not_unique_meeting,public_2025_or_2026_meeting_index_entry,not_inferred_from_same_topic_alone,not_estimated
S/PV.10171,S/PV.10171,2026-06-15,2026,The situation in Afghanistan,UNAMA,original,https://docs.un.org/S/PV.10171,https://ydsftksff8.execute-api.us-east-1.amazonaws.com/dev/render_meeting/scmeetings_2026/EN,false,verbatim_document_variant_not_unique_meeting,public_2025_or_2026_meeting_index_entry,not_inferred_from_same_topic_alone,not_estimated
S/PV.10172,S/PV.10172,2026-06-15,2026,The situation in Somalia,UNSOS_SOMALIA,closed,https://docs.un.org/S/PV.10172,https://ydsftksff8.execute-api.us-east-1.amazonaws.com/dev/render_meeting/scmeetings_2026/EN,false,verbatim_document_variant_not_unique_meeting,public_2025_or_2026_meeting_index_entry,not_inferred_from_same_topic_alone,not_estimated
S/PV.10173,S/PV.10173,2026-06-15,2026,"Meeting of the Security Council with the troop- and police-contributing countries pursuant to resolution 1353 (2001), annex II, sections A and B",OTHER_COUNCIL_AGENDA,closed,https://docs.un.org/S/PV.10173,https://ydsftksff8.execute-api.us-east-1.amazonaws.com/dev/render_meeting/scmeetings_2026/EN,false,verbatim_document_variant_not_unique_meeting,public_2025_or_2026_meeting_index_entry,not_inferred_from_same_topic_alone,not_estimated
S/PV.10174,S/PV.10174,2026-06-16,2026,The situation in the Middle East,OTHER_COUNCIL_AGENDA,original,https://docs.un.org/S/PV.10174,https://ydsftksff8.execute-api.us-east-1.amazonaws.com/dev/render_meeting/scmeetings_2026/EN,false,verbatim_document_variant_not_unique_meeting,public_2025_or_2026_meeting_index_entry,not_inferred_from_same_topic_alone,not_estimated
S/PV.10175,S/PV.10175,2026-06-17,2026,Women and peace and security,WPS,original,https://docs.un.org/S/PV.10175,https://ydsftksff8.execute-api.us-east-1.amazonaws.com/dev/render_meeting/scmeetings_2026/EN,false,verbatim_document_variant_not_unique_meeting,public_2025_or_2026_meeting_index_entry,not_inferred_from_same_topic_alone,not_estimated
S/PV.10175/Resumption_1,S/PV.10175,2026-06-17,2026,Women and peace and security,WPS,resumption,https://docs.un.org/S/PV.10175 (Resumption 1),https://ydsftksff8.execute-api.us-east-1.amazonaws.com/dev/render_meeting/scmeetings_2026/EN,true,verbatim_document_variant_not_unique_meeting,public_2025_or_2026_meeting_index_entry,not_inferred_from_same_topic_alone,not_estimated
S/PV.10176,S/PV.10176,2026-06-18,2026,The situation in Libya,UNSMIL,original,https://docs.un.org/S/PV.10176,https://ydsftksff8.execute-api.us-east-1.amazonaws.com/dev/render_meeting/scmeetings_2026/EN,false,verbatim_document_variant_not_unique_meeting,public_2025_or_2026_meeting_index_entry,not_inferred_from_same_topic_alone,not_estimated
S/PV.10177,S/PV.10177,2026-06-18,2026,"The situation in the Middle East, including the Palestinian question",OTHER_COUNCIL_AGENDA,original,https://docs.un.org/S/PV.10177,https://ydsftksff8.execute-api.us-east-1.amazonaws.com/dev/render_meeting/scmeetings_2026/EN,false,verbatim_document_variant_not_unique_meeting,public_2025_or_2026_meeting_index_entry,not_inferred_from_same_topic_alone,not_estimated
S/PV.10175/Resumption_2,S/PV.10175,2026-06-19,2026,Women and peace and security,WPS,resumption,https://docs.un.org/S/PV.10175 (Resumption 2),https://ydsftksff8.execute-api.us-east-1.amazonaws.com/dev/render_meeting/scmeetings_2026/EN,true,verbatim_document_variant_not_unique_meeting,public_2025_or_2026_meeting_index_entry,not_inferred_from_same_topic_alone,not_estimated
S/PV.10178,S/PV.10178,2026-06-22,2026,The situation in the Middle East,OTHER_COUNCIL_AGENDA,original,https://docs.un.org/S/PV.10178,https://ydsftksff8.execute-api.us-east-1.amazonaws.com/dev/render_meeting/scmeetings_2026/EN,false,verbatim_document_variant_not_unique_meeting,public_2025_or_2026_meeting_index_entry,not_inferred_from_same_topic_alone,not_estimated
S/PV.10179,S/PV.10179,2026-06-22,2026,Maintenance of peace and security of Ukraine,OTHER_COUNCIL_AGENDA,original,https://docs.un.org/S/PV.10179,https://ydsftksff8.execute-api.us-east-1.amazonaws.com/dev/render_meeting/scmeetings_2026/EN,false,verbatim_document_variant_not_unique_meeting,public_2025_or_2026_meeting_index_entry,not_inferred_from_same_topic_alone,not_estimated
S/PV.10180,S/PV.10180,2026-06-23,2026,United Nations peacekeeping operations,CROSS_CUTTING_PEACE_OPERATIONS,original,https://docs.un.org/S/PV.10180,https://ydsftksff8.execute-api.us-east-1.amazonaws.com/dev/render_meeting/scmeetings_2026/EN,false,verbatim_document_variant_not_unique_meeting,public_2025_or_2026_meeting_index_entry,not_inferred_from_same_topic_alone,not_estimated
S/PV.10181,S/PV.10181,2026-06-23,2026,The situation in the Central African Republic,MINUSCA,original,https://docs.un.org/S/PV.10181,https://ydsftksff8.execute-api.us-east-1.amazonaws.com/dev/render_meeting/scmeetings_2026/EN,false,verbatim_document_variant_not_unique_meeting,public_2025_or_2026_meeting_index_entry,not_inferred_from_same_topic_alone,not_estimated
S/PV.10182,S/PV.10182,2026-06-24,2026,Children and armed conflict,OTHER_COUNCIL_AGENDA,original,https://docs.un.org/S/PV.10182,https://ydsftksff8.execute-api.us-east-1.amazonaws.com/dev/render_meeting/scmeetings_2026/EN,false,verbatim_document_variant_not_unique_meeting,public_2025_or_2026_meeting_index_entry,not_inferred_from_same_topic_alone,not_estimated
S/PV.10182/Resumption_1,S/PV.10182,2026-06-24,2026,Children and armed conflict,OTHER_COUNCIL_AGENDA,resumption,https://docs.un.org/S/PV.10182 (Resumption 1),https://ydsftksff8.execute-api.us-east-1.amazonaws.com/dev/render_meeting/scmeetings_2026/EN,true,verbatim_document_variant_not_unique_meeting,public_2025_or_2026_meeting_index_entry,not_inferred_from_same_topic_alone,not_estimated
S/PV.10182/Resumption_2,S/PV.10182,2026-06-25,2026,Children and armed conflict,OTHER_COUNCIL_AGENDA,resumption,https://docs.un.org/S/PV.10182 (Resumption 2),https://ydsftksff8.execute-api.us-east-1.amazonaws.com/dev/render_meeting/scmeetings_2026/EN,true,verbatim_document_variant_not_unique_meeting,public_2025_or_2026_meeting_index_entry,not_inferred_from_same_topic_alone,not_estimated
S/PV.10183,S/PV.10183,2026-06-25,2026,The situation in the Middle East,OTHER_COUNCIL_AGENDA,original,https://docs.un.org/S/PV.10183,https://ydsftksff8.execute-api.us-east-1.amazonaws.com/dev/render_meeting/scmeetings_2026/EN,false,verbatim_document_variant_not_unique_meeting,public_2025_or_2026_meeting_index_entry,not_inferred_from_same_topic_alone,not_estimated
S/PV.10184,S/PV.10184,2026-06-26,2026,Reports of the Secretary-General on the Sudan and South Sudan,UNMISS,original,https://docs.un.org/S/PV.10184,https://ydsftksff8.execute-api.us-east-1.amazonaws.com/dev/render_meeting/scmeetings_2026/EN,false,verbatim_document_variant_not_unique_meeting,public_2025_or_2026_meeting_index_entry,not_inferred_from_same_topic_alone,not_estimated
S/PV.10185,S/PV.10185,2026-06-26,2026,The situation concerning the Democratic Republic of the Congo,MONUSCO,original,https://docs.un.org/S/PV.10185,https://ydsftksff8.execute-api.us-east-1.amazonaws.com/dev/render_meeting/scmeetings_2026/EN,false,verbatim_document_variant_not_unique_meeting,public_2025_or_2026_meeting_index_entry,not_inferred_from_same_topic_alone,not_estimated
S/PV.10186,S/PV.10186,2026-06-29,2026,"The situation in the Middle East, including the Palestinian question",OTHER_COUNCIL_AGENDA,original,https://docs.un.org/S/PV.10186,https://ydsftksff8.execute-api.us-east-1.amazonaws.com/dev/render_meeting/scmeetings_2026/EN,false,verbatim_document_variant_not_unique_meeting,public_2025_or_2026_meeting_index_entry,not_inferred_from_same_topic_alone,not_estimated
S/PV.10187,S/PV.10187,2026-06-29,2026,Maintenance of international peace and security,OTHER_COUNCIL_AGENDA,original,https://docs.un.org/S/PV.10187,https://ydsftksff8.execute-api.us-east-1.amazonaws.com/dev/render_meeting/scmeetings_2026/EN,false,verbatim_document_variant_not_unique_meeting,public_2025_or_2026_meeting_index_entry,not_inferred_from_same_topic_alone,not_estimated
S/PV.10188,S/PV.10188,2026-06-29,2026,The situation concerning the Democratic Republic of the Congo,MONUSCO,original,https://docs.un.org/S/PV.10188,https://ydsftksff8.execute-api.us-east-1.amazonaws.com/dev/render_meeting/scmeetings_2026/EN,false,verbatim_document_variant_not_unique_meeting,public_2025_or_2026_meeting_index_entry,not_inferred_from_same_topic_alone,not_estimated
S/PV.10189,S/PV.10189,2026-07-02,2026,The situation in the Middle East,OTHER_COUNCIL_AGENDA,original,https://docs.un.org/S/PV.10189,https://ydsftksff8.execute-api.us-east-1.amazonaws.com/dev/render_meeting/scmeetings_2026/EN,false,verbatim_document_variant_not_unique_meeting,public_2025_or_2026_meeting_index_entry,not_inferred_from_same_topic_alone,not_estimated
S/PV.10190,S/PV.10190,2026-07-08,2026,Women and peace and security,WPS,original,https://docs.un.org/S/PV.10190,https://ydsftksff8.execute-api.us-east-1.amazonaws.com/dev/render_meeting/scmeetings_2026/EN,false,verbatim_document_variant_not_unique_meeting,public_2025_or_2026_meeting_index_entry,not_inferred_from_same_topic_alone,not_estimated
S/PV.10190/Resumption_1,S/PV.10190,2026-07-08,2026,Women and peace and security,WPS,resumption,https://docs.un.org/S/PV.10190 (Resumption 1),https://ydsftksff8.execute-api.us-east-1.amazonaws.com/dev/render_meeting/scmeetings_2026/EN,true,verbatim_document_variant_not_unique_meeting,public_2025_or_2026_meeting_index_entry,not_inferred_from_same_topic_alone,not_estimated
S/PV.10191,S/PV.10191,2026-07-09,2026,Maintenance of peace and security of Ukraine,OTHER_COUNCIL_AGENDA,original,https://docs.un.org/S/PV.10191,https://ydsftksff8.execute-api.us-east-1.amazonaws.com/dev/render_meeting/scmeetings_2026/EN,false,verbatim_document_variant_not_unique_meeting,public_2025_or_2026_meeting_index_entry,not_inferred_from_same_topic_alone,not_estimated
S/PV.10190/Resumption_2,S/PV.10190,2026-07-10,2026,Women and peace and security,WPS,resumption,https://docs.un.org/S/PV.10190 (Resumption 2),https://ydsftksff8.execute-api.us-east-1.amazonaws.com/dev/render_meeting/scmeetings_2026/EN,true,verbatim_document_variant_not_unique_meeting,public_2025_or_2026_meeting_index_entry,not_inferred_from_same_topic_alone,not_estimated
S/PV.10192,S/PV.10192,2026-07-10,2026,Non-proliferation,OTHER_COUNCIL_AGENDA,original,https://docs.un.org/S/PV.10192,https://ydsftksff8.execute-api.us-east-1.amazonaws.com/dev/render_meeting/scmeetings_2026/EN,false,verbatim_document_variant_not_unique_meeting,public_2025_or_2026_meeting_index_entry,not_inferred_from_same_topic_alone,not_estimated
S/PV.10193,S/PV.10193,2026-07-13,2026,The situation in the Middle East,OTHER_COUNCIL_AGENDA,original,https://docs.un.org/S/PV.10193,https://ydsftksff8.execute-api.us-east-1.amazonaws.com/dev/render_meeting/scmeetings_2026/EN,false,verbatim_document_variant_not_unique_meeting,public_2025_or_2026_meeting_index_entry,not_inferred_from_same_topic_alone,not_estimated
S/PV.10194,S/PV.10194,2026-07-14,2026,Maintenance of international peace and security,OTHER_COUNCIL_AGENDA,original,https://docs.un.org/S/PV.10194,https://ydsftksff8.execute-api.us-east-1.amazonaws.com/dev/render_meeting/scmeetings_2026/EN,false,verbatim_document_variant_not_unique_meeting,public_2025_or_2026_meeting_index_entry,not_inferred_from_same_topic_alone,not_estimated
S/PV.10195,S/PV.10195,2026-07-14,2026,Peace consolidation in West Africa,OTHER_COUNCIL_AGENDA,original,https://docs.un.org/S/PV.10195,https://ydsftksff8.execute-api.us-east-1.amazonaws.com/dev/render_meeting/scmeetings_2026/EN,false,verbatim_document_variant_not_unique_meeting,public_2025_or_2026_meeting_index_entry,not_inferred_from_same_topic_alone,not_estimated
S/PV.10196,S/PV.10196,2026-07-15,2026,Identical letters dated 19 January 2016 from the Permanent Representative of Colombia to the United Nations addressed to the Secretary-General and the President of the Security Council (S/2016/53),COLOMBIA,original,https://docs.un.org/S/PV.10196,https://ydsftksff8.execute-api.us-east-1.amazonaws.com/dev/render_meeting/scmeetings_2026/EN,false,verbatim_document_variant_not_unique_meeting,public_2025_or_2026_meeting_index_entry,not_inferred_from_same_topic_alone,not_estimated
S/PV.10197,S/PV.10197,2026-07-15,2026,Reports of the Secretary-General on the Sudan and South Sudan,UNMISS,original,https://docs.un.org/S/PV.10197,https://ydsftksff8.execute-api.us-east-1.amazonaws.com/dev/render_meeting/scmeetings_2026/EN,false,verbatim_document_variant_not_unique_meeting,public_2025_or_2026_meeting_index_entry,not_inferred_from_same_topic_alone,not_estimated
S/PV.10198,S/PV.10198,2026-07-20,2026,The question concerning Haiti,BINUH,original,https://docs.un.org/S/PV.10198,https://ydsftksff8.execute-api.us-east-1.amazonaws.com/dev/render_meeting/scmeetings_2026/EN,false,verbatim_document_variant_not_unique_meeting,public_2025_or_2026_meeting_index_entry,not_inferred_from_same_topic_alone,not_estimated
S/PV.10199,S/PV.10199,2026-07-21,2026,The situation in the Middle East,OTHER_COUNCIL_AGENDA,original,https://docs.un.org/S/PV.10199,https://ydsftksff8.execute-api.us-east-1.amazonaws.com/dev/render_meeting/scmeetings_2026/EN,false,verbatim_document_variant_not_unique_meeting,public_2025_or_2026_meeting_index_entry,not_inferred_from_same_topic_alone,not_estimated
S/PV.10200,S/PV.10200,2026-07-22,2026,Maintenance of international peace and security,OTHER_COUNCIL_AGENDA,original,https://docs.un.org/S/PV.10200,https://ydsftksff8.execute-api.us-east-1.amazonaws.com/dev/render_meeting/scmeetings_2026/EN,false,verbatim_document_variant_not_unique_meeting,public_2025_or_2026_meeting_index_entry,not_inferred_from_same_topic_alone,not_estimated
S/PV.10200/Resumption_1,S/PV.10200,2026-07-22,2026,Maintenance of international peace and security,OTHER_COUNCIL_AGENDA,resumption,https://docs.un.org/S/PV.10200 (Resumption 1),https://ydsftksff8.execute-api.us-east-1.amazonaws.com/dev/render_meeting/scmeetings_2026/EN,true,verbatim_document_variant_not_unique_meeting,public_2025_or_2026_meeting_index_entry,not_inferred_from_same_topic_alone,not_estimated
S/PV.10201,S/PV.10201,2026-07-23,2026,Maintenance of international peace and security,OTHER_COUNCIL_AGENDA,original,https://docs.un.org/S/PV.10201,https://ydsftksff8.execute-api.us-east-1.amazonaws.com/dev/render_meeting/scmeetings_2026/EN,false,verbatim_document_variant_not_unique_meeting,public_2025_or_2026_meeting_index_entry,not_inferred_from_same_topic_alone,not_estimated
S/PV.10201/Resumption_1,S/PV.10201,2026-07-23,2026,Maintenance of international peace and security,OTHER_COUNCIL_AGENDA,resumption,https://docs.un.org/S/PV.10201 (Resumption 1),https://ydsftksff8.execute-api.us-east-1.amazonaws.com/dev/render_meeting/scmeetings_2026/EN,true,verbatim_document_variant_not_unique_meeting,public_2025_or_2026_meeting_index_entry,not_inferred_from_same_topic_alone,not_estimated
S/PV.10202,S/PV.10202,2026-07-27,2026,Maintenance of peace and security of Ukraine,OTHER_COUNCIL_AGENDA,original,https://docs.un.org/S/PV.10202,https://ydsftksff8.execute-api.us-east-1.amazonaws.com/dev/render_meeting/scmeetings_2026/EN,false,verbatim_document_variant_not_unique_meeting,public_2025_or_2026_meeting_index_entry,not_inferred_from_same_topic_alone,not_estimated
S/PV.10203,S/PV.10203,2026-07-28,2026,"The situation in the Middle East, including the Palestinian question",OTHER_COUNCIL_AGENDA,original,https://docs.un.org/S/PV.10203,https://ydsftksff8.execute-api.us-east-1.amazonaws.com/dev/render_meeting/scmeetings_2026/EN,false,verbatim_document_variant_not_unique_meeting,public_2025_or_2026_meeting_index_entry,not_inferred_from_same_topic_alone,not_estimated
S/PV.10203/Resumption_1,S/PV.10203,2026-07-28,2026,"The situation in the Middle East, including the Palestinian question",OTHER_COUNCIL_AGENDA,resumption,https://docs.un.org/S/PV.10203 (Resumption 1),https://ydsftksff8.execute-api.us-east-1.amazonaws.com/dev/render_meeting/scmeetings_2026/EN,true,verbatim_document_variant_not_unique_meeting,public_2025_or_2026_meeting_index_entry,not_inferred_from_same_topic_alone,not_estimated
S/PV.10204,S/PV.10204,2026-07-29,2026,Peace and security in Africa,OTHER_COUNCIL_AGENDA,original,https://docs.un.org/S/PV.10204,https://ydsftksff8.execute-api.us-east-1.amazonaws.com/dev/render_meeting/scmeetings_2026/EN,false,verbatim_document_variant_not_unique_meeting,public_2025_or_2026_meeting_index_entry,not_inferred_from_same_topic_alone,not_estimated
S/PV.10205,S/PV.10205,2026-08-05,2026,Threats to international peace and security caused by terrorist acts,COUNTERTERRORISM,original,https://docs.un.org/S/PV.10205,https://ydsftksff8.execute-api.us-east-1.amazonaws.com/dev/render_meeting/scmeetings_2026/EN,false,verbatim_document_variant_not_unique_meeting,public_2025_or_2026_meeting_index_entry,not_inferred_from_same_topic_alone,not_estimated
S/PV.10206,S/PV.10206,2026-08-06,2026,Reports of the Secretary-General on the Sudan and South Sudan,UNMISS,original,https://docs.un.org/S/PV.10206,https://ydsftksff8.execute-api.us-east-1.amazonaws.com/dev/render_meeting/scmeetings_2026/EN,false,verbatim_document_variant_not_unique_meeting,public_2025_or_2026_meeting_index_entry,not_inferred_from_same_topic_alone,not_estimated
S/PV.10207,S/PV.10207,2026-08-11,2026,"The situation in the Middle East, including the Palestinian question",OTHER_COUNCIL_AGENDA,original,https://docs.un.org/S/PV.10207,https://ydsftksff8.execute-api.us-east-1.amazonaws.com/dev/render_meeting/scmeetings_2026/EN,false,verbatim_document_variant_not_unique_meeting,public_2025_or_2026_meeting_index_entry,not_inferred_from_same_topic_alone,not_estimated
S/PV.10208,S/PV.10208,2026-08-13,2026,The situation in the Middle East,OTHER_COUNCIL_AGENDA,original,https://docs.un.org/S/PV.10208,https://ydsftksff8.execute-api.us-east-1.amazonaws.com/dev/render_meeting/scmeetings_2026/EN,false,verbatim_document_variant_not_unique_meeting,public_2025_or_2026_meeting_index_entry,not_inferred_from_same_topic_alone,not_estimated
S/PV.10209,S/PV.10209,2026-08-18,2026,The situation in Libya,UNSMIL,original,https://docs.un.org/S/PV.10209,https://ydsftksff8.execute-api.us-east-1.amazonaws.com/dev/render_meeting/scmeetings_2026/EN,false,verbatim_document_variant_not_unique_meeting,public_2025_or_2026_meeting_index_entry,not_inferred_from_same_topic_alone,not_estimated
S/PV.10210,S/PV.10210,2026-08-19,2026,Implementation of the note by the President of the Security Council (S/2024/507),OTHER_COUNCIL_AGENDA,original,https://docs.un.org/S/PV.10210,https://ydsftksff8.execute-api.us-east-1.amazonaws.com/dev/render_meeting/scmeetings_2026/EN,false,verbatim_document_variant_not_unique_meeting,public_2025_or_2026_meeting_index_entry,not_inferred_from_same_topic_alone,not_estimated
S/PV.10210/Resumption_1,S/PV.10210,2026-08-19,2026,Implementation of the note by the President of the Security Council (S/2024/507),OTHER_COUNCIL_AGENDA,resumption,https://docs.un.org/S/PV.10210 (Resumption 1),https://ydsftksff8.execute-api.us-east-1.amazonaws.com/dev/render_meeting/scmeetings_2026/EN,true,verbatim_document_variant_not_unique_meeting,public_2025_or_2026_meeting_index_entry,not_inferred_from_same_topic_alone,not_estimated
S/PV.10211,S/PV.10211,2026-08-24,2026,Reports of the Secretary-General on the Sudan and South Sudan,UNMISS,original,https://docs.un.org/S/PV.10211,https://ydsftksff8.execute-api.us-east-1.amazonaws.com/dev/render_meeting/scmeetings_2026/EN,false,verbatim_document_variant_not_unique_meeting,public_2025_or_2026_meeting_index_entry,not_inferred_from_same_topic_alone,not_estimated
S/PV.10212,S/PV.10212,2026-08-24,2026,Maintenance of peace and security of Ukraine,OTHER_COUNCIL_AGENDA,original,https://docs.un.org/S/PV.10212,https://ydsftksff8.execute-api.us-east-1.amazonaws.com/dev/render_meeting/scmeetings_2026/EN,false,verbatim_document_variant_not_unique_meeting,public_2025_or_2026_meeting_index_entry,not_inferred_from_same_topic_alone,not_estimated
S/PV.10213,S/PV.10213,2026-08-25,2026,Maintenance of international peace and security,OTHER_COUNCIL_AGENDA,original,https://docs.un.org/S/PV.10213,https://ydsftksff8.execute-api.us-east-1.amazonaws.com/dev/render_meeting/scmeetings_2026/EN,false,verbatim_document_variant_not_unique_meeting,public_2025_or_2026_meeting_index_entry,not_inferred_from_same_topic_alone,not_estimated
S/PV.10213/Resumption_1,S/PV.10213,2026-08-25,2026,Maintenance of international peace and security,OTHER_COUNCIL_AGENDA,resumption,https://docs.un.org/S/PV.10213 (Resumption 1),https://ydsftksff8.execute-api.us-east-1.amazonaws.com/dev/render_meeting/scmeetings_2026/EN,true,verbatim_document_variant_not_unique_meeting,public_2025_or_2026_meeting_index_entry,not_inferred_from_same_topic_alone,not_estimated
S/PV.10213/Resumption_2,S/PV.10213,2026-08-26,2026,Maintenance of international peace and security,OTHER_COUNCIL_AGENDA,resumption,https://docs.un.org/S/PV.10213 (Resumption 2),https://ydsftksff8.execute-api.us-east-1.amazonaws.com/dev/render_meeting/scmeetings_2026/EN,true,verbatim_document_variant_not_unique_meeting,public_2025_or_2026_meeting_index_entry,not_inferred_from_same_topic_alone,not_estimated
S/PV.10214,S/PV.10214,2026-08-26,2026,"The situation in the Middle East, including the Palestinian question",OTHER_COUNCIL_AGENDA,original,https://docs.un.org/S/PV.10214,https://ydsftksff8.execute-api.us-east-1.amazonaws.com/dev/render_meeting/scmeetings_2026/EN,false,verbatim_document_variant_not_unique_meeting,public_2025_or_2026_meeting_index_entry,not_inferred_from_same_topic_alone,not_estimated
S/PV.10215,S/PV.10215,2026-08-27,2026,The situation in the Middle East,OTHER_COUNCIL_AGENDA,original,https://docs.un.org/S/PV.10215,https://ydsftksff8.execute-api.us-east-1.amazonaws.com/dev/render_meeting/scmeetings_2026/EN,false,verbatim_document_variant_not_unique_meeting,public_2025_or_2026_meeting_index_entry,not_inferred_from_same_topic_alone,not_estimated
S/PV.10216,S/PV.10216,2026-08-28,2026,The question concerning Haiti,BINUH,original,https://docs.un.org/S/PV.10216,https://ydsftksff8.execute-api.us-east-1.amazonaws.com/dev/render_meeting/scmeetings_2026/EN,false,verbatim_document_variant_not_unique_meeting,public_2025_or_2026_meeting_index_entry,not_inferred_from_same_topic_alone,not_estimated
S/PV.10217,S/PV.10217,2026-09-03,2026,The situation in the Middle East,OTHER_COUNCIL_AGENDA,original,https://docs.un.org/S/PV.10217,https://ydsftksff8.execute-api.us-east-1.amazonaws.com/dev/render_meeting/scmeetings_2026/EN,false,verbatim_document_variant_not_unique_meeting,public_2025_or_2026_meeting_index_entry,not_inferred_from_same_topic_alone,not_estimated
S/PV.10218,S/PV.10218,2026-09-10,2026,Non-proliferation,OTHER_COUNCIL_AGENDA,original,https://docs.un.org/S/PV.10218,https://ydsftksff8.execute-api.us-east-1.amazonaws.com/dev/render_meeting/scmeetings_2026/EN,false,verbatim_document_variant_not_unique_meeting,public_2025_or_2026_meeting_index_entry,not_inferred_from_same_topic_alone,not_estimated
S/PV.10219,S/PV.10219,2026-09-10,2026,The situation in the Middle East,OTHER_COUNCIL_AGENDA,original,https://docs.un.org/S/PV.10219,https://ydsftksff8.execute-api.us-east-1.amazonaws.com/dev/render_meeting/scmeetings_2026/EN,false,verbatim_document_variant_not_unique_meeting,public_2025_or_2026_meeting_index_entry,not_inferred_from_same_topic_alone,not_estimated
S/PV.10220,S/PV.10220,2026-09-11,2026,Reports of the Secretary-General on the Sudan and South Sudan,UNMISS,original,https://docs.un.org/S/PV.10220,https://ydsftksff8.execute-api.us-east-1.amazonaws.com/dev/render_meeting/scmeetings_2026/EN,false,verbatim_document_variant_not_unique_meeting,public_2025_or_2026_meeting_index_entry,not_inferred_from_same_topic_alone,not_estimated
S/PV.10221,S/PV.10221,2026-09-11,2026,Threats to international peace and security caused by terrorist acts,COUNTERTERRORISM,original,https://docs.un.org/S/PV.10221,https://ydsftksff8.execute-api.us-east-1.amazonaws.com/dev/render_meeting/scmeetings_2026/EN,false,verbatim_document_variant_not_unique_meeting,public_2025_or_2026_meeting_index_entry,not_inferred_from_same_topic_alone,not_estimated
S/PV.10222,S/PV.10222,2026-09-15,2026,The situation in the Middle East,OTHER_COUNCIL_AGENDA,original,https://docs.un.org/S/PV.10222,https://ydsftksff8.execute-api.us-east-1.amazonaws.com/dev/render_meeting/scmeetings_2026/EN,false,verbatim_document_variant_not_unique_meeting,public_2025_or_2026_meeting_index_entry,not_inferred_from_same_topic_alone,not_estimated
S/PV.10223,S/PV.10223,2026-09-16,2026,The situation in Afghanistan,UNAMA,original,https://docs.un.org/S/PV.10223,https://ydsftksff8.execute-api.us-east-1.amazonaws.com/dev/render_meeting/scmeetings_2026/EN,false,verbatim_document_variant_not_unique_meeting,public_2025_or_2026_meeting_index_entry,not_inferred_from_same_topic_alone,not_estimated
S/PV.10224,S/PV.10224,2026-09-17,2026,Non-proliferation,OTHER_COUNCIL_AGENDA,original,https://docs.un.org/S/PV.10224,https://ydsftksff8.execute-api.us-east-1.amazonaws.com/dev/render_meeting/scmeetings_2026/EN,false,verbatim_document_variant_not_unique_meeting,public_2025_or_2026_meeting_index_entry,not_inferred_from_same_topic_alone,not_estimated
S/PV.10225,S/PV.10225,2026-09-17,2026,The situation in the Middle East,OTHER_COUNCIL_AGENDA,original,https://docs.un.org/S/PV.10225,https://ydsftksff8.execute-api.us-east-1.amazonaws.com/dev/render_meeting/scmeetings_2026/EN,false,verbatim_document_variant_not_unique_meeting,public_2025_or_2026_meeting_index_entry,not_inferred_from_same_topic_alone,not_estimated
S/PV.10226,S/PV.10226,2026-09-18,2026,United Nations peacekeeping operations,CROSS_CUTTING_PEACE_OPERATIONS,original,https://docs.un.org/S/PV.10226,https://ydsftksff8.execute-api.us-east-1.amazonaws.com/dev/render_meeting/scmeetings_2026/EN,false,verbatim_document_variant_not_unique_meeting,public_2025_or_2026_meeting_index_entry,not_inferred_from_same_topic_alone,not_estimated
S/PV.10227,S/PV.10227,2026-09-23,2026,Maintenance of peace and security of Ukraine,OTHER_COUNCIL_AGENDA,original,https://docs.un.org/S/PV.10227,https://ydsftksff8.execute-api.us-east-1.amazonaws.com/dev/render_meeting/scmeetings_2026/EN,false,verbatim_document_variant_not_unique_meeting,public_2025_or_2026_meeting_index_entry,not_inferred_from_same_topic_alone,not_estimated
S/PV.10227/Resumption_1,S/PV.10227,2026-09-23,2026,Maintenance of peace and security of Ukraine,OTHER_COUNCIL_AGENDA,resumption,https://docs.un.org/S/PV.10227 (Resumption 1),https://ydsftksff8.execute-api.us-east-1.amazonaws.com/dev/render_meeting/scmeetings_2026/EN,true,verbatim_document_variant_not_unique_meeting,public_2025_or_2026_meeting_index_entry,not_inferred_from_same_topic_alone,not_estimated
S/PV.10228,S/PV.10228,2026-09-23,2026,Maintenance of international peace and security,OTHER_COUNCIL_AGENDA,original,https://docs.un.org/S/PV.10228,https://ydsftksff8.execute-api.us-east-1.amazonaws.com/dev/render_meeting/scmeetings_2026/EN,false,verbatim_document_variant_not_unique_meeting,public_2025_or_2026_meeting_index_entry,not_inferred_from_same_topic_alone,not_estimated
S/PV.10229,S/PV.10229,2026-09-25,2026,Briefing by the United Nations High Commissioner for Refugees,OTHER_COUNCIL_AGENDA,original,https://docs.un.org/S/PV.10229,https://ydsftksff8.execute-api.us-east-1.amazonaws.com/dev/render_meeting/scmeetings_2026/EN,false,verbatim_document_variant_not_unique_meeting,public_2025_or_2026_meeting_index_entry,not_inferred_from_same_topic_alone,not_estimated
S/PV.10230,S/PV.10230,2026-09-28,2026,"The situation in the Middle East, including the Palestinian question",OTHER_COUNCIL_AGENDA,original,https://docs.un.org/S/PV.10230,https://ydsftksff8.execute-api.us-east-1.amazonaws.com/dev/render_meeting/scmeetings_2026/EN,false,verbatim_document_variant_not_unique_meeting,public_2025_or_2026_meeting_index_entry,not_inferred_from_same_topic_alone,not_estimated
S/PV.10231,S/PV.10231,2026-09-29,2026,The question concerning Haiti,BINUH,original,https://docs.un.org/S/PV.10231,https://ydsftksff8.execute-api.us-east-1.amazonaws.com/dev/render_meeting/scmeetings_2026/EN,false,verbatim_document_variant_not_unique_meeting,public_2025_or_2026_meeting_index_entry,not_inferred_from_same_topic_alone,not_estimated
S/PV.10232,S/PV.10232,2026-09-29,2026,The situation concerning the Democratic Republic of the Congo,MONUSCO,original,https://docs.un.org/S/PV.10232,https://ydsftksff8.execute-api.us-east-1.amazonaws.com/dev/render_meeting/scmeetings_2026/EN,false,verbatim_document_variant_not_unique_meeting,public_2025_or_2026_meeting_index_entry,not_inferred_from_same_topic_alone,not_estimated
S/PV.10233,S/PV.10233,2026-10-06,2026,Cooperation between the United Nations and regional and subregional organizations in maintaining international peace and security,OTHER_COUNCIL_AGENDA,original,https://docs.un.org/S/PV.10233,https://ydsftksff8.execute-api.us-east-1.amazonaws.com/dev/render_meeting/scmeetings_2026/EN,false,verbatim_document_variant_not_unique_meeting,public_2025_or_2026_meeting_index_entry,not_inferred_from_same_topic_alone,not_estimated
S/PV.10234,S/PV.10234,2026-10-07,2026,"Meeting of the Security Council with the troop- and police-contributing countries pursuant to resolution 1353 (2001), annex II, sections A and B",OTHER_COUNCIL_AGENDA,closed,https://docs.un.org/S/PV.10234,https://ydsftksff8.execute-api.us-east-1.amazonaws.com/dev/render_meeting/scmeetings_2026/EN,false,verbatim_document_variant_not_unique_meeting,public_2025_or_2026_meeting_index_entry,not_inferred_from_same_topic_alone,not_estimated
S/PV.10235,S/PV.10235,2026-10-08,2026,Reports of the Secretary-General on the Sudan and South Sudan,UNMISS,original,https://docs.un.org/S/PV.10235,https://ydsftksff8.execute-api.us-east-1.amazonaws.com/dev/render_meeting/scmeetings_2026/EN,false,verbatim_document_variant_not_unique_meeting,public_2025_or_2026_meeting_index_entry,not_inferred_from_same_topic_alone,not_estimated
